platform,external_id,owner_iqama,vehicle,city,sponsor,status,sheet_row
JAHEZ,482478,2627168715,سيارة,الرياض,شركة اكسبرس جايت,نشط (Active),2
JAHEZ,482465,2627167543,سيارة,الرياض,شركة اكسبرس جايت,نشط (Active),3
JAHEZ,476833,2624714123,سيارة,الرياض,شركة اكسبرس جايت,نشط (Active),4
JAHEZ,482679,2624498370,سيارة,الرياض,شركة اكسبرس جايت,نشط (Active),5
JAHEZ,476761,2624498321,سيارة,الرياض,شركة اكسبرس جايت,غير نشط (Inactive),6
JAHEZ,476885,2623827850,سيارة,الرياض,شركة اكسبرس جايت,نشط (Active),7
JAHEZ,476832,2623793649,سيارة,الرياض,شركة اكسبرس جايت,نشط (Active),8
JAHEZ,484694,2623793433,سيارة,جدة,شركة اكسبرس جايت,نشط (Active),9
JAHEZ,476835,2623781321,سيارة,الرياض,شركة اكسبرس جايت,نشط (Active),10
JAHEZ,492330,2623542491,سيارة,الرياض,شركة اكسبرس جايت,نشط (Active),11
JAHEZ,472411,2622291686,سيارة,الرياض,شركة اكسبرس جايت,نشط (Active),12
JAHEZ,474564,2621484548,سيارة,جدة,شركة اكسبرس جايت,نشط (Active),13
JAHEZ,472406,2621321203,سيارة,الرياض,شركة اكسبرس جايت,نشط (Active),14
JAHEZ,476757,2621225396,سيارة,الرياض,شركة اكسبرس جايت,نشط (Active),15
JAHEZ,472426,2621224613,سيارة,الرياض,شركة اكسبرس جايت,نشط (Active),16
JAHEZ,472427,2621224373,سيارة,الرياض,شركة اكسبرس جايت,نشط (Active),17
JAHEZ,472412,2621110614,سيارة,جدة,شركة اكسبرس جايت,نشط (Active),18
JAHEZ,478626,2621094818,سيارة,جدة,شركة اكسبرس جايت,نشط (Active),19
JAHEZ,474573,2620882908,سيارة,جدة,شركة اكسبرس جايت,نشط (Active),20
JAHEZ,474574,2620868998,سيارة,جدة,شركة اكسبرس جايت,نشط (Active),21
JAHEZ,478675,2620778767,سيارة,جدة,شركة اكسبرس جايت,نشط (Active),22
JAHEZ,472428,2620688800,سيارة,الرياض,شركة اكسبرس جايت,نشط (Active),23
JAHEZ,474690,2620593968,سيارة,الرياض,شركة اكسبرس جايت,نشط (Active),24
JAHEZ,472838,2620274197,سيارة,الرياض,شركة اكسبرس جايت,غير نشط (Inactive),25
JAHEZ,472847,2620052452,سيارة,جدة,شركة اكسبرس جايت,غير نشط (Inactive),26
JAHEZ,474681,2620008447,سيارة,جدة,شركة اكسبرس جايت,غير نشط (Inactive),27
JAHEZ,474682,2620007464,سيارة,جدة,شركة اكسبرس جايت,نشط (Active),28
JAHEZ,472552,2619451707,سيارة,الرياض,شركة اكسبرس جايت,نشط (Active),29
JAHEZ,474701,2619448679,سيارة,الرياض,شركة اكسبرس جايت,نشط (Active),30
JAHEZ,492232,2619269471,سيارة,جدة,شركة اكسبرس جايت,نشط (Active),31
JAHEZ,472478,2618863134,سيارة,جدة,شركة اكسبرس جايت,نشط (Active),32
JAHEZ,472504,2618841361,سيارة,جدة,شركة اكسبرس جايت,نشط (Active),33
JAHEZ,472845,2618813436,سيارة,جدة,شركة اكسبرس جايت,نشط (Active),34
JAHEZ,472837,2618019182,سيارة,الرياض,شركة اكسبرس جايت,نشط (Active),35
JAHEZ,484490,2616612368,سيارة,جدة,شركة اكسبرس جايت,نشط (Active),36
JAHEZ,472616,2616110728,سيارة,جدة,شركة اكسبرس جايت,نشط (Active),37
JAHEZ,472971,2616040024,سيارة,جدة,شركة اكسبرس جايت,نشط (Active),38
JAHEZ,472786,2615982051,سيارة,الرياض,شركة اكسبرس جايت,نشط (Active),39
JAHEZ,474696,2615981905,سيارة,الرياض,شركة اكسبرس جايت,نشط (Active),40
JAHEZ,472769,2615930167,سيارة,جدة,شركة اكسبرس جايت,نشط (Active),41
JAHEZ,472409,2615560725,سيارة,الرياض,شركة اكسبرس جايت,غير نشط (Inactive),42
JAHEZ,472479,2615343882,سيارة,جدة,شركة اكسبرس جايت,نشط (Active),43
JAHEZ,472776,2614052658,سيارة,جدة,شركة اكسبرس جايت,نشط (Active),44
JAHEZ,472811,2614003578,سيارة,جدة,شركة اكسبرس جايت,نشط (Active),45
JAHEZ,472816,2613172812,سيارة,جدة,شركة اكسبرس جايت,نشط (Active),46
JAHEZ,474657,2612590345,سيارة,الرياض,شركة اكسبرس جايت,نشط (Active),47
JAHEZ,472482,2612557153,سيارة,الرياض,شركة اكسبرس جايت,نشط (Active),48
JAHEZ,472821,2612089009,سيارة,جدة,شركة اكسبرس جايت,نشط (Active),49
JAHEZ,472836,2609815044,سيارة,جدة,شركة اكسبرس جايت,نشط (Active),50
JAHEZ,472432,2608898918,سيارة,جدة,شركة اكسبرس جايت,غير نشط (Inactive),51
JAHEZ,472854,2605750997,سيارة,جدة,شركة اكسبرس جايت,نشط (Active),52
JAHEZ,474739,2605375407,سيارة,جدة,شركة اكسبرس جايت,نشط (Active),53
JAHEZ,472843,2603735420,سيارة,جدة,شركة اكسبرس جايت,غير نشط (Inactive),54
JAHEZ,472423,2599549231,سيارة,الرياض,شركة اكسبرس جايت,نشط (Active),55
JAHEZ,474612,2598671838,سيارة,جدة,شركة اكسبرس جايت,نشط (Active),56
JAHEZ,474575,2597799051,سيارة,جدة,شركة اكسبرس جايت,نشط (Active),57
JAHEZ,473009,2597582275,سيارة,جدة,شركة اكسبرس جايت,نشط (Active),58
JAHEZ,474576,2597241476,سيارة,جدة,شركة اكسبرس جايت,نشط (Active),59
JAHEZ,494298,2596606422,سيارة,جدة,شركة اكسبرس جايت,نشط (Active),60
JAHEZ,472852,2594991420,سيارة,جدة,شركة اكسبرس جايت,غير نشط (Inactive),61
JAHEZ,482490,2594426104,سيارة,الرياض,شركة اكسبرس جايت,نشط (Active),62
JAHEZ,484491,2592738195,سيارة,جدة,شركة اكسبرس جايت,نشط (Active),63
JAHEZ,472844,2591985516,سيارة,جدة,شركة اكسبرس جايت,نشط (Active),64
JAHEZ,472853,2591985425,سيارة,جدة,شركة اكسبرس جايت,نشط (Active),65
JAHEZ,472851,2591952813,سيارة,جدة,شركة اكسبرس جايت,نشط (Active),66
JAHEZ,413343,2591788183,سيارة,جدة,شركة اكسبرس جايت,نشط (Active),67
JAHEZ,472420,2591768409,سيارة,جدة,شركة اكسبرس جايت,نشط (Active),68
JAHEZ,484696,2591712555,سيارة,جدة,شركة اكسبرس جايت,نشط (Active),69
JAHEZ,482480,2591694381,سيارة,جدة,شركة اكسبرس جايت,نشط (Active),70
JAHEZ,417933,2591566365,دراجة آلية,جدة,شركة اكسبرس جايت,غير نشط (Inactive),71
JAHEZ,472404,2591508706,سيارة,جدة,شركة اكسبرس جايت,نشط (Active),72
JAHEZ,415887,2590889420,دراجة آلية,جدة,شركة اكسبرس جايت,غير نشط (Inactive),73
JAHEZ,415808,2590887952,سيارة,جدة,شركة اكسبرس جايت,نشط (Active),74
JAHEZ,417746,2590887804,سيارة,جدة,شركة اكسبرس جايت,نشط (Active),75
JAHEZ,485202,2590609364,سيارة,جدة,شركة اكسبرس جايت,نشط (Active),76
JAHEZ,418133,2590077299,سيارة,جدة,شركة اكسبرس جايت,غير نشط (Inactive),77
JAHEZ,492234,2588827796,سيارة,جدة,شركة اكسبرس جايت,نشط (Active),78
JAHEZ,410898,2588797916,سيارة,جدة,شركة اكسبرس جايت,نشط (Active),79
JAHEZ,484492,2588712998,سيارة,جدة,شركة اكسبرس جايت,نشط (Active),80
JAHEZ,472413,2588599957,سيارة,جدة,شركة اكسبرس جايت,نشط (Active),81
JAHEZ,474743,2587956117,سيارة,جدة,شركة اكسبرس جايت,نشط (Active),82
JAHEZ,417748,2586890804,سيارة,جدة,شركة اكسبرس جايت,نشط (Active),83
JAHEZ,476593,2586483055,سيارة,جدة,شركة اكسبرس جايت,نشط (Active),84
JAHEZ,483170,2586293173,سيارة,جدة,شركة اكسبرس جايت,نشط (Active),85
JAHEZ,461497,2585700301,سيارة,جدة,شركة اكسبرس جايت,نشط (Active),86
JAHEZ,472415,2584539486,سيارة,جدة,شركة اكسبرس جايت,نشط (Active),87
JAHEZ,492374,2584453951,سيارة,جدة,شركة اكسبرس جايت,نشط (Active),88
JAHEZ,472969,2584449017,سيارة,جدة,شركة اكسبرس جايت,نشط (Active),89
JAHEZ,472486,2584246710,سيارة,جدة,شركة اكسبرس جايت,نشط (Active),90
JAHEZ,405138,2584127506,دراجة آلية,جدة,شركة اكسبرس جايت,نشط (Active),91
JAHEZ,405144,2584127332,سيارة,جدة,شركة اكسبرس جايت,غير نشط (Inactive),92
JAHEZ,405136,2584127175,سيارة,جدة,شركة اكسبرس جايت,نشط (Active),93
JAHEZ,473016,2582105843,سيارة,جدة,شركة اكسبرس جايت,نشط (Active),94
JAHEZ,404955,2582055105,سيارة,جدة,شركة اكسبرس جايت,نشط (Active),95
JAHEZ,404953,2581767528,سيارة,جدة,شركة اكسبرس جايت,نشط (Active),96
JAHEZ,404913,2581764517,سيارة,جدة,شركة اكسبرس جايت,نشط (Active),97
JAHEZ,472484,2581625023,سيارة,جدة,شركة اكسبرس جايت,نشط (Active),98
JAHEZ,420489,2580972970,دراجة آلية,جدة,شركة اكسبرس جايت,نشط (Active),99
JAHEZ,492235,2580424253,سيارة,جدة,شركة اكسبرس جايت,نشط (Active),100
JAHEZ,463572,2578574465,سيارة,جدة,شركة اكسبرس جايت,نشط (Active),101
JAHEZ,473007,2577662378,سيارة,جدة,شركة اكسبرس جايت,نشط (Active),102
JAHEZ,420486,2577660661,سيارة,الرياض,شركة اكسبرس جايت,نشط (Active),103
JAHEZ,472968,2577524115,سيارة,الرياض,شركة اكسبرس جايت,نشط (Active),104
JAHEZ,405015,2577211945,دراجة آلية,جدة,شركة اكسبرس جايت,نشط (Active),105
JAHEZ,405062,2577093202,سيارة,جدة,شركة اكسبرس جايت,نشط (Active),106
JAHEZ,405019,2575597774,سيارة,جدة,شركة اكسبرس جايت,نشط (Active),107
JAHEZ,399990,2575597667,سيارة,جدة,شركة اكسبرس جايت,نشط (Active),108
JAHEZ,405003,2574897464,سيارة,جدة,شركة اكسبرس جايت,نشط (Active),109
JAHEZ,404787,2574897324,سيارة,جدة,شركة اكسبرس جايت,نشط (Active),110
JAHEZ,404826,2574089484,سيارة,جدة,شركة اكسبرس جايت,نشط (Active),111
JAHEZ,405022,2574089302,سيارة,جدة,شركة اكسبرس جايت,غير نشط (Inactive),112
JAHEZ,405059,2574083222,سيارة,جدة,شركة اكسبرس جايت,غير نشط (Inactive),113
JAHEZ,408967,2572717136,سيارة,جدة,شركة اكسبرس جايت,نشط (Active),114
JAHEZ,463707,2570564845,سيارة,جدة,شركة اكسبرس جايت,نشط (Active),115
JAHEZ,493592,2570298998,سيارة,جدة,شركة اكسبرس جايت,نشط (Active),116
JAHEZ,493593,2568285346,سيارة,جدة,شركة اكسبرس جايت,نشط (Active),117
JAHEZ,492240,2567538208,سيارة,جدة,شركة اكسبرس جايت,نشط (Active),118
JAHEZ,485550,2567243304,سيارة,جدة,شركة اكسبرس جايت,نشط (Active),119
JAHEZ,420509,2567197658,دراجة آلية,جدة,شركة اكسبرس جايت,نشط (Active),120
JAHEZ,472477,2566572620,سيارة,جدة,شركة اكسبرس جايت,نشط (Active),121
JAHEZ,420719,2565897168,دراجة آلية,جدة,شركة اكسبرس جايت,نشط (Active),122
JAHEZ,405014,2565608417,سيارة,جدة,شركة اكسبرس جايت,غير نشط (Inactive),123
JAHEZ,422587,2564959662,دراجة آلية,جدة,شركة اكسبرس جايت,نشط (Active),124
JAHEZ,472615,2564289847,سيارة,الرياض,شركة اكسبرس جايت,نشط (Active),125
JAHEZ,484484,2563841630,سيارة,جدة,شركة اكسبرس جايت,نشط (Active),126
JAHEZ,473003,2563523154,سيارة,جدة,شركة اكسبرس جايت,نشط (Active),127
JAHEZ,422596,2562702072,دراجة آلية,جدة,شركة اكسبرس جايت,نشط (Active),128
JAHEZ,405283,2561839925,دراجة آلية,جدة,شركة اكسبرس جايت,غير نشط (Inactive),129
JAHEZ,472429,2560597839,سيارة,جدة,شركة اكسبرس جايت,نشط (Active),130
JAHEZ,472829,2559976770,سيارة,جدة,شركة اكسبرس جايت,نشط (Active),131
JAHEZ,408130,2558578205,سيارة,جدة,شركة اكسبرس جايت,نشط (Active),132
JAHEZ,404899,2558101875,سيارة,جدة,شركة اكسبرس جايت,نشط (Active),133
JAHEZ,418843,2557110117,دراجة آلية,جدة,شركة اكسبرس جايت,نشط (Active),134
JAHEZ,420722,2555284278,سيارة,جدة,شركة اكسبرس جايت,غير نشط (Inactive),135
JAHEZ,413642,2554802294,سيارة,جدة,شركة اكسبرس جايت,غير نشط (Inactive),136
JAHEZ,476518,2554287728,سيارة,جدة,شركة اكسبرس جايت,نشط (Active),137
JAHEZ,404872,2554106605,دراجة آلية,جدة,شركة اكسبرس جايت,غير نشط (Inactive),138
JAHEZ,464308,2552431948,سيارة,جدة,شركة اكسبرس جايت,غير نشط (Inactive),139
JAHEZ,404938,2550771675,سيارة,جدة,شركة اكسبرس جايت,نشط (Active),140
JAHEZ,405166,2546408820,سيارة,جدة,شركة اكسبرس جايت,نشط (Active),141
JAHEZ,474642,2546064722,سيارة,جدة,شركة اكسبرس جايت,نشط (Active),142
JAHEZ,472414,2545844504,سيارة,جدة,شركة اكسبرس جايت,نشط (Active),143
JAHEZ,404730,2545269660,سيارة,جدة,شركة اكسبرس جايت,نشط (Active),144
JAHEZ,405051,2541259848,سيارة,جدة,شركة اكسبرس جايت,نشط (Active),145
JAHEZ,476657,2541115800,سيارة,الرياض,شركة اكسبرس جايت,نشط (Active),146
JAHEZ,404654,2540773997,سيارة,جدة,شركة اكسبرس جايت,نشط (Active),147
JAHEZ,405606,2539776670,سيارة,جدة,شركة اكسبرس جايت,نشط (Active),148
JAHEZ,404912,2539395836,سيارة,جدة,شركة اكسبرس جايت,نشط (Active),149
JAHEZ,472824,2537012359,سيارة,جدة,شركة اكسبرس جايت,نشط (Active),150
JAHEZ,474572,2535636027,سيارة,جدة,شركة اكسبرس جايت,نشط (Active),151
JAHEZ,476842,2535622282,سيارة,الرياض,شركة اكسبرس جايت,نشط (Active),152
JAHEZ,404719,2535376723,سيارة,جدة,شركة اكسبرس جايت,نشط (Active),153
JAHEZ,420515,2531511265,سيارة,جدة,شركة اكسبرس جايت,نشط (Active),154
JAHEZ,405054,2531255582,سيارة,جدة,شركة اكسبرس جايت,نشط (Active),155
JAHEZ,408132,2530816327,دراجة آلية,جدة,شركة اكسبرس جايت,نشط (Active),156
JAHEZ,472614,2530793047,سيارة,جدة,شركة اكسبرس جايت,نشط (Active),157
JAHEZ,405060,2529390235,سيارة,جدة,شركة اكسبرس جايت,نشط (Active),158
JAHEZ,444954,2529309292,سيارة,جدة,شركة اكسبرس جايت,نشط (Active),159
JAHEZ,472431,2527406538,سيارة,جدة,شركة اكسبرس جايت,نشط (Active),160
JAHEZ,422913,2527203737,دراجة آلية,جدة,شركة اكسبرس جايت,نشط (Active),161
JAHEZ,404965,2525914756,سيارة,جدة,شركة اكسبرس جايت,نشط (Active),162
JAHEZ,472434,2522777933,سيارة,الرياض,شركة اكسبرس جايت,نشط (Active),163
JAHEZ,472407,2516196678,سيارة,الرياض,شركة اكسبرس جايت,نشط (Active),164
JAHEZ,483201,2515137129,سيارة,جدة,شركة اكسبرس جايت,نشط (Active),165
JAHEZ,492231,2513764213,سيارة,جدة,شركة اكسبرس جايت,نشط (Active),166
JAHEZ,412390,2510890805,سيارة,جدة,شركة اكسبرس جايت,نشط (Active),167
JAHEZ,404997,2509950487,سيارة,جدة,شركة اكسبرس جايت,نشط (Active),168
JAHEZ,472828,2509129876,سيارة,جدة,شركة اكسبرس جايت,نشط (Active),169
JAHEZ,492323,2508923329,سيارة,جدة,شركة اكسبرس جايت,نشط (Active),170
JAHEZ,472551,2506922117,سيارة,جدة,شركة اكسبرس جايت,نشط (Active),171
JAHEZ,472408,2505831657,سيارة,جدة,شركة اكسبرس جايت,نشط (Active),172
JAHEZ,412384,2501776401,سيارة,جدة,شركة اكسبرس جايت,نشط (Active),173
JAHEZ,492241,2500359027,سيارة,جدة,شركة اكسبرس جايت,نشط (Active),174
JAHEZ,404986,2481545180,سيارة,جدة,شركة اكسبرس جايت,نشط (Active),175
JAHEZ,472433,2464211263,سيارة,جدة,شركة اكسبرس جايت,نشط (Active),176
JAHEZ,408243,2463596938,سيارة,جدة,شركة اكسبرس جايت,غير نشط (Inactive),177
JAHEZ,405092,2438765915,سيارة,جدة,شركة اكسبرس جايت,نشط (Active),178
JAHEZ,485211,2438251296,سيارة,الرياض,شركة اكسبرس جايت,نشط (Active),179
JAHEZ,484496,2417830615,سيارة,جدة,شركة اكسبرس جايت,نشط (Active),180
JAHEZ,463999,2393242371,سيارة,جدة,شركة اكسبرس جايت,نشط (Active),181
JAHEZ,484722,2352329052,سيارة,الرياض,شركة اكسبرس جايت,نشط (Active),182
JAHEZ,472761,2347120533,سيارة,جدة,شركة اكسبرس جايت,نشط (Active),183
JAHEZ,483651,2341264758,سيارة,جدة,شركة اكسبرس جايت,نشط (Active),184
JAHEZ,472430,2335022626,سيارة,الرياض,شركة اكسبرس جايت,نشط (Active),185
JAHEZ,472526,2256734357,سيارة,جدة,شركة اكسبرس جايت,نشط (Active),186
JAHEZ,404755,2076420757,سيارة,جدة,شركة اكسبرس جايت,نشط (Active),187
JAHEZ,484135,2630243315,سيارة,الرياض,شركة البوابا الموكبلا,نشط (Active),188
JAHEZ,478874,2626679514,دراجة آلية,الرياض,شركة البوابا الموكبلا,نشط (Active),189
JAHEZ,475262,2624380438,دراجة آلية,جدة,شركة البوابا الموكبلا,نشط (Active),190
JAHEZ,478876,2623790736,دراجة آلية,الرياض,شركة البوابا الموكبلا,نشط (Active),191
JAHEZ,478877,2623780448,دراجة آلية,جدة,شركة البوابا الموكبلا,نشط (Active),192
JAHEZ,474779,2623778483,دراجة آلية,جدة,شركة البوابا الموكبلا,نشط (Active),193
JAHEZ,494299,2623705973,سيارة,جدة,شركة البوابا الموكبلا,نشط (Active),194
JAHEZ,478878,2623661606,دراجة آلية,جدة,شركة البوابا الموكبلا,نشط (Active),195
JAHEZ,484129,2623006349,سيارة,جدة,شركة البوابا الموكبلا,نشط (Active),196
JAHEZ,475128,2621796164,دراجة آلية,جدة,شركة البوابا الموكبلا,نشط (Active),197
JAHEZ,475259,2621481486,دراجة آلية,جدة,شركة البوابا الموكبلا,نشط (Active),198
JAHEZ,475046,2621361480,دراجة آلية,جدة,شركة البوابا الموكبلا,نشط (Active),199
JAHEZ,475162,2621095542,سيارة,جدة,شركة البوابا الموكبلا,نشط (Active),200
JAHEZ,485301,2618245001,دراجة آلية,جدة,شركة البوابا الموكبلا,نشط (Active),201
JAHEZ,483910,2617590837,سيارة,جدة,شركة البوابا الموكبلا,نشط (Active),202
JAHEZ,474818,2615898232,دراجة آلية,جدة,شركة البوابا الموكبلا,نشط (Active),203
JAHEZ,474781,2615898091,دراجة آلية,جدة,شركة البوابا الموكبلا,نشط (Active),204
JAHEZ,474780,2615897994,دراجة آلية,جدة,شركة البوابا الموكبلا,نشط (Active),205
JAHEZ,483905,2614040620,سيارة,جدة,شركة البوابا الموكبلا,نشط (Active),206
JAHEZ,459403,2613903471,سيارة,جدة,شركة البوابا الموكبلا,نشط (Active),207
JAHEZ,474979,2613681937,سيارة,جدة,شركة البوابا الموكبلا,نشط (Active),208
JAHEZ,460646,2612975926,سيارة,جدة,شركة البوابا الموكبلا,نشط (Active),209
JAHEZ,459705,2611729878,سيارة,جدة,شركة البوابا الموكبلا,نشط (Active),210
JAHEZ,474804,2610711232,دراجة آلية,جدة,شركة البوابا الموكبلا,غير نشط (Inactive),211
JAHEZ,460550,2609805110,سيارة,جدة,شركة البوابا الموكبلا,نشط (Active),212
JAHEZ,474833,2609703588,سيارة,جدة,شركة البوابا الموكبلا,نشط (Active),213
JAHEZ,463444,2608760977,سيارة,جدة,شركة البوابا الموكبلا,نشط (Active),214
JAHEZ,459051,2608465098,دراجة آلية,جدة,شركة البوابا الموكبلا,نشط (Active),215
JAHEZ,470648,2608245813,سيارة,جدة,شركة البوابا الموكبلا,نشط (Active),216
JAHEZ,456425,2607221690,سيارة,جدة,شركة البوابا الموكبلا,نشط (Active),217
JAHEZ,457362,2607221484,سيارة,جدة,شركة البوابا الموكبلا,نشط (Active),218
JAHEZ,463561,2606853394,سيارة,جدة,شركة البوابا الموكبلا,نشط (Active),219
JAHEZ,456434,2606047062,سيارة,جدة,شركة البوابا الموكبلا,نشط (Active),220
JAHEZ,460714,2605873690,دراجة آلية,جدة,شركة البوابا الموكبلا,نشط (Active),221
JAHEZ,457705,2604974614,سيارة,جدة,شركة البوابا الموكبلا,نشط (Active),222
JAHEZ,474814,2604909248,دراجة آلية,جدة,شركة البوابا الموكبلا,نشط (Active),223
JAHEZ,471091,2603849593,سيارة,جدة,شركة البوابا الموكبلا,نشط (Active),224
JAHEZ,457210,2603760543,سيارة,جدة,شركة البوابا الموكبلا,نشط (Active),225
JAHEZ,457640,2603760170,سيارة,جدة,شركة البوابا الموكبلا,نشط (Active),226
JAHEZ,460850,2602833002,سيارة,جدة,شركة البوابا الموكبلا,نشط (Active),227
JAHEZ,485320,2602744316,دراجة آلية,جدة,شركة البوابا الموكبلا,نشط (Active),228
JAHEZ,470589,2602293777,سيارة,جدة,شركة البوابا الموكبلا,نشط (Active),229
JAHEZ,456437,2601670785,سيارة,جدة,شركة البوابا الموكبلا,نشط (Active),230
JAHEZ,457151,2601656255,سيارة,جدة,شركة البوابا الموكبلا,نشط (Active),231
JAHEZ,458565,2601505262,سيارة,جدة,شركة البوابا الموكبلا,نشط (Active),232
JAHEZ,463555,2600766493,سيارة,جدة,شركة البوابا الموكبلا,نشط (Active),233
JAHEZ,471171,2600755835,سيارة,جدة,شركة البوابا الموكبلا,نشط (Active),234
JAHEZ,460901,2600572560,سيارة,جدة,شركة البوابا الموكبلا,نشط (Active),235
JAHEZ,458393,2600262071,سيارة,جدة,شركة البوابا الموكبلا,نشط (Active),236
JAHEZ,458408,2600045476,سيارة,جدة,شركة البوابا الموكبلا,نشط (Active),237
JAHEZ,458320,2599691751,سيارة,جدة,شركة البوابا الموكبلا,نشط (Active),238
JAHEZ,457195,2599679483,سيارة,جدة,شركة البوابا الموكبلا,غير نشط (Inactive),239
JAHEZ,460555,2599679244,سيارة,جدة,شركة البوابا الموكبلا,نشط (Active),240
JAHEZ,456452,2598672570,دراجة آلية,جدة,شركة البوابا الموكبلا,نشط (Active),241
JAHEZ,475263,2597772777,دراجة آلية,جدة,شركة البوابا الموكبلا,نشط (Active),242
JAHEZ,456465,2597443486,دراجة آلية,جدة,شركة البوابا الموكبلا,نشط (Active),243
JAHEZ,457377,2597443189,دراجة آلية,جدة,شركة البوابا الموكبلا,نشط (Active),244
JAHEZ,458435,2596459871,سيارة,جدة,شركة البوابا الموكبلا,نشط (Active),245
JAHEZ,478885,2595504289,سيارة,جدة,شركة البوابا الموكبلا,نشط (Active),246
JAHEZ,458167,2595073780,سيارة,جدة,شركة البوابا الموكبلا,نشط (Active),247
JAHEZ,456454,2594172450,دراجة آلية,جدة,شركة البوابا الموكبلا,غير نشط (Inactive),248
JAHEZ,457350,2594172286,سيارة,جدة,شركة البوابا الموكبلا,نشط (Active),249
JAHEZ,458638,2593657261,سيارة,جدة,شركة البوابا الموكبلا,نشط (Active),250
JAHEZ,456445,2593329770,سيارة,جدة,شركة البوابا الموكبلا,غير نشط (Inactive),251
JAHEZ,459598,2593134451,دراجة آلية,جدة,شركة البوابا الموكبلا,نشط (Active),252
JAHEZ,458399,2592634063,دراجة آلية,جدة,شركة البوابا الموكبلا,نشط (Active),253
JAHEZ,457565,2592504647,سيارة,جدة,شركة البوابا الموكبلا,نشط (Active),254
JAHEZ,459518,2592255851,دراجة آلية,جدة,شركة البوابا الموكبلا,نشط (Active),255
JAHEZ,463484,2591952755,دراجة آلية,جدة,شركة البوابا الموكبلا,غير نشط (Inactive),256
JAHEZ,474969,2591952474,دراجة آلية,جدة,شركة البوابا الموكبلا,غير نشط (Inactive),257
JAHEZ,478887,2591951823,دراجة آلية,جدة,شركة البوابا الموكبلا,نشط (Active),258
JAHEZ,474954,2591951724,دراجة آلية,جدة,شركة البوابا الموكبلا,نشط (Active),259
JAHEZ,485300,2591951583,سيارة,جدة,شركة البوابا الموكبلا,نشط (Active),260
JAHEZ,475051,2591951526,دراجة آلية,جدة,شركة البوابا الموكبلا,نشط (Active),261
JAHEZ,457156,2591323973,سيارة,جدة,شركة البوابا الموكبلا,نشط (Active),262
JAHEZ,459586,2590110595,سيارة,جدة,شركة البوابا الموكبلا,نشط (Active),263
JAHEZ,474985,2589845748,دراجة آلية,جدة,شركة البوابا الموكبلا,نشط (Active),264
JAHEZ,459370,2589653290,سيارة,جدة,شركة البوابا الموكبلا,نشط (Active),265
JAHEZ,457548,2589135447,سيارة,جدة,شركة البوابا الموكبلا,نشط (Active),266
JAHEZ,474795,2588805370,دراجة آلية,جدة,شركة البوابا الموكبلا,نشط (Active),267
JAHEZ,484340,2588354015,سيارة,جدة,شركة البوابا الموكبلا,نشط (Active),268
JAHEZ,460739,2587728102,سيارة,جدة,شركة البوابا الموكبلا,نشط (Active),269
JAHEZ,485304,2587645553,دراجة آلية,جدة,شركة البوابا الموكبلا,نشط (Active),270
JAHEZ,460660,2587497070,سيارة,جدة,شركة البوابا الموكبلا,نشط (Active),271
JAHEZ,459049,2586666717,سيارة,جدة,شركة البوابا الموكبلا,نشط (Active),272
JAHEZ,485284,2586585552,سيارة,جدة,شركة البوابا الموكبلا,نشط (Active),273
JAHEZ,485275,2583907734,دراجة آلية,جدة,شركة البوابا الموكبلا,غير نشط (Inactive),274
JAHEZ,456407,2583279233,سيارة,جدة,شركة البوابا الموكبلا,غير نشط (Inactive),275
JAHEZ,463786,2581598550,سيارة,جدة,شركة البوابا الموكبلا,نشط (Active),276
JAHEZ,475086,2581511629,دراجة آلية,الرياض,شركة البوابا الموكبلا,نشط (Active),277
JAHEZ,457194,2581119480,سيارة,جدة,شركة البوابا الموكبلا,غير نشط (Inactive),278
JAHEZ,458200,2581056997,دراجة آلية,جدة,شركة البوابا الموكبلا,نشط (Active),279
JAHEZ,460073,2580422653,دراجة آلية,جدة,شركة البوابا الموكبلا,غير نشط (Inactive),280
JAHEZ,485297,2580166359,دراجة آلية,جدة,شركة البوابا الموكبلا,نشط (Active),281
JAHEZ,460661,2579041746,دراجة آلية,جدة,شركة البوابا الموكبلا,غير نشط (Inactive),282
JAHEZ,458571,2578937761,دراجة آلية,جدة,شركة البوابا الموكبلا,غير نشط (Inactive),283
JAHEZ,458199,2578632909,دراجة آلية,جدة,شركة البوابا الموكبلا,نشط (Active),284
JAHEZ,456433,2578136810,سيارة,جدة,شركة البوابا الموكبلا,نشط (Active),285
JAHEZ,457354,2578128130,سيارة,جدة,شركة البوابا الموكبلا,نشط (Active),286
JAHEZ,470646,2577794361,سيارة,جدة,شركة البوابا الموكبلا,نشط (Active),287
JAHEZ,485289,2577367507,دراجة آلية,جدة,شركة البوابا الموكبلا,نشط (Active),288
JAHEZ,458437,2575173816,دراجة آلية,جدة,شركة البوابا الموكبلا,غير نشط (Inactive),289
JAHEZ,470523,2572718712,سيارة,جدة,شركة البوابا الموكبلا,نشط (Active),290
JAHEZ,460995,2571262589,سيارة,جدة,شركة البوابا الموكبلا,نشط (Active),291
JAHEZ,474834,2569733740,دراجة آلية,جدة,شركة البوابا الموكبلا,نشط (Active),292
JAHEZ,485282,2567838806,دراجة آلية,جدة,شركة البوابا الموكبلا,غير نشط (Inactive),293
JAHEZ,475147,2567674011,دراجة آلية,جدة,شركة البوابا الموكبلا,نشط (Active),294
JAHEZ,456469,2566240384,دراجة آلية,جدة,شركة البوابا الموكبلا,نشط (Active),295
JAHEZ,474820,2565825235,دراجة آلية,جدة,شركة البوابا الموكبلا,نشط (Active),296
JAHEZ,457386,2565620776,سيارة,جدة,شركة البوابا الموكبلا,نشط (Active),297
JAHEZ,458394,2564153589,دراجة آلية,جدة,شركة البوابا الموكبلا,نشط (Active),298
JAHEZ,460257,2564109326,سيارة,جدة,شركة البوابا الموكبلا,نشط (Active),299
JAHEZ,483906,2564056683,سيارة,جدة,شركة البوابا الموكبلا,غير نشط (Inactive),300
JAHEZ,458580,2563494190,سيارة,جدة,شركة البوابا الموكبلا,نشط (Active),301
JAHEZ,459541,2561524253,دراجة آلية,جدة,شركة البوابا الموكبلا,غير نشط (Inactive),302
JAHEZ,459630,2561524204,دراجة آلية,جدة,شركة البوابا الموكبلا,نشط (Active),303
JAHEZ,470581,2560773141,سيارة,جدة,شركة البوابا الموكبلا,نشط (Active),304
JAHEZ,457357,2560200442,سيارة,جدة,شركة البوابا الموكبلا,نشط (Active),305
JAHEZ,456389,2559352261,سيارة,جدة,شركة البوابا الموكبلا,نشط (Active),306
JAHEZ,458653,2559241233,سيارة,جدة,شركة البوابا الموكبلا,نشط (Active),307
JAHEZ,470544,2557012263,سيارة,جدة,شركة البوابا الموكبلا,نشط (Active),308
JAHEZ,483913,2556645477,سيارة,جدة,شركة البوابا الموكبلا,نشط (Active),309
JAHEZ,456439,2556117972,سيارة,جدة,شركة البوابا الموكبلا,نشط (Active),310
JAHEZ,460580,2555828033,دراجة آلية,جدة,شركة البوابا الموكبلا,نشط (Active),311
JAHEZ,460711,2551645738,سيارة,جدة,شركة البوابا الموكبلا,غير نشط (Inactive),312
JAHEZ,457550,2549268429,دراجة آلية,جدة,شركة البوابا الموكبلا,نشط (Active),313
JAHEZ,474777,2548227202,سيارة,الرياض,شركة البوابا الموكبلا,نشط (Active),314
JAHEZ,458451,2544361567,دراجة آلية,جدة,شركة البوابا الموكبلا,نشط (Active),315
JAHEZ,456424,2540639057,سيارة,جدة,شركة البوابا الموكبلا,نشط (Active),316
JAHEZ,460347,2535375196,سيارة,جدة,شركة البوابا الموكبلا,نشط (Active),317
JAHEZ,460089,2533070799,سيارة,جدة,شركة البوابا الموكبلا,غير نشط (Inactive),318
JAHEZ,457390,2528975028,سيارة,جدة,شركة البوابا الموكبلا,غير نشط (Inactive),319
JAHEZ,456422,2522312970,سيارة,جدة,شركة البوابا الموكبلا,نشط (Active),320
JAHEZ,463578,2521027264,سيارة,الرياض,شركة البوابا الموكبلا,نشط (Active),321
JAHEZ,474831,2517672024,دراجة آلية,جدة,شركة البوابا الموكبلا,نشط (Active),322
JAHEZ,463691,2512833282,سيارة,جدة,شركة البوابا الموكبلا,نشط (Active),323
JAHEZ,463519,2512126406,سيارة,جدة,شركة البوابا الموكبلا,نشط (Active),324
JAHEZ,460136,2510966068,سيارة,الرياض,شركة البوابا الموكبلا,نشط (Active),325
JAHEZ,458455,2509669558,سيارة,جدة,شركة البوابا الموكبلا,نشط (Active),326
JAHEZ,460574,2503619484,سيارة,جدة,شركة البوابا الموكبلا,نشط (Active),327
JAHEZ,475266,2502057660,سيارة,جدة,شركة البوابا الموكبلا,نشط (Active),328
JAHEZ,471160,2496941606,سيارة,جدة,شركة البوابا الموكبلا,نشط (Active),329
JAHEZ,460848,2495975902,سيارة,جدة,شركة البوابا الموكبلا,نشط (Active),330
JAHEZ,484705,2495934404,سيارة,جدة,شركة البوابا الموكبلا,نشط (Active),331
JAHEZ,456489,2490507635,سيارة,جدة,شركة البوابا الموكبلا,نشط (Active),332
JAHEZ,460666,2490149057,سيارة,جدة,شركة البوابا الموكبلا,نشط (Active),333
JAHEZ,459488,2488500378,سيارة,جدة,شركة البوابا الموكبلا,نشط (Active),334
JAHEZ,474974,2487867026,دراجة آلية,جدة,شركة البوابا الموكبلا,نشط (Active),335
JAHEZ,463445,2484175191,سيارة,جدة,شركة البوابا الموكبلا,نشط (Active),336
JAHEZ,456420,2476661265,سيارة,جدة,شركة البوابا الموكبلا,نشط (Active),337
JAHEZ,458410,2471734224,سيارة,جدة,شركة البوابا الموكبلا,نشط (Active),338
JAHEZ,474784,2439739612,سيارة,جدة,شركة البوابا الموكبلا,نشط (Active),339
JAHEZ,463762,2430010302,سيارة,جدة,شركة البوابا الموكبلا,غير نشط (Inactive),340
JAHEZ,458626,2425236102,سيارة,جدة,شركة البوابا الموكبلا,نشط (Active),341
JAHEZ,458564,2257818035,سيارة,جدة,شركة البوابا الموكبلا,نشط (Active),342
JAHEZ,498895,2640150187,سيارة,الرياض,مؤسسة البوابة التجارية,نشط (Active),343
JAHEZ,498846,2636655421,سيارة,الرياض,مؤسسة البوابة التجارية,نشط (Active),344
JAHEZ,498898,2636655173,سيارة,الرياض,مؤسسة البوابة التجارية,نشط (Active),345
JAHEZ,499583,2636062651,سيارة,جدة,مؤسسة البوابة التجارية,نشط (Active),346
JAHEZ,499584,2636062180,سيارة,جدة,مؤسسة البوابة التجارية,نشط (Active),347
JAHEZ,499552,2633076662,سيارة,الرياض,مؤسسة البوابة التجارية,نشط (Active),348
JAHEZ,491297,2633076621,سيارة,الرياض,مؤسسة البوابة التجارية,نشط (Active),349
JAHEZ,491274,2630898415,سيارة,الرياض,مؤسسة البوابة التجارية,نشط (Active),350
JAHEZ,491300,2630564751,سيارة,الرياض,مؤسسة البوابة التجارية,غير نشط (Inactive),351
JAHEZ,491298,2630343412,سيارة,الرياض,مؤسسة البوابة التجارية,نشط (Active),352
JAHEZ,499117,2630343289,سيارة,جدة,مؤسسة البوابة التجارية,نشط (Active),353
JAHEZ,499551,2630315881,سيارة,جدة,مؤسسة البوابة التجارية,نشط (Active),354
JAHEZ,491301,2630315410,سيارة,الرياض,مؤسسة البوابة التجارية,غير نشط (Inactive),355
JAHEZ,491296,2630314744,سيارة,الرياض,مؤسسة البوابة التجارية,غير نشط (Inactive),356
JAHEZ,491576,2630314611,سيارة,الرياض,مؤسسة البوابة التجارية,نشط (Active),357
JAHEZ,491258,2630230577,سيارة,جدة,مؤسسة البوابة التجارية,نشط (Active),358
JAHEZ,491304,2629565173,سيارة,الرياض,مؤسسة البوابة التجارية,نشط (Active),359
JAHEZ,491575,2629565009,سيارة,الرياض,مؤسسة البوابة التجارية,نشط (Active),360
JAHEZ,499120,2629287588,سيارة,جدة,مؤسسة البوابة التجارية,نشط (Active),361
JAHEZ,498844,2629273505,سيارة,جدة,مؤسسة البوابة التجارية,نشط (Active),362
JAHEZ,491299,2629019411,سيارة,الرياض,مؤسسة البوابة التجارية,نشط (Active),363
JAHEZ,491311,2629018488,سيارة,الرياض,مؤسسة البوابة التجارية,نشط (Active),364
JAHEZ,491310,2627962364,سيارة,الرياض,مؤسسة البوابة التجارية,نشط (Active),365
JAHEZ,498897,2627814839,سيارة,الرياض,مؤسسة البوابة التجارية,نشط (Active),366
JAHEZ,499308,2627814763,سيارة,جدة,مؤسسة البوابة التجارية,نشط (Active),367
JAHEZ,491295,2627814672,سيارة,الرياض,مؤسسة البوابة التجارية,نشط (Active),368
JAHEZ,491309,2627732478,سيارة,الرياض,مؤسسة البوابة التجارية,نشط (Active),369
JAHEZ,491302,2627732189,سيارة,الرياض,مؤسسة البوابة التجارية,غير نشط (Inactive),370
JAHEZ,499118,2626317412,سيارة,جدة,مؤسسة البوابة التجارية,نشط (Active),371
JAHEZ,491306,2624402620,سيارة,الرياض,مؤسسة البوابة التجارية,نشط (Active),372
JAHEZ,499122,2623569254,سيارة,جدة,مؤسسة البوابة التجارية,نشط (Active),373
JAHEZ,499550,2618729475,سيارة,جدة,مؤسسة البوابة التجارية,نشط (Active),374
JAHEZ,498848,2612570016,سيارة,الرياض,مؤسسة البوابة التجارية,نشط (Active),375
JAHEZ,499572,2610794063,سيارة,الرياض,مؤسسة البوابة التجارية,غير نشط (Inactive),376
JAHEZ,491577,2602433449,سيارة,الرياض,مؤسسة البوابة التجارية,نشط (Active),377
JAHEZ,498845,2592789974,سيارة,جدة,مؤسسة البوابة التجارية,نشط (Active),378
JAHEZ,499116,2576804195,سيارة,جدة,مؤسسة البوابة التجارية,نشط (Active),379
JAHEZ,499580,2576050401,سيارة,الرياض,مؤسسة البوابة التجارية,نشط (Active),380
JAHEZ,499581,2519259358,سيارة,جدة,مؤسسة البوابة التجارية,نشط (Active),381
HUNGER,588817,2256734357,سيارة,جدة,شركة اكسبرس جايت,يعمل (نشط),2
HUNGER,1302955,2257818035,سيارة,جدة,شركة البوابا الموكبلا,يعمل (نشط),3
HUNGER,375176,2335022626,سيارة,الرياض,شركة اكسبرس جايت,يعمل (نشط),4
HUNGER,4460597,2352329052,سيارة,الرياض,شركة اكسبرس جايت,يعمل (نشط),5
HUNGER,1813190,2417830615,سيارة,جدة,شركة اكسبرس جايت,يعمل (نشط),6
HUNGER,4683541,2430010302,سيارة,جدة,شركة البوابا الموكبلا,يعمل (نشط),7
HUNGER,4014009,2438251296,سيارة,الرياض,شركة اكسبرس جايت,يعمل (نشط),8
HUNGER,4706917,2439739612,سيارة,جدة,شركة البوابا الموكبلا,يعمل (نشط),9
HUNGER,467265,2464211263,سيارة,جدة,شركة اكسبرس جايت,يعمل (نشط),10
HUNGER,3921229,2476661265,دباب,جدة,شركة البوابا الموكبلا,يعمل (نشط),11
HUNGER,1966460,2481545180,سيارة,جدة,شركة اكسبرس جايت,يعمل (نشط),12
HUNGER,4709720,2484175191,سيارة,جدة,شركة البوابا الموكبلا,يعمل (نشط),13
HUNGER,4715705,2487867026,دباب,جدة,شركة البوابا الموكبلا,يعمل (نشط),14
HUNGER,1704175,2488500378,سيارة,جدة,شركة اكسبرس جايت,يعمل (نشط),15
HUNGER,4175495,2490149057,سيارة,جدة,شركة البوابا الموكبلا,يعمل (نشط),16
HUNGER,1536137,2495934404,سيارة,جدة,شركة البوابا الموكبلا,يعمل (نشط),17
HUNGER,4704144,2495975902,سيارة,جدة,شركة البوابا الموكبلا,يعمل (نشط),18
HUNGER,4709844,2496941606,سيارة,جدة,شركة البوابا الموكبلا,يعمل (نشط),19
HUNGER,1896643,2500359027,سيارة,جدة,شركة اكسبرس جايت,يعمل (نشط),20
HUNGER,2486491,2501776401,سيارة,جدة,شركة البوابا الموكبلا,يعمل (نشط),21
HUNGER,1597709,2502057660,دباب,جدة,شركة البوابا الموكبلا,يعمل (نشط),22
HUNGER,4184914,2503619484,سيارة,جدة,شركة البوابا الموكبلا,يعمل (نشط),23
HUNGER,4484265,2505831657,سيارة,جدة,شركة اكسبرس جايت,يعمل (نشط),24
HUNGER,4260919,2506922117,سيارة,جدة,شركة اكسبرس جايت,يعمل (نشط),25
HUNGER,4230906,2509129876,سيارة,جدة,شركة اكسبرس جايت,يعمل (نشط),26
HUNGER,4131092,2509669558,سيارة,جدة,شركة البوابا الموكبلا,يعمل (نشط),27
HUNGER,2490383,2510890805,دباب,جدة,شركة البوابا الموكبلا,يعمل (نشط),28
HUNGER,1863146,2510966068,سيارة,الرياض,شركة البوابا الموكبلا,يعمل (نشط),29
HUNGER,4480978,2512126406,سيارة,جدة,شركة اكسبرس جايت,يعمل (نشط),30
HUNGER,4711766,2512833282,سيارة,جدة,شركة البوابا الموكبلا,يعمل (نشط),31
HUNGER,1626132,2513764213,سيارة,جدة,شركة اكسبرس جايت,يعمل (نشط),32
HUNGER,4261244,2515137129,سيارة,جدة,شركة اكسبرس جايت,يعمل (نشط),33
HUNGER,1706244,2516196678,سيارة,الرياض,شركة اكسبرس جايت,يعمل (نشط),34
HUNGER,1541150,2519473512,سيارة,الرياض,شركة البوابا الموكبلا,يعمل (نشط),35
HUNGER,416966,2522312970,دباب,جدة,شركة البوابا الموكبلا,يعمل (نشط),36
HUNGER,4454311,2522777933,سيارة,الرياض,شركة اكسبرس جايت,يعمل (نشط),37
HUNGER,4278729,2524629504,سيارة,جدة,شركة اكسبرس جايت,يعمل (نشط),38
HUNGER,1591290,2527203737,دباب,جدة,شركة البوابا الموكبلا,يعمل (نشط),39
HUNGER,4464613,2527406538,سيارة,جدة,شركة اكسبرس جايت,يعمل (نشط),40
HUNGER,2048236,2528772920,دباب,جدة,شركة البوابا الموكبلا,يعمل (نشط),41
HUNGER,4045649,2528975028,سيارة,جدة,شركة البوابا الموكبلا,يعمل (نشط),42
HUNGER,1677290,2529309292,سيارة,جدة,شركة اكسبرس جايت,يعمل (نشط),43
HUNGER,1629043,2529390235,دباب,جدة,شركة البوابا الموكبلا,يعمل (نشط),44
HUNGER,4242107,2530793047,سيارة,جدة,شركة اكسبرس جايت,يعمل (نشط),45
HUNGER,2069722,2530816327,دباب,جدة,شركة البوابا الموكبلا,يعمل (نشط),46
HUNGER,1814283,2531255582,سيارة,جدة,شركة اكسبرس جايت,يعمل (نشط),47
HUNGER,4261327,2531302228,سيارة,جدة,شركة اكسبرس جايت,يعمل (نشط),48
HUNGER,1687129,2531511265,دباب,جدة,شركة البوابا الموكبلا,يعمل (نشط),49
HUNGER,1751997,2534974882,دباب,جدة,شركة البوابا الموكبلا,يعمل (نشط),50
HUNGER,1757806,2535376723,سيارة,جدة,شركة اكسبرس جايت,يعمل (نشط),51
HUNGER,4488540,2535622282,سيارة,الرياض,شركة اكسبرس جايت,يعمل (نشط),52
HUNGER,4491113,2535636027,سيارة,جدة,شركة اكسبرس جايت,يعمل (نشط),53
HUNGER,1967228,2540639057,سيارة,جدة,شركة البوابا الموكبلا,يعمل (نشط),54
HUNGER,1918416,2540773997,دباب,جدة,شركة البوابا الموكبلا,يعمل (نشط),55
HUNGER,1828644,2541259848,سيارة,جدة,شركة اكسبرس جايت,يعمل (نشط),56
HUNGER,1856174,2546064722,سيارة,جدة,شركة اكسبرس جايت,يعمل (نشط),57
HUNGER,4718898,2548227202,دباب,الرياض,شركة البوابا الموكبلا,يعمل (نشط),58
HUNGER,2201797,2549268429,دباب,جدة,شركة البوابا الموكبلا,يعمل (نشط),59
HUNGER,1936657,2550771675,دباب,جدة,شركة اكسبرس جايت,يعمل (نشط),60
HUNGER,4251740,2552431948,سيارة,جدة,شركة اكسبرس جايت,يعمل (نشط),61
HUNGER,2151845,2554106605,دباب,جدة,شركة البوابا الموكبلا,يعمل (نشط),62
HUNGER,2439461,2554689162,سيارة,جدة,شركة اكسبرس جايت,يعمل (نشط),63
HUNGER,2052288,2555828033,دباب,جدة,شركة البوابا الموكبلا,يعمل (نشط),64
HUNGER,4160569,2556645477,سيارة,جدة,شركة البوابا الموكبلا,يعمل (نشط),65
HUNGER,4714658,2557012263,سيارة,جدة,شركة البوابا الموكبلا,يعمل (نشط),66
HUNGER,2019986,2557110117,دباب,جدة,شركة البوابا الموكبلا,يعمل (نشط),67
HUNGER,2012262,2558101875,سيارة,جدة,شركة اكسبرس جايت,يعمل (نشط),68
HUNGER,2452531,2558578205,سيارة,جدة,شركة البوابا الموكبلا,يعمل (نشط),69
HUNGER,2007986,2559352261,سيارة,جدة,شركة البوابا الموكبلا,يعمل (نشط),70
HUNGER,4243779,2559976770,سيارة,جدة,شركة اكسبرس جايت,يعمل (نشط),71
HUNGER,2098051,2560597839,سيارة,جدة,شركة اكسبرس جايت,يعمل (نشط),72
HUNGER,2100271,2561839925,دباب,جدة,شركة البوابا الموكبلا,يعمل (نشط),73
HUNGER,2178829,2562702072,دباب,جدة,شركة البوابا الموكبلا,يعمل (نشط),74
HUNGER,4146163,2563494190,سيارة,جدة,شركة البوابا الموكبلا,يعمل (نشط),75
HUNGER,4231829,2563523154,سيارة,جدة,شركة اكسبرس جايت,يعمل (نشط),76
HUNGER,4592460,2563841630,سيارة,جدة,شركة اكسبرس جايت,يعمل (نشط),77
HUNGER,4706407,2564056683,سيارة,جدة,شركة البوابا الموكبلا,يعمل (نشط),78
HUNGER,4162621,2564109326,سيارة,جدة,شركة البوابا الموكبلا,يعمل (نشط),79
HUNGER,4246144,2564289847,سيارة,الرياض,شركة اكسبرس جايت,يعمل (نشط),80
HUNGER,2051502,2564959662,دباب,جدة,شركة البوابا الموكبلا,يعمل (نشط),81
HUNGER,4045379,2565620776,سيارة,جدة,شركة البوابا الموكبلا,يعمل (نشط),82
HUNGER,4483141,2567243304,سيارة,جدة,شركة اكسبرس جايت,يعمل (نشط),83
HUNGER,4065860,2571262589,سيارة,جدة,شركة البوابا الموكبلا,يعمل (نشط),84
HUNGER,2144119,2572717136,سيارة,جدة,شركة البوابا الموكبلا,يعمل (نشط),85
HUNGER,4683430,2572718712,سيارة,جدة,شركة البوابا الموكبلا,يعمل (نشط),86
HUNGER,2457032,2573670342,دباب,جدة,شركة البوابا الموكبلا,يعمل (نشط),87
HUNGER,2156081,2574083222,دباب,جدة,شركة البوابا الموكبلا,يعمل (نشط),88
HUNGER,2253472,2575597774,سيارة,جدة,شركة اكسبرس جايت,يعمل (نشط),89
HUNGER,1,2576050401,سيارة,الرياض,مؤسسة البوابة التجارية,يعمل (نشط),90
HUNGER,2435698,2577093202,دباب,جدة,شركة البوابا الموكبلا,يعمل (نشط),91
HUNGER,2166114,2577211945,دباب,جدة,شركة البوابا الموكبلا,يعمل (نشط),92
HUNGER,4715631,2577367507,دباب,جدة,شركة البوابا الموكبلا,يعمل (نشط),93
HUNGER,4474007,2577524115,سيارة,الرياض,شركة اكسبرس جايت,يعمل (نشط),94
HUNGER,2488519,2577660661,سيارة,الرياض,شركة البوابا الموكبلا,يعمل (نشط),95
HUNGER,2166269,2577794361,سيارة,جدة,شركة البوابا الموكبلا,يعمل (نشط),96
HUNGER,3988865,2578136810,سيارة,جدة,شركة البوابا الموكبلا,يعمل (نشط),97
HUNGER,2210955,2578632909,دباب,جدة,شركة البوابا الموكبلا,يعمل (نشط),98
HUNGER,4160459,2578937761,دباب,جدة,شركة البوابا الموكبلا,يعمل (نشط),99
HUNGER,4790311,2579125853,سيارة,جدة,شركة اكسبرس جايت,يعمل (نشط),100
HUNGER,4715639,2580392567,دباب,جدة,شركة البوابا الموكبلا,يعمل (نشط),101
HUNGER,2214713,2580424253,سيارة,جدة,شركة اكسبرس جايت,يعمل (نشط),102
HUNGER,3921399,2580972970,سيارة,جدة,شركة البوابا الموكبلا,يعمل (نشط),103
HUNGER,3830767,2581056997,دباب,جدة,شركة البوابا الموكبلا,يعمل (نشط),104
HUNGER,2470245,2581511629,سيارة,الرياض,شركة البوابا الموكبلا,يعمل (نشط),105
HUNGER,4288835,2581625023,سيارة,جدة,شركة اكسبرس جايت,يعمل (نشط),106
HUNGER,2435292,2581767528,سيارة,جدة,شركة اكسبرس جايت,يعمل (نشط),107
HUNGER,4789995,2582105843,سيارة,جدة,شركة اكسبرس جايت,يعمل (نشط),108
HUNGER,4717527,2582720773,دباب,جدة,شركة البوابا الموكبلا,يعمل (نشط),109
HUNGER,2415788,2583279233,دباب,جدة,شركة البوابا الموكبلا,يعمل (نشط),110
HUNGER,4719242,2583907734,دباب,جدة,شركة البوابا الموكبلا,يعمل (نشط),111
HUNGER,2435317,2584127175,سيارة,جدة,شركة البوابا الموكبلا,يعمل (نشط),112
HUNGER,4790222,2584453951,سيارة,جدة,شركة اكسبرس جايت,يعمل (نشط),113
HUNGER,4456733,2584539486,سيارة,جدة,شركة اكسبرس جايت,يعمل (نشط),114
HUNGER,4184860,2585700301,دباب,جدة,شركة البوابا الموكبلا,يعمل (نشط),115
HUNGER,4481711,2586293173,سيارة,جدة,شركة اكسبرس جايت,يعمل (نشط),116
HUNGER,4481095,2586483055,سيارة,جدة,شركة اكسبرس جايت,يعمل (نشط),117
HUNGER,4717453,2586585552,دباب,جدة,شركة البوابا الموكبلا,يعمل (نشط),118
HUNGER,2478855,2586666717,سيارة,جدة,شركة البوابا الموكبلا,يعمل (نشط),119
HUNGER,2532274,2586890804,دباب,جدة,شركة البوابا الموكبلا,يعمل (نشط),120
HUNGER,4184222,2587497070,دباب,جدة,شركة البوابا الموكبلا,يعمل (نشط),121
HUNGER,4715508,2587645553,دباب,جدة,شركة البوابا الموكبلا,يعمل (نشط),122
HUNGER,4715196,2587728102,سيارة,جدة,شركة البوابا الموكبلا,يعمل (نشط),123
HUNGER,2512966,2587780210,دباب,جدة,شركة البوابا الموكبلا,يعمل (نشط),124
HUNGER,4494175,2587956117,سيارة,جدة,شركة اكسبرس جايت,يعمل (نشط),125
HUNGER,4706613,2588354015,سيارة,جدة,شركة البوابا الموكبلا,يعمل (نشط),126
HUNGER,4498957,2588599957,سيارة,جدة,شركة اكسبرس جايت,يعمل (نشط),127
HUNGER,4498974,2588712998,سيارة,جدة,شركة اكسبرس جايت,يعمل (نشط),128
HUNGER,4044923,2589135447,سيارة,جدة,شركة البوابا الموكبلا,يعمل (نشط),129
HUNGER,4133064,2589653290,سيارة,جدة,شركة البوابا الموكبلا,يعمل (نشط),130
HUNGER,4065950,2590110595,سيارة,جدة,شركة البوابا الموكبلا,يعمل (نشط),131
HUNGER,4562376,2590609364,سيارة,جدة,شركة اكسبرس جايت,يعمل (نشط),132
HUNGER,3921621,2590887804,دباب,جدة,شركة البوابا الموكبلا,يعمل (نشط),133
HUNGER,2516689,2590887952,دباب,جدة,شركة البوابا الموكبلا,يعمل (نشط),134
HUNGER,2516740,2590889420,دباب,جدة,شركة البوابا الموكبلا,يعمل (نشط),135
HUNGER,4043303,2591323973,سيارة,جدة,شركة البوابا الموكبلا,يعمل (نشط),136
HUNGER,4486308,2591508706,سيارة,جدة,شركة اكسبرس جايت,يعمل (نشط),137
HUNGER,4596701,2591694381,سيارة,جدة,شركة اكسبرس جايت,يعمل (نشط),138
HUNGER,4528676,2591712555,سيارة,جدة,شركة اكسبرس جايت,يعمل (نشط),139
HUNGER,4460523,2591768409,سيارة,جدة,شركة اكسبرس جايت,يعمل (نشط),140
HUNGER,4717325,2591951724,دباب,جدة,شركة البوابا الموكبلا,يعمل (نشط),141
HUNGER,4160575,2592255851,دباب,جدة,شركة البوابا الموكبلا,يعمل (نشط),142
HUNGER,3922492,2592504647,دباب,جدة,شركة البوابا الموكبلا,يعمل (نشط),143
HUNGER,4886322,2592789974,سيارة,جدة,مؤسسة البوابة التجارية,يعمل (نشط),144
HUNGER,4160465,2593134451,دباب,جدة,شركة البوابا الموكبلا,يعمل (نشط),145
HUNGER,4182330,2593329770,سيارة,جدة,شركة البوابا الموكبلا,يعمل (نشط),146
HUNGER,4133164,2593657261,دباب,جدة,شركة البوابا الموكبلا,يعمل (نشط),147
HUNGER,3999230,2594172286,دباب,جدة,شركة البوابا الموكبلا,يعمل (نشط),148
HUNGER,4486431,2594426104,سيارة,الرياض,شركة اكسبرس جايت,يعمل (نشط),149
HUNGER,4138301,2595073780,دباب,جدة,شركة البوابا الموكبلا,يعمل (نشط),150
HUNGER,4715135,2595504289,سيارة,جدة,شركة البوابا الموكبلا,يعمل (نشط),151
HUNGER,4134207,2596459871,سيارة,جدة,شركة البوابا الموكبلا,يعمل (نشط),152
HUNGER,4488532,2597241476,سيارة,جدة,شركة اكسبرس جايت,يعمل (نشط),153
HUNGER,3922954,2597443189,دباب,جدة,شركة البوابا الموكبلا,يعمل (نشط),154
HUNGER,3923001,2597443486,دباب,جدة,شركة البوابا الموكبلا,يعمل (نشط),155
HUNGER,3674957,2597772777,دباب,جدة,شركة البوابا الموكبلا,يعمل (نشط),156
HUNGER,4480884,2597799051,سيارة,جدة,شركة اكسبرس جايت,يعمل (نشط),157
HUNGER,4284500,2598671838,سيارة,جدة,شركة اكسبرس جايت,يعمل (نشط),158
HUNGER,4453534,2599549231,سيارة,الرياض,شركة اكسبرس جايت,يعمل (نشط),159
HUNGER,4174978,2599679244,سيارة,جدة,شركة البوابا الموكبلا,يعمل (نشط),160
HUNGER,4160476,2599691751,سيارة,جدة,شركة البوابا الموكبلا,يعمل (نشط),161
HUNGER,4131385,2600045476,دباب,جدة,شركة البوابا الموكبلا,يعمل (نشط),162
HUNGER,4157654,2600262071,سيارة,جدة,شركة البوابا الموكبلا,يعمل (نشط),163
HUNGER,4712314,2600572560,سيارة,جدة,شركة البوابا الموكبلا,يعمل (نشط),164
HUNGER,4710013,2600755835,سيارة,جدة,شركة البوابا الموكبلا,يعمل (نشط),165
HUNGER,4709827,2600766493,سيارة,جدة,شركة البوابا الموكبلا,يعمل (نشط),166
HUNGER,4133540,2601505262,سيارة,جدة,شركة البوابا الموكبلا,يعمل (نشط),167
HUNGER,4043238,2601656255,سيارة,جدة,شركة البوابا الموكبلا,يعمل (نشط),168
HUNGER,4284468,2602293777,سيارة,جدة,شركة اكسبرس جايت,يعمل (نشط),169
HUNGER,4706804,2602433449,سيارة,الرياض,مؤسسة البوابة التجارية,يعمل (نشط),170
HUNGER,4712328,2602833002,سيارة,جدة,شركة البوابا الموكبلا,يعمل (نشط),171
HUNGER,4259299,2603735420,سيارة,جدة,شركة اكسبرس جايت,يعمل (نشط),172
HUNGER,4066169,2603760170,سيارة,جدة,شركة البوابا الموكبلا,يعمل (نشط),173
HUNGER,4160481,2603760543,سيارة,جدة,شركة البوابا الموكبلا,يعمل (نشط),174
HUNGER,4709868,2603849593,سيارة,جدة,شركة البوابا الموكبلا,يعمل (نشط),175
HUNGER,4143213,2604974614,سيارة,جدة,شركة البوابا الموكبلا,يعمل (نشط),176
HUNGER,4494151,2605375407,سيارة,جدة,شركة اكسبرس جايت,يعمل (نشط),177
HUNGER,3988743,2606047062,سيارة,جدة,شركة البوابا الموكبلا,يعمل (نشط),178
HUNGER,4709882,2606853394,سيارة,جدة,شركة البوابا الموكبلا,يعمل (نشط),179
HUNGER,3921239,2607221484,سيارة,جدة,شركة البوابا الموكبلا,يعمل (نشط),180
HUNGER,3922841,2607221690,دباب,جدة,شركة البوابا الموكبلا,يعمل (نشط),181
HUNGER,4298341,2608245813,سيارة,جدة,شركة البوابا الموكبلا,يعمل (نشط),182
HUNGER,4231545,2608760977,سيارة,جدة,شركة اكسبرس جايت,يعمل (نشط),183
HUNGER,4182413,2609805110,سيارة,جدة,شركة البوابا الموكبلا,يعمل (نشط),184
HUNGER,4715627,2610711232,دباب,جدة,شركة البوابا الموكبلا,يعمل (نشط),185
HUNGER,4133267,2611729878,سيارة,جدة,شركة البوابا الموكبلا,يعمل (نشط),186
HUNGER,4243669,2612089009,سيارة,جدة,شركة اكسبرس جايت,يعمل (نشط),187
HUNGER,4474151,2612557153,سيارة,الرياض,شركة اكسبرس جايت,يعمل (نشط),188
HUNGER,4889122,2612570016,سيارة,الرياض,مؤسسة البوابة التجارية,يعمل (نشط),189
HUNGER,4459684,2612590345,سيارة,الرياض,شركة اكسبرس جايت,يعمل (نشط),190
HUNGER,4712262,2612975926,سيارة,جدة,شركة البوابا الموكبلا,يعمل (نشط),191
HUNGER,4463158,2613172812,سيارة,جدة,شركة اكسبرس جايت,يعمل (نشط),192
HUNGER,4139971,2613903471,سيارة,جدة,شركة البوابا الموكبلا,يعمل (نشط),193
HUNGER,4252788,2614003578,سيارة,جدة,شركة اكسبرس جايت,يعمل (نشط),194
HUNGER,4709863,2614040620,سيارة,جدة,شركة البوابا الموكبلا,يعمل (نشط),195
HUNGER,4486663,2614052658,سيارة,جدة,شركة اكسبرس جايت,يعمل (نشط),196
HUNGER,4481051,2615343882,سيارة,جدة,شركة اكسبرس جايت,يعمل (نشط),197
HUNGER,4715756,2615897994,دباب,جدة,شركة البوابا الموكبلا,يعمل (نشط),198
HUNGER,4715632,2615898232,دباب,جدة,شركة البوابا الموكبلا,يعمل (نشط),199
HUNGER,4481686,2615930167,سيارة,جدة,شركة اكسبرس جايت,يعمل (نشط),200
HUNGER,4535328,2615981905,سيارة,الرياض,شركة اكسبرس جايت,يعمل (نشط),201
HUNGER,4535380,2615982051,سيارة,الرياض,شركة اكسبرس جايت,يعمل (نشط),202
HUNGER,4260595,2616040024,سيارة,جدة,شركة اكسبرس جايت,يعمل (نشط),203
HUNGER,4459744,2616110728,سيارة,جدة,شركة اكسبرس جايت,يعمل (نشط),204
HUNGER,4596654,2616612368,سيارة,جدة,شركة اكسبرس جايت,يعمل (نشط),205
HUNGER,4372025,2617133745,سيارة,الرياض,شركة اكسبرس جايت,يعمل (نشط),206
HUNGER,4706908,2617590837,سيارة,جدة,شركة البوابا الموكبلا,يعمل (نشط),207
HUNGER,4715700,2618245001,دباب,جدة,شركة البوابا الموكبلا,يعمل (نشط),208
HUNGER,4892316,2618729475,سيارة,جدة,مؤسسة البوابة التجارية,يعمل (نشط),209
HUNGER,4483579,2618841361,سيارة,جدة,شركة اكسبرس جايت,يعمل (نشط),210
HUNGER,4274433,2619451707,سيارة,الرياض,شركة اكسبرس جايت,يعمل (نشط),211
HUNGER,4486379,2620008447,سيارة,جدة,شركة اكسبرس جايت,يعمل (نشط),212
HUNGER,4486432,2620593968,سيارة,الرياض,شركة اكسبرس جايت,يعمل (نشط),213
HUNGER,4484216,2620688800,سيارة,الرياض,شركة اكسبرس جايت,يعمل (نشط),214
HUNGER,4528747,2620778767,سيارة,جدة,شركة اكسبرس جايت,يعمل (نشط),215
HUNGER,4486394,2620868998,سيارة,جدة,شركة اكسبرس جايت,يعمل (نشط),216
HUNGER,4499115,2620882908,سيارة,جدة,شركة اكسبرس جايت,يعمل (نشط),217
HUNGER,4376899,2621110614,سيارة,جدة,شركة اكسبرس جايت,يعمل (نشط),218
HUNGER,4308693,2621224373,سيارة,الرياض,شركة اكسبرس جايت,يعمل (نشط),219
HUNGER,4471907,2621224613,سيارة,الرياض,شركة اكسبرس جايت,يعمل (نشط),220
HUNGER,4486479,2621225396,سيارة,الرياض,شركة اكسبرس جايت,يعمل (نشط),221
HUNGER,4715616,2621481486,دباب,جدة,شركة البوابا الموكبلا,يعمل (نشط),222
HUNGER,4494146,2621484548,سيارة,جدة,شركة اكسبرس جايت,يعمل (نشط),223
HUNGER,4717433,2621796164,دباب,جدة,شركة البوابا الموكبلا,يعمل (نشط),224
HUNGER,4453448,2622291686,سيارة,الرياض,شركة اكسبرس جايت,يعمل (نشط),225
HUNGER,4705887,2623006349,سيارة,جدة,شركة البوابا الموكبلا,يعمل (نشط),226
HUNGER,4717513,2623778483,دباب,جدة,شركة البوابا الموكبلا,يعمل (نشط),227
HUNGER,4486478,2623781321,سيارة,الرياض,شركة اكسبرس جايت,يعمل (نشط),228
HUNGER,4719304,2623790736,دباب,الرياض,شركة البوابا الموكبلا,يعمل (نشط),229
HUNGER,4593247,2623793433,سيارة,جدة,شركة اكسبرس جايت,يعمل (نشط),230
HUNGER,4486473,2623793649,سيارة,الرياض,شركة اكسبرس جايت,يعمل (نشط),231
HUNGER,4486543,2623827850,سيارة,الرياض,شركة اكسبرس جايت,يعمل (نشط),232
HUNGER,4717587,2624380438,دباب,جدة,شركة البوابا الموكبلا,يعمل (نشط),233
HUNGER,4706579,2624402620,سيارة,الرياض,مؤسسة البوابة التجارية,يعمل (نشط),234
HUNGER,4486453,2624498321,سيارة,الرياض,شركة اكسبرس جايت,يعمل (نشط),235
HUNGER,4547676,2624498370,سيارة,الرياض,شركة اكسبرس جايت,يعمل (نشط),236
HUNGER,4535053,2624714123,سيارة,الرياض,شركة اكسبرس جايت,يعمل (نشط),237
HUNGER,4774374,2625106170,دباب,جدة,شركة البوابا الموكبلا,يعمل (نشط),238
HUNGER,4718798,2626679514,دباب,الرياض,شركة البوابا الموكبلا,يعمل (نشط),239
HUNGER,4552867,2627168715,سيارة,الرياض,شركة اكسبرس جايت,يعمل (نشط),240
HUNGER,4712106,2627732189,سيارة,الرياض,مؤسسة البوابة التجارية,يعمل (نشط),241
HUNGER,4711273,2627732478,سيارة,الرياض,مؤسسة البوابة التجارية,يعمل (نشط),242
HUNGER,4703888,2627814672,سيارة,الرياض,مؤسسة البوابة التجارية,يعمل (نشط),243
HUNGER,4892337,2627814763,سيارة,جدة,مؤسسة البوابة التجارية,يعمل (نشط),244
HUNGER,4887739,2627814839,سيارة,الرياض,مؤسسة البوابة التجارية,يعمل (نشط),245
HUNGER,4700362,2627962364,سيارة,الرياض,مؤسسة البوابة التجارية,يعمل (نشط),246
HUNGER,4700479,2629018488,سيارة,الرياض,مؤسسة البوابة التجارية,يعمل (نشط),247
HUNGER,4700466,2629019411,سيارة,الرياض,مؤسسة البوابة التجارية,يعمل (نشط),248
HUNGER,4886350,2629273505,سيارة,جدة,مؤسسة البوابة التجارية,يعمل (نشط),249
HUNGER,4700462,2629565009,سيارة,الرياض,مؤسسة البوابة التجارية,يعمل (نشط),250
HUNGER,4711154,2629565173,سيارة,الرياض,مؤسسة البوابة التجارية,يعمل (نشط),251
HUNGER,4706467,2630243315,سيارة,الرياض,شركة البوابا الموكبلا,يعمل (نشط),252
HUNGER,4700344,2630314611,سيارة,الرياض,مؤسسة البوابة التجارية,يعمل (نشط),253
HUNGER,4702198,2630314744,سيارة,الرياض,مؤسسة البوابة التجارية,يعمل (نشط),254
HUNGER,4700336,2630315410,سيارة,الرياض,مؤسسة البوابة التجارية,يعمل (نشط),255
HUNGER,4894820,2630315881,سيارة,جدة,مؤسسة البوابة التجارية,يعمل (نشط),256
HUNGER,4700355,2630343412,سيارة,الرياض,مؤسسة البوابة التجارية,يعمل (نشط),257
HUNGER,4700359,2630564751,سيارة,الرياض,مؤسسة البوابة التجارية,يعمل (نشط),258
HUNGER,4706652,2630898415,سيارة,الرياض,مؤسسة البوابة التجارية,يعمل (نشط),259
HUNGER,4889105,2636062180,سيارة,جدة,مؤسسة البوابة التجارية,يعمل (نشط),260
HUNGER,4889365,2636062651,سيارة,جدة,مؤسسة البوابة التجارية,يعمل (نشط),261
HUNGER,4889106,2636655173,سيارة,الرياض,مؤسسة البوابة التجارية,يعمل (نشط),262
HUNGER,4868280,2636655421,سيارة,الرياض,مؤسسة البوابة التجارية,يعمل (نشط),263
HUNGER,4868453,2640150187,سيارة,الرياض,مؤسسة البوابة التجارية,يعمل (نشط),264
HUNGER,4486349,2620007464,سيارة,جدة,شركة اكسبرس جايت,يعمل (نشط),265
HUNGER,1929003,2076420757,سيارة,جدة,شركة اكسبرس جايت,موقوف (مشاكل نظامية),266
HUNGER,4463151,2347120533,سيارة,جدة,شركة اكسبرس جايت,موقوف (مشاكل نظامية),267
HUNGER,875187,2393242371,سيارة,جدة,شركة اكسبرس جايت,موقوف (مشاكل نظامية),268
HUNGER,1913046,2438765915,سيارة,جدة,شركة اكسبرس جايت,موقوف (مشاكل نظامية),269
HUNGER,1935377,2463596938,سيارة,جدة,شركة اكسبرس جايت,موقوف (مشاكل نظامية),270
HUNGER,637639,2471734224,دباب,جدة,شركة البوابا الموكبلا,موقوف (مشاكل نظامية),271
HUNGER,859462,2490507635,دباب,جدة,شركة البوابا الموكبلا,موقوف (مشاكل نظامية),272
HUNGER,1671832,2509950487,سيارة,جدة,شركة اكسبرس جايت,موقوف (مشاكل نظامية),273
HUNGER,1532114,2521027264,سيارة,الرياض,شركة اكسبرس جايت,موقوف (مشاكل نظامية),274
HUNGER,1712139,2525914756,سيارة,جدة,شركة اكسبرس جايت,موقوف (مشاكل نظامية),275
HUNGER,1716908,2532744329,سيارة,جدة,شركة اكسبرس جايت,موقوف (مشاكل نظامية),276
HUNGER,1995421,2533070799,دباب,جدة,شركة البوابا الموكبلا,موقوف (مشاكل نظامية),277
HUNGER,1955165,2535375196,سيارة,جدة,شركة البوابا الموكبلا,موقوف (مشاكل نظامية),278
HUNGER,2174094,2537012359,سيارة,جدة,شركة اكسبرس جايت,موقوف (مشاكل نظامية),279
HUNGER,1857029,2539395836,سيارة,جدة,شركة اكسبرس جايت,موقوف (مشاكل نظامية),280
HUNGER,1807432,2539776670,سيارة,جدة,شركة اكسبرس جايت,موقوف (مشاكل نظامية),281
HUNGER,4464569,2541115800,سيارة,الرياض,شركة اكسبرس جايت,موقوف (مشاكل نظامية),282
HUNGER,1938140,2544361567,دباب,جدة,شركة البوابا الموكبلا,موقوف (مشاكل نظامية),283
HUNGER,1823360,2545269660,سيارة,جدة,شركة اكسبرس جايت,موقوف (مشاكل نظامية),284
HUNGER,1970429,2545844504,سيارة,جدة,شركة اكسبرس جايت,موقوف (مشاكل نظامية),285
HUNGER,1927592,2546408820,سيارة,جدة,شركة اكسبرس جايت,موقوف (مشاكل نظامية),286
HUNGER,1948966,2551645738,دباب,جدة,شركة البوابا الموكبلا,موقوف (مشاكل نظامية),287
HUNGER,1963322,2554802294,دباب,جدة,شركة البوابا الموكبلا,موقوف (مشاكل نظامية),288
HUNGER,1945566,2555284278,دباب,جدة,شركة البوابا الموكبلا,موقوف (مشاكل نظامية),289
HUNGER,2003606,2555827928,دباب,جدة,شركة البوابا الموكبلا,موقوف (مشاكل نظامية),290
HUNGER,3988840,2556117972,سيارة,جدة,شركة البوابا الموكبلا,موقوف (مشاكل نظامية),291
HUNGER,2157108,2560200442,سيارة,جدة,شركة البوابا الموكبلا,موقوف (مشاكل نظامية),292
HUNGER,2075711,2560773141,سيارة,جدة,شركة البوابا الموكبلا,موقوف (مشاكل نظامية),293
HUNGER,2058369,2561524204,دباب,جدة,شركة البوابا الموكبلا,موقوف (مشاكل نظامية),294
HUNGER,2096733,2561524253,سيارة,جدة,شركة البوابا الموكبلا,موقوف (مشاكل نظامية),295
HUNGER,2203485,2565608417,سيارة,جدة,شركة اكسبرس جايت,موقوف (مشاكل نظامية),296
HUNGER,2095960,2565825235,دباب,جدة,شركة البوابا الموكبلا,موقوف (مشاكل نظامية),297
HUNGER,2080363,2565897168,دباب,جدة,شركة البوابا الموكبلا,موقوف (مشاكل نظامية),298
HUNGER,2216773,2566240384,دباب,جدة,شركة البوابا الموكبلا,موقوف (مشاكل نظامية),299
HUNGER,3941252,2567197658,دباب,جدة,شركة البوابا الموكبلا,موقوف (مشاكل نظامية),300
HUNGER,2102503,2567539735,دباب,جدة,شركة البوابا الموكبلا,موقوف (مشاكل نظامية),301
HUNGER,4241552,2570564845,سيارة,جدة,شركة اكسبرس جايت,موقوف (مشاكل نظامية),302
HUNGER,2162746,2574089302,سيارة,جدة,شركة اكسبرس جايت,موقوف (مشاكل نظامية),303
HUNGER,2162614,2574089484,سيارة,جدة,شركة اكسبرس جايت,موقوف (مشاكل نظامية),304
HUNGER,2264533,2574897324,سيارة,جدة,شركة اكسبرس جايت,موقوف (مشاكل نظامية),305
HUNGER,2251334,2574897464,سيارة,جدة,شركة اكسبرس جايت,موقوف (مشاكل نظامية),306
HUNGER,2268626,2575492794,سيارة,جدة,شركة اكسبرس جايت,موقوف (مشاكل نظامية),307
HUNGER,2250813,2575597667,سيارة,جدة,شركة اكسبرس جايت,موقوف (مشاكل نظامية),308
HUNGER,2486093,2577662378,سيارة,جدة,شركة اكسبرس جايت,موقوف (مشاكل نظامية),309
HUNGER,4480828,2578574465,سيارة,جدة,شركة اكسبرس جايت,موقوف (مشاكل نظامية),310
HUNGER,3821520,2578632750,دباب,جدة,شركة البوابا الموكبلا,موقوف (مشاكل نظامية),311
HUNGER,2203078,2580422653,دباب,جدة,شركة البوابا الموكبلا,موقوف (مشاكل نظامية),312
HUNGER,2420631,2581119480,دباب,جدة,شركة البوابا الموكبلا,موقوف (مشاكل نظامية),313
HUNGER,4683666,2581598550,سيارة,جدة,شركة البوابا الموكبلا,موقوف (مشاكل نظامية),314
HUNGER,2266849,2581764517,دباب,جدة,شركة اكسبرس جايت,موقوف (مشاكل نظامية),315
HUNGER,2262806,2582055105,دباب,جدة,شركة اكسبرس جايت,موقوف (مشاكل نظامية),316
HUNGER,2435389,2584127332,دباب,جدة,شركة البوابا الموكبلا,موقوف (مشاكل نظامية),317
HUNGER,2435689,2584127506,دباب,جدة,شركة البوابا الموكبلا,موقوف (مشاكل نظامية),318
HUNGER,4284280,2584246710,سيارة,جدة,شركة اكسبرس جايت,موقوف (مشاكل نظامية),319
HUNGER,2537561,2590077299,دباب,جدة,شركة البوابا الموكبلا,موقوف (مشاكل نظامية),320
HUNGER,2525655,2591566365,دباب,جدة,شركة البوابا الموكبلا,موقوف (مشاكل نظامية),321
HUNGER,2516456,2591788183,سيارة,جدة,شركة البوابا الموكبلا,موقوف (مشاكل نظامية),322
HUNGER,4715921,2591952755,دباب,جدة,شركة البوابا الموكبلا,موقوف (مشاكل نظامية),323
HUNGER,4132173,2592634063,دباب,جدة,شركة البوابا الموكبلا,موقوف (مشاكل نظامية),324
HUNGER,3922120,2594172450,سيارة,جدة,شركة البوابا الموكبلا,موقوف (مشاكل نظامية),325
HUNGER,4284367,2594991420,سيارة,جدة,شركة اكسبرس جايت,موقوف (مشاكل نظامية),326
HUNGER,3922746,2598672570,دباب,جدة,شركة البوابا الموكبلا,موقوف (مشاكل نظامية),327
HUNGER,4133500,2608465098,دباب,جدة,شركة البوابا الموكبلا,موقوف (مشاكل نظامية),328
HUNGER,4717776,2613681937,دباب,جدة,شركة البوابا الموكبلا,موقوف (مشاكل نظامية),329
HUNGER,4474198,2615560725,سيارة,الرياض,شركة اكسبرس جايت,موقوف (مشاكل نظامية),330
HUNGER,4717549,2615898091,دباب,جدة,شركة البوابا الموكبلا,موقوف (مشاكل نظامية),331
HUNGER,4320376,2618019182,سيارة,الرياض,شركة اكسبرس جايت,موقوف (مشاكل نظامية),332
HUNGER,4486507,2619448679,سيارة,الرياض,شركة اكسبرس جايت,موقوف (مشاكل نظامية),333
HUNGER,4459693,2621321203,سيارة,الرياض,شركة اكسبرس جايت,موقوف (مشاكل نظامية),334
HUNGER,4565970,2627167543,سيارة,الرياض,شركة اكسبرس جايت,موقوف (مشاكل نظامية),335
HUNGER,2180454,2568285346,دباب,جدة,شركة اكسبرس جايت,موقوف (مشاكل نظامية),336
HUNGER,2186239,2570298998,دباب,جدة,شركة اكسبرس جايت,موقوف (مشاكل نظامية),337
HUNGER,1305009,2425236102,سيارة,جدة,شركة البوابا الموكبلا,غير نشط (أرشيف),338
HUNGER,1926184,2547821708,سيارة,جدة,شركة اكسبرس جايت,غير نشط (أرشيف),339
HUNGER,4494177,2557894298,سيارة,الرياض,شركة اكسبرس جايت,غير نشط (أرشيف),340
HUNGER,802385,2353032143,سيارة,جدة,شركة البوابا الموكبلا,غير نشط (أرشيف),341
HUNGER,872469,2238306175,سيارة,جدة,شركة البوابا الموكبلا,غير نشط (أرشيف),342
HUNGER,929198,2481386031,سيارة,جدة,شركة اكسبرس جايت,غير نشط (أرشيف),343
HUNGER,1089289,2374918742,سيارة,جدة,شركة اكسبرس جايت,غير نشط (أرشيف),344
HUNGER,1300922,2285099194,سيارة,جدة,شركة اكسبرس جايت,غير نشط (أرشيف),345
HUNGER,1472578,2144810625,سيارة,جدة,شركة اكسبرس جايت,غير نشط (أرشيف),346
HUNGER,1941085,2555284708,دباب,جدة,شركة البوابا الموكبلا,غير نشط (أرشيف),347
HUNGER,1956521,2507652275,دباب,جدة,شركة اكسبرس جايت,غير نشط (أرشيف),348
HUNGER,1959210,2550371856,سيارة,جدة,شركة اكسبرس جايت,غير نشط (أرشيف),349
HUNGER,1966583,2522011358,دباب,جدة,شركة البوابا الموكبلا,غير نشط (أرشيف),350
HUNGER,1987522,2556444491,دباب,جدة,شركة البوابا الموكبلا,غير نشط (أرشيف),351
HUNGER,2008940,2519848804,دباب,جدة,شركة اكسبرس جايت,غير نشط (أرشيف),352
HUNGER,2012276,2559699216,سيارة,جدة,شركة اكسبرس جايت,غير نشط (أرشيف),353
HUNGER,2025392,2555915038,سيارة,جدة,شركة اكسبرس جايت,غير نشط (أرشيف),354
HUNGER,2032598,2555916721,سيارة,جدة,شركة اكسبرس جايت,غير نشط (أرشيف),355
HUNGER,2061629,2564153589,دباب,جدة,شركة البوابا الموكبلا,غير نشط (أرشيف),356
HUNGER,2063966,2567173170,دباب,جدة,شركة البوابا الموكبلا,غير نشط (أرشيف),357
HUNGER,2080356,2566441529,سيارة,جدة,شركة البوابا الموكبلا,غير نشط (أرشيف),358
HUNGER,2144098,2572701353,دباب,جدة,شركة البوابا الموكبلا,غير نشط (أرشيف),359
HUNGER,2154162,2574682502,دباب,جدة,شركة البوابا الموكبلا,غير نشط (أرشيف),360
HUNGER,2155941,2570601621,دباب,جدة,شركة البوابا الموكبلا,غير نشط (أرشيف),361
HUNGER,2156365,2576994335,سيارة,جدة,شركة البوابا الموكبلا,غير نشط (أرشيف),362
HUNGER,2156714,2574738866,سيارة,جدة,شركة اكسبرس جايت,غير نشط (أرشيف),363
HUNGER,2163355,2571191648,سيارة,جدة,شركة البوابا الموكبلا,غير نشط (أرشيف),364
HUNGER,2178880,2571077854,سيارة,جدة,شركة البوابا الموكبلا,غير نشط (أرشيف),365
HUNGER,2179033,2562698833,دباب,جدة,شركة اكسبرس جايت,غير نشط (أرشيف),366
HUNGER,2180445,2569101781,دباب,جدة,شركة البوابا الموكبلا,غير نشط (أرشيف),367
HUNGER,2184800,2510588011,دباب,جدة,خارج الكفالة,غير نشط (أرشيف),368
HUNGER,2201390,2578128130,سيارة,جدة,شركة اكسبرس جايت,غير نشط (أرشيف),369
HUNGER,2436988,2576612564,سيارة,جدة,شركة البوابا الموكبلا,غير نشط (أرشيف),370
HUNGER,2439143,2586981074,دباب,جدة,شركة البوابا الموكبلا,غير نشط (أرشيف),371
HUNGER,2439165,2584127670,سيارة,جدة,شركة البوابا الموكبلا,غير نشط (أرشيف),372
HUNGER,2475567,2588796272,دباب,جدة,شركة البوابا الموكبلا,غير نشط (أرشيف),373
HUNGER,2475616,2588797916,سيارة,جدة,شركة البوابا الموكبلا,غير نشط (أرشيف),374
HUNGER,2475660,2588795746,دباب,جدة,شركة البوابا الموكبلا,غير نشط (أرشيف),375
HUNGER,2491980,2590338337,دباب,جدة,شركة البوابا الموكبلا,غير نشط (أرشيف),376
HUNGER,2511772,2590077778,دباب,جدة,خارج الكفالة,غير نشط (أرشيف),377
HUNGER,3789740,2597583356,دباب,جدة,شركة البوابا الموكبلا,غير نشط (أرشيف),378
HUNGER,3913149,2589836499,دباب,جدة,شركة البوابا الموكبلا,غير نشط (أرشيف),379
HUNGER,3922992,2522699293,سيارة,جدة,شركة البوابا الموكبلا,غير نشط (أرشيف),380
HUNGER,3925311,2578070837,سيارة,جدة,شركة البوابا الموكبلا,غير نشط (أرشيف),381
HUNGER,3992647,2601670785,سيارة,جدة,شركة البوابا الموكبلا,غير نشط (أرشيف),382
HUNGER,4043514,2599679483,سيارة,جدة,شركة البوابا الموكبلا,غير نشط (أرشيف),383
HUNGER,4045429,2570438669,سيارة,جدة,شركة اكسبرس جايت,غير نشط (أرشيف),384
HUNGER,4065838,2599909062,سيارة,جدة,شركة البوابا الموكبلا,غير نشط (أرشيف),385
HUNGER,4065943,2601062330,سيارة,جدة,شركة البوابا الموكبلا,غير نشط (أرشيف),386
HUNGER,4133041,2586653863,سيارة,جدة,شركة البوابا الموكبلا,غير نشط (أرشيف),387
HUNGER,4133321,2591048307,سيارة,جدة,شركة البوابا الموكبلا,غير نشط (أرشيف),388
HUNGER,4133332,2559241233,سيارة,جدة,شركة البوابا الموكبلا,غير نشط (أرشيف),389
HUNGER,4133401,2434190522,دباب,جدة,شركة البوابا الموكبلا,غير نشط (أرشيف),390
HUNGER,4133410,2586925089,دباب,جدة,شركة البوابا الموكبلا,غير نشط (أرشيف),391
HUNGER,4175471,2577281583,سيارة,جدة,شركة البوابا الموكبلا,غير نشط (أرشيف),392
HUNGER,4194309,2560600120,سيارة,جدة,خارج الكفالة,غير نشط (أرشيف),393
HUNGER,4231335,2570359832,سيارة,جدة,شركة اكسبرس جايت,غير نشط (أرشيف),394
HUNGER,4231764,2613242037,سيارة,الرياض,شركة اكسبرس جايت,غير نشط (أرشيف),395
HUNGER,4231895,2593749977,سيارة,جدة,خارج الكفالة,غير نشط (أرشيف),396
HUNGER,4241348,2489930913,سيارة,جدة,شركة اكسبرس جايت,غير نشط (أرشيف),397
HUNGER,4242066,2599253867,سيارة,جدة,شركة اكسبرس جايت,غير نشط (أرشيف),398
HUNGER,4243539,2590907875,سيارة,جدة,شركة اكسبرس جايت,غير نشط (أرشيف),399
HUNGER,4244259,2581622012,سيارة,جدة,شركة اكسبرس جايت,غير نشط (أرشيف),400
HUNGER,4246349,2589621826,سيارة,الرياض,شركة اكسبرس جايت,غير نشط (أرشيف),401
HUNGER,4252785,2541279051,سيارة,جدة,شركة اكسبرس جايت,غير نشط (أرشيف),402
HUNGER,4260524,2519581546,سيارة,جدة,شركة اكسبرس جايت,غير نشط (أرشيف),403
HUNGER,4261516,2517998551,سيارة,جدة,شركة اكسبرس جايت,غير نشط (أرشيف),404
HUNGER,4262492,2512025293,سيارة,جدة,شركة اكسبرس جايت,غير نشط (أرشيف),405
HUNGER,4262506,2591472507,سيارة,جدة,شركة اكسبرس جايت,غير نشط (أرشيف),406
HUNGER,4278522,2519510107,سيارة,جدة,شركة اكسبرس جايت,غير نشط (أرشيف),407
HUNGER,4278741,2566572620,سيارة,جدة,شركة اكسبرس جايت,غير نشط (أرشيف),408
HUNGER,4278759,2504982758,سيارة,جدة,خارج الكفالة,غير نشط (أرشيف),409
HUNGER,4284269,2552763415,سيارة,جدة,خارج الكفالة,غير نشط (أرشيف),410
HUNGER,4284437,2568469064,سيارة,جدة,شركة اكسبرس جايت,غير نشط (أرشيف),411
HUNGER,4324832,2302460882,سيارة,الرياض,شركة اكسبرس جايت,غير نشط (أرشيف),412
HUNGER,4453442,2601062538,سيارة,جدة,شركة اكسبرس جايت,غير نشط (أرشيف),413
HUNGER,4459742,2561010998,سيارة,جدة,شركة اكسبرس جايت,غير نشط (أرشيف),414
HUNGER,4463179,2603742103,سيارة,جدة,شركة اكسبرس جايت,غير نشط (أرشيف),415
HUNGER,4681476,2612093464,سيارة,جدة,شركة البوابا الموكبلا,غير نشط (أرشيف),416
HUNGER,4478882,2510059021,سيارة,جدة,شركة اكسبرس جايت,غير نشط (أرشيف),417
HUNGER,4480727,2618668764,سيارة,جدة,شركة اكسبرس جايت,غير نشط (أرشيف),418
HUNGER,4481735,2608898918,سيارة,جدة,شركة اكسبرس جايت,غير نشط (أرشيف),419
HUNGER,4484192,2584449017,سيارة,جدة,شركة اكسبرس جايت,غير نشط (أرشيف),420
HUNGER,4484203,2604608402,سيارة,جدة,شركة اكسبرس جايت,غير نشط (أرشيف),421
HUNGER,4486526,2616495988,سيارة,الرياض,شركة اكسبرس جايت,غير نشط (أرشيف),422
HUNGER,4498998,2566798431,سيارة,جدة,شركة اكسبرس جايت,غير نشط (أرشيف),423
HUNGER,4501229,2619359868,سيارة,الرياض,شركة اكسبرس جايت,غير نشط (أرشيف),424
HUNGER,4519367,2572617187,سيارة,الرياض,شركة اكسبرس جايت,غير نشط (أرشيف),425
HUNGER,4528671,2621094818,سيارة,جدة,شركة اكسبرس جايت,غير نشط (أرشيف),426
HUNGER,4540040,2577255538,سيارة,جدة,شركة اكسبرس جايت,غير نشط (أرشيف),427
HUNGER,4472000,2621321310,سيارة,الرياض,شركة اكسبرس جايت,غير نشط (أرشيف),428
HUNGER,4683422,2621095542,سيارة,جدة,شركة البوابا الموكبلا,غير نشط (أرشيف),429
HUNGER,4699727,2630314660,سيارة,الرياض,مؤسسة البوابة التجارية,غير نشط (أرشيف),430
HUNGER,4700487,2629565314,سيارة,الرياض,مؤسسة البوابة التجارية,غير نشط (أرشيف),431
HUNGER,4700492,2630230577,سيارة,جدة,مؤسسة البوابة التجارية,غير نشط (أرشيف),432
HUNGER,4702214,2630315295,سيارة,جدة,مؤسسة البوابة التجارية,غير نشط (أرشيف),433
HUNGER,4703886,2627732957,سيارة,الرياض,مؤسسة البوابة التجارية,غير نشط (أرشيف),434
HUNGER,4706698,2633076621,سيارة,الرياض,مؤسسة البوابة التجارية,غير نشط (أرشيف),435
HUNGER,4706801,2624402927,سيارة,الرياض,مؤسسة البوابة التجارية,غير نشط (أرشيف),436
HUNGER,4706994,2624402406,سيارة,الرياض,مؤسسة البوابة التجارية,غير نشط (أرشيف),437
HUNGER,4715740,2621361480,دباب,جدة,شركة البوابا الموكبلا,غير نشط (أرشيف),438
HUNGER,4719277,2588082814,سيارة,جدة,شركة البوابا الموكبلا,غير نشط (أرشيف),439
CHEFSZ,2522777933,2522777933,سيارة,جدة,شركة اكسبرس جايت,نشط (Active),2
CHEFSZ,2531302228,2531302228,سيارة,جدة,شركة اكسبرس جايت,نشط (Active),3
CHEFSZ,2512126406,2512126406,سيارة,جدة,شركة اكسبرس جايت,نشط (Active),4
CHEFSZ,2393242371,2393242371,سيارة,جدة,شركة اكسبرس جايت,نشط (Active),5
CHEFSZ,2513764213,2513764213,سيارة,جدة,شركة اكسبرس جايت,نشط (Active),6
CHEFSZ,2551092097,2551092097,سيارة,جدة,شركة اكسبرس جايت,نشط (Active),7
CHEFSZ,2563523154,2563523154,سيارة,جدة,شركة اكسبرس جايت,نشط (Active),8
CHEFSZ,2076420757,2076420757,سيارة,جدة,شركة اكسبرس جايت,نشط (Active),9
CHEFSZ,2574682502,2574682502,سيارة,جدة,شركة اكسبرس جايت,محظور من التطبيق,10
CHEFSZ,2582055105,2582055105,سيارة,جدة,شركة اكسبرس جايت,نشط (Active),11
CHEFSZ,2574083834,2574083834,سيارة,جدة,شركة اكسبرس جايت,محظور من التطبيق,12
CHEFSZ,2531255582,2531255582,سيارة,جدة,شركة اكسبرس جايت,نشط (Active),13
CHEFSZ,2510588011,2510588011,سيارة,جدة,شركة اكسبرس جايت,محظور من التطبيق,14
CHEFSZ,2550371856,2550371856,سيارة,جدة,شركة اكسبرس جايت,محظور من التطبيق,15
CHEFSZ,2575597774,2575597774,سيارة,جدة,شركة اكسبرس جايت,نشط (Active),16
CHEFSZ,2575597667,2575597667,سيارة,جدة,شركة اكسبرس جايت,نشط (Active),17
CHEFSZ,2575492794,2575492794,سيارة,جدة,شركة اكسبرس جايت,محظور من التطبيق,18
CHEFSZ,2562698833,2562698833,سيارة,جدة,شركة اكسبرس جايت,معلق من المشرف,19
CHEFSZ,2571191648,2571191648,سيارة,جدة,شركة اكسبرس جايت,محظور من التطبيق,20
CHEFSZ,2539395836,2539395836,سيارة,جدة,شركة اكسبرس جايت,نشط (Active),21
CHEFSZ,2550771675,2550771675,سيارة,جدة,شركة اكسبرس جايت,معلق من المشرف,22
CHEFSZ,2481386031,2481386031,سيارة,جدة,شركة اكسبرس جايت,محظور من التطبيق,23
CHEFSZ,2574897324,2574897324,سيارة,جدة,شركة اكسبرس جايت,محظور من التطبيق,24
CHEFSZ,2509950487,2509950487,سيارة,جدة,شركة اكسبرس جايت,نشط (Active),25
CHEFSZ,2528033984,2528033984,سيارة,جدة,شركة اكسبرس جايت,محظور من التطبيق,26
CHEFSZ,2374918742,2374918742,سيارة,جدة,شركة اكسبرس جايت,محظور من التطبيق,27
CHEFSZ,2578128130,2578128130,سيارة,جدة,شركة اكسبرس جايت,نشط (Active),28
CHEFSZ,2555916721,2555916721,سيارة,جدة,شركة اكسبرس جايت,محظور من التطبيق,29
CHEFSZ,2532744329,2532744329,سيارة,جدة,شركة اكسبرس جايت,محظور من التطبيق,30
CHEFSZ,2507652275,2507652275,سيارة,جدة,شركة اكسبرس جايت,محظور من التطبيق,31
CHEFSZ,2555915038,2555915038,سيارة,جدة,شركة اكسبرس جايت,نشط (Active),32
CHEFSZ,2565608417,2565608417,سيارة,جدة,شركة اكسبرس جايت,معلق من المشرف,33
CHEFSZ,2545269660,2545269660,سيارة,جدة,شركة اكسبرس جايت,نشط (Active),34
CHEFSZ,2547821708,2547821708,سيارة,جدة,شركة اكسبرس جايت,نشط (Active),35
CHEFSZ,2539559241,2539559241,سيارة,جدة,شركة اكسبرس جايت,محظور من التطبيق,36
CHEFSZ,2539776670,2539776670,سيارة,جدة,شركة اكسبرس جايت,نشط (Active),37
CHEFSZ,2463596938,2463596938,سيارة,جدة,شركة اكسبرس جايت,محظور من التطبيق,38
CHEFSZ,2525914756,2525914756,سيارة,جدة,شركة اكسبرس جايت,نشط (Active),39
CHEFSZ,2574089302,2574089302,سيارة,جدة,شركة اكسبرس جايت,محظور من التطبيق,40
CHEFSZ,2555284708,2555284708,سيارة,جدة,شركة اكسبرس جايت,محظور من التطبيق,41
CHEFSZ,2519848804,2519848804,سيارة,جدة,شركة اكسبرس جايت,محظور من التطبيق,42
CHEFSZ,2453915957,2453915957,سيارة,جدة,شركة اكسبرس جايت,محظور من التطبيق,43
CHEFSZ,2581764517,2581764517,سيارة,جدة,شركة اكسبرس جايت,نشط (Active),44
CHEFSZ,2541259848,2541259848,سيارة,جدة,شركة اكسبرس جايت,نشط (Active),45
CHEFSZ,2581767528,2581767528,سيارة,جدة,شركة اكسبرس جايت,نشط (Active),46
CHEFSZ,2438765915,2438765915,سيارة,جدة,شركة اكسبرس جايت,نشط (Active),47
CHEFSZ,2554878906,2554878906,سيارة,جدة,شركة اكسبرس جايت,محظور من التطبيق,48
CHEFSZ,2546408820,2546408820,سيارة,جدة,شركة اكسبرس جايت,نشط (Active),49
CHEFSZ,2352329052,2352329052,سيارة,جدة,شركة اكسبرس جايت,نشط (Active),50
CHEFSZ,2574738866,2574738866,سيارة,جدة,شركة اكسبرس جايت,محظور من التطبيق,51
CHEFSZ,2417830615,2417830615,سيارة,جدة,شركة اكسبرس جايت,نشط (Active),52
CHEFSZ,2509129876,2509129876,سيارة,جدة,شركة اكسبرس جايت,نشط (Active),53
CHEFSZ,2608760977,2608760977,سيارة,جدة,شركة اكسبرس جايت,نشط (Active),54
CHEFSZ,2578574465,2578574465,سيارة,جدة,شركة اكسبرس جايت,نشط (Active),55
CHEFSZ,2521027264,2521027264,سيارة,جدة,شركة اكسبرس جايت,نشط (Active),56
CHEFSZ,2552431948,2552431948,سيارة,جدة,شركة اكسبرس جايت,نشط (Active),57
CHEFSZ,2559976770,2559976770,سيارة,جدة,شركة اكسبرس جايت,نشط (Active),58
CHEFSZ,2489930913,2489930913,سيارة,جدة,شركة اكسبرس جايت,محظور من التطبيق,59
CHEFSZ,2612089009,2612089009,سيارة,جدة,شركة اكسبرس جايت,نشط (Active),60
CHEFSZ,2564289847,2564289847,سيارة,جدة,شركة اكسبرس جايت,نشط (Active),61
CHEFSZ,2530793047,2530793047,سيارة,جدة,شركة اكسبرس جايت,نشط (Active),62
CHEFSZ,2581622012,2581622012,سيارة,جدة,شركة اكسبرس جايت,محظور من التطبيق,63
CHEFSZ,2256734357,2256734357,سيارة,جدة,شركة اكسبرس جايت,نشط (Active),64
CHEFSZ,2603735420,2603735420,سيارة,جدة,شركة اكسبرس جايت,نشط (Active),65
CHEFSZ,2616040024,2616040024,سيارة,جدة,شركة اكسبرس جايت,نشط (Active),66
CHEFSZ,2519581546,2519581546,سيارة,جدة,شركة اكسبرس جايت,محظور من التطبيق,67
CHEFSZ,2517998551,2517998551,سيارة,جدة,شركة اكسبرس جايت,محظور من التطبيق,68
CHEFSZ,2561737145,2561737145,سيارة,جدة,شركة اكسبرس جايت,محظور من التطبيق,69
CHEFSZ,2515137129,2515137129,سيارة,جدة,شركة اكسبرس جايت,نشط (Active),70
CHEFSZ,2598671838,2598671838,سيارة,جدة,شركة اكسبرس جايت,محظور من التطبيق,71
CHEFSZ,2498254552,2498254552,سيارة,جدة,شركة اكسبرس جايت,محظور من التطبيق,72
CHEFSZ,2519510107,2519510107,سيارة,جدة,شركة اكسبرس جايت,محظور من التطبيق,73
CHEFSZ,2512025293,2512025293,سيارة,جدة,شركة اكسبرس جايت,نشط (Active),74
CHEFSZ,2590176034,2590176034,سيارة,جدة,شركة اكسبرس جايت,محظور من التطبيق,75
CHEFSZ,2602293777,2602293777,سيارة,جدة,شركة اكسبرس جايت,محظور من التطبيق,76
CHEFSZ,2580424253,2580424253,سيارة,جدة,شركة اكسبرس جايت,نشط (Active),77
CHEFSZ,2552763415,2552763415,سيارة,جدة,شركة اكسبرس جايت,محظور من التطبيق,78
CHEFSZ,2588712998,2588712998,سيارة,جدة,شركة اكسبرس جايت,نشط (Active),79
CHEFSZ,2464211263,2464211263,سيارة,جدة,شركة اكسبرس جايت,نشط (Active),80
CHEFSZ,2285099194,2285099194,سيارة,جدة,شركة اكسبرس جايت,محظور من التطبيق,81
CHEFSZ,2581625023,2581625023,سيارة,جدة,شركة اكسبرس جايت,نشط (Active),82
CHEFSZ,2584449017,2584449017,سيارة,جدة,شركة اكسبرس جايت,محظور من التطبيق,83
CHEFSZ,2586293173,2586293173,سيارة,جدة,شركة اكسبرس جايت,نشط (Active),84
CHEFSZ,2582105843,2582105843,سيارة,جدة,شركة اكسبرس جايت,نشط (Active),85
CHEFSZ,2568469064,2568469064,سيارة,جدة,شركة اكسبرس جايت,محظور من التطبيق,86
CHEFSZ,2584453951,2584453951,سيارة,جدة,شركة اكسبرس جايت,نشط (Active),87
CHEFSZ,2608898918,2608898918,سيارة,جدة,شركة اكسبرس جايت,نشط (Active),88
CHEFSZ,2612557153,2612557153,سيارة,جدة,شركة اكسبرس جايت,نشط (Active),89
CHEFSZ,2614052658,2614052658,سيارة,جدة,شركة اكسبرس جايت,نشط (Active),90
CHEFSZ,2570564845,2570564845,سيارة,جدة,شركة اكسبرس جايت,نشط (Active),91
CHEFSZ,2597799051,2597799051,سيارة,جدة,شركة اكسبرس جايت,نشط (Active),92
CHEFSZ,2546064722,2546064722,سيارة,جدة,شركة اكسبرس جايت,نشط (Active),93
CHEFSZ,2614003578,2614003578,سيارة,جدة,شركة اكسبرس جايت,نشط (Active),94
CHEFSZ,2541279051,2541279051,سيارة,جدة,شركة اكسبرس جايت,محظور من التطبيق,95
CHEFSZ,2570359832,2570359832,سيارة,جدة,شركة اكسبرس جايت,محظور من التطبيق,96
CHEFSZ,2590907875,2590907875,سيارة,جدة,شركة اكسبرس جايت,معلق من المشرف,97
CHEFSZ,2613172812,2613172812,سيارة,جدة,شركة اكسبرس جايت,نشط (Active),98
CHEFSZ,2566572620,2566572620,سيارة,جدة,شركة اكسبرس جايت,نشط (Active),99
CHEFSZ,2566798431,2566798431,سيارة,جدة,شركة اكسبرس جايت,محظور من التطبيق,100
CHEFSZ,2594991420,2594991420,سيارة,جدة,شركة اكسبرس جايت,نشط (Active),101
CHEFSZ,2614530877,2614530877,سيارة,جدة,شركة اكسبرس جايت,محظور من التطبيق,102
CHEFSZ,2510059021,2510059021,سيارة,جدة,شركة اكسبرس جايت,نشط (Active),103
CHEFSZ,2302460882,2302460882,سيارة,جدة,شركة اكسبرس جايت,محظور من التطبيق,104
CHEFSZ,2504982758,2504982758,سيارة,جدة,شركة اكسبرس جايت,محظور من التطبيق,105
CHEFSZ,2621224373,2621224373,سيارة,جدة,شركة اكسبرس جايت,نشط (Active),106
CHEFSZ,2588159976,2588159976,سيارة,جدة,شركة اكسبرس جايت,محظور من التطبيق,107
CHEFSZ,2527406538,2527406538,سيارة,جدة,شركة اكسبرس جايت,نشط (Active),108
CHEFSZ,2335022626,2335022626,سيارة,جدة,شركة اكسبرس جايت,نشط (Active),109
CHEFSZ,2557894298,2557894298,سيارة,جدة,شركة اكسبرس جايت,محظور من التطبيق,110
CHEFSZ,2609815044,2609815044,سيارة,جدة,شركة اكسبرس جايت,معلق من المشرف,111
CHEFSZ,2545493385,2545493385,سيارة,جدة,شركة اكسبرس جايت,محظور من التطبيق,112
CHEFSZ,2609054594,2609054594,سيارة,جدة,شركة اكسبرس جايت,نشط (Active),113
CHEFSZ,2621224613,2621224613,سيارة,جدة,شركة اكسبرس جايت,نشط (Active),114
CHEFSZ,2615981905,2615981905,سيارة,جدة,شركة اكسبرس جايت,نشط (Active),115
CHEFSZ,2615982051,2615982051,سيارة,جدة,شركة اكسبرس جايت,نشط (Active),116
CHEFSZ,2618019182,2618019182,سيارة,جدة,شركة اكسبرس جايت,نشط (Active),117
CHEFSZ,2347120533,2347120533,سيارة,جدة,شركة اكسبرس جايت,نشط (Active),118
CHEFSZ,2621321310,2621321310,سيارة,جدة,شركة اكسبرس جايت,محظور من التطبيق,119
CHEFSZ,2620688800,2620688800,سيارة,جدة,شركة اكسبرس جايت,نشط (Active),120
CHEFSZ,2621321203,2621321203,سيارة,جدة,شركة اكسبرس جايت,نشط (Active),121
CHEFSZ,2618841361,2618841361,سيارة,جدة,شركة اكسبرس جايت,نشط (Active),122
CHEFSZ,2619359868,2619359868,سيارة,جدة,شركة اكسبرس جايت,محظور من التطبيق,123
CHEFSZ,2341264758,2341264758,سيارة,جدة,شركة اكسبرس جايت,نشط (Active),124
CHEFSZ,2618668764,2618668764,سيارة,جدة,شركة اكسبرس جايت,نشط (Active),125
CHEFSZ,2619448679,2619448679,سيارة,جدة,شركة اكسبرس جايت,نشط (Active),126
CHEFSZ,2616495988,2616495988,سيارة,جدة,شركة اكسبرس جايت,محظور من التطبيق,127
CHEFSZ,2620007464,2620007464,سيارة,جدة,شركة اكسبرس جايت,نشط (Active),128
CHEFSZ,2615930167,2615930167,سيارة,جدة,شركة اكسبرس جايت,نشط (Active),129
CHEFSZ,2620882908,2620882908,سيارة,جدة,شركة اكسبرس جايت,نشط (Active),130
CHEFSZ,2624714123,2624714123,سيارة,جدة,شركة اكسبرس جايت,نشط (Active),131
CHEFSZ,2620868998,2620868998,سيارة,جدة,شركة اكسبرس جايت,نشط (Active),132
CHEFSZ,2620593968,2620593968,سيارة,جدة,شركة اكسبرس جايت,نشط (Active),133
CHEFSZ,2619451707,2619451707,سيارة,جدة,شركة اكسبرس جايت,نشط (Active),134
CHEFSZ,2620008447,2620008447,سيارة,جدة,شركة اكسبرس جايت,نشط (Active),135
CHEFSZ,2587956117,2587956117,سيارة,جدة,شركة اكسبرس جايت,نشط (Active),136
CHEFSZ,2599253867,2599253867,سيارة,جدة,شركة اكسبرس جايت,محظور من التطبيق,137
CHEFSZ,2500359027,2500359027,سيارة,جدة,شركة اكسبرس جايت,نشط (Active),138
CHEFSZ,2584246710,2584246710,سيارة,جدة,شركة اكسبرس جايت,نشط (Active),139
CHEFSZ,2588599957,2588599957,سيارة,جدة,شركة اكسبرس جايت,نشط (Active),140
CHEFSZ,2505831657,2505831657,سيارة,جدة,شركة اكسبرس جايت,نشط (Active),141
CHEFSZ,2615560725,2615560725,سيارة,جدة,شركة اكسبرس جايت,نشط (Active),142
CHEFSZ,2623793649,2623793649,سيارة,جدة,شركة اكسبرس جايت,نشط (Active),143
CHEFSZ,2621225396,2621225396,سيارة,جدة,شركة اكسبرس جايت,نشط (Active),144
CHEFSZ,2624498321,2624498321,سيارة,جدة,شركة اكسبرس جايت,نشط (Active),145
CHEFSZ,2623781321,2623781321,سيارة,جدة,شركة اكسبرس جايت,نشط (Active),146
CHEFSZ,2535622282,2535622282,سيارة,جدة,شركة اكسبرس جايت,نشط (Active),147
CHEFSZ,2608175119,2608175119,سيارة,جدة,شركة اكسبرس جايت,محظور من التطبيق,148
CHEFSZ,2616110728,2616110728,سيارة,جدة,شركة اكسبرس جايت,نشط (Active),149
CHEFSZ,2597241476,2597241476,سيارة,جدة,شركة اكسبرس جايت,نشط (Active),150
CHEFSZ,2524629504,2524629504,سيارة,جدة,شركة اكسبرس جايت,نشط (Active),151
CHEFSZ,2561010998,2561010998,سيارة,جدة,شركة اكسبرس جايت,محظور من التطبيق,152
CHEFSZ,2603742103,2603742103,سيارة,جدة,شركة اكسبرس جايت,نشط (Active),153
CHEFSZ,2584539486,2584539486,سيارة,جدة,شركة اكسبرس جايت,محظور من التطبيق,154
CHEFSZ,2545844504,2545844504,سيارة,جدة,شركة اكسبرس جايت,محظور من التطبيق,155
CHEFSZ,2577255538,2577255538,سيارة,جدة,شركة اكسبرس جايت,نشط (Active),156
CHEFSZ,2621484548,2621484548,سيارة,جدة,شركة اكسبرس جايت,نشط (Active),157
CHEFSZ,2537012359,2537012359,سيارة,جدة,شركة اكسبرس جايت,نشط (Active),158
CHEFSZ,2599549231,2599549231,سيارة,جدة,شركة اكسبرس جايت,نشط (Active),159
CHEFSZ,2577524115,2577524115,سيارة,جدة,شركة اكسبرس جايت,نشط (Active),160
CHEFSZ,2541115800,2541115800,سيارة,جدة,شركة اكسبرس جايت,نشط (Active),161
CHEFSZ,2594630622,2594630622,سيارة,جدة,شركة اكسبرس جايت,محظور من التطبيق,162
CHEFSZ,2535636027,2535636027,سيارة,جدة,شركة اكسبرس جايت,نشط (Active),163
CHEFSZ,2567243304,2567243304,سيارة,جدة,شركة اكسبرس جايت,نشط (Active),164
CHEFSZ,2624498370,2624498370,سيارة,جدة,شركة اكسبرس جايت,نشط (Active),165
CHEFSZ,2516196678,2516196678,سيارة,جدة,شركة اكسبرس جايت,نشط (Active),166
CHEFSZ,2612590345,2612590345,سيارة,جدة,شركة اكسبرس جايت,نشط (Active),167
CHEFSZ,2605375407,2605375407,سيارة,جدة,شركة اكسبرس جايت,نشط (Active),168
CHEFSZ,2591694381,2591694381,سيارة,جدة,شركة اكسبرس جايت,نشط (Active),169
CHEFSZ,2616612368,2616612368,سيارة,جدة,شركة اكسبرس جايت,نشط (Active),170
CHEFSZ,2592738195,2592738195,سيارة,جدة,شركة اكسبرس جايت,نشط (Active),171
CHEFSZ,2623793433,2623793433,سيارة,جدة,شركة اكسبرس جايت,نشط (Active),172
CHEFSZ,2567538208,2567538208,سيارة,جدة,شركة اكسبرس جايت,نشط (Active),173
CHEFSZ,2591985516,2591985516,سيارة,جدة,شركة اكسبرس جايت,نشط (Active),174
CHEFSZ,2508923329,2508923329,سيارة,جدة,شركة اكسبرس جايت,نشط (Active),175
CHEFSZ,2620052452,2620052452,سيارة,جدة,شركة اكسبرس جايت,نشط (Active),176
CHEFSZ,2579125853,2579125853,سيارة,جدة,شركة اكسبرس جايت,نشط (Active),177
CHEFSZ,2618863134,2618863134,سيارة,جدة,شركة اكسبرس جايت,نشط (Active),178
CHEFSZ,2618813436,2618813436,سيارة,جدة,شركة اكسبرس جايت,نشط (Active),179
CHEFSZ,2570298998,2570298998,سيارة,جدة,شركة اكسبرس جايت,نشط (Active),180
CHEFSZ,2568285346,2568285346,سيارة,جدة,شركة اكسبرس جايت,نشط (Active),181
CHEFSZ,2596606422,2596606422,سيارة,جدة,شركة اكسبرس جايت,نشط (Active),182
CHEFSZ,2591952813,2591952813,سيارة,جدة,شركة اكسبرس جايت,نشط (Active),183
CHEFSZ,2620274197,2620274197,سيارة,جدة,شركة اكسبرس جايت,نشط (Active),184
CHEFSZ,2614137541,2614137541,سيارة,جدة,شركة اكسبرس جايت,نشط (Active),185
CHEFSZ,2605750997,2605750997,سيارة,جدة,شركة اكسبرس جايت,نشط (Active),186
CHEFSZ,2574083222,2574083222,دباب / دراجة,جدة,شركة اكسبرس جايت,نشط (Active),187
CHEFSZ,2588796272,2588796272,دباب / دراجة,جدة,شركة اكسبرس جايت,محظور من التطبيق,188
CHEFSZ,2549268429,2549268429,دباب / دراجة,جدة,شركة اكسبرس جايت,معلق من المشرف,189
CHEFSZ,2578632750,2578632750,دباب / دراجة,جدة,شركة اكسبرس جايت,معلق من المشرف,190
CHEFSZ,2578632909,2578632909,دباب / دراجة,جدة,شركة اكسبرس جايت,معلق من المشرف,191
CHEFSZ,2581056997,2581056997,دباب / دراجة,جدة,شركة اكسبرس جايت,نشط (Active),192
CHEFSZ,2564153589,2564153589,دباب / دراجة,جدة,شركة اكسبرس جايت,معلق من المشرف,193
CHEFSZ,2592634063,2592634063,دباب / دراجة,جدة,شركة اكسبرس جايت,معلق من المشرف,194
CHEFSZ,2592255851,2592255851,دباب / دراجة,جدة,شركة اكسبرس جايت,محظور من التطبيق,195
CHEFSZ,2561524253,2561524253,دباب / دراجة,جدة,شركة اكسبرس جايت,معلق من المشرف,196
CHEFSZ,2575173816,2575173816,دباب / دراجة,جدة,شركة اكسبرس جايت,نشط (Active),197
CHEFSZ,2544361567,2544361567,دباب / دراجة,جدة,شركة اكسبرس جايت,محظور من التطبيق,198
CHEFSZ,2578937761,2578937761,دباب / دراجة,جدة,شركة اكسبرس جايت,معلق من المشرف,199
CHEFSZ,2593134451,2593134451,دباب / دراجة,جدة,شركة اكسبرس جايت,معلق من المشرف,200
CHEFSZ,2561524204,2561524204,دباب / دراجة,جدة,شركة اكسبرس جايت,معلق من المشرف,201
CHEFSZ,2608465098,2608465098,دباب / دراجة,جدة,شركة اكسبرس جايت,معلق من المشرف,202
CHEFSZ,2522011358,2522011358,دباب / دراجة,جدة,شركة اكسبرس جايت,معلق من المشرف,203
CHEFSZ,2610711232,2610711232,دباب / دراجة,جدة,شركة اكسبرس جايت,معلق من المشرف,204
CHEFSZ,2615898091,2615898091,دباب / دراجة,جدة,شركة اكسبرس جايت,محظور من التطبيق,205
CHEFSZ,2580392567,2580392567,دباب / دراجة,جدة,شركة اكسبرس جايت,معلق من المشرف,206
CHEFSZ,2615897994,2615897994,دباب / دراجة,جدة,شركة اكسبرس جايت,معلق من المشرف,207
CHEFSZ,2490507635,2490507635,سيارة,جدة,شركة اكسبرس جايت,نشط (Active),208
CHEFSZ,2471734224,2471734224,سيارة,جدة,شركة اكسبرس جايت,نشط (Active),209
CHEFSZ,2540639057,2540639057,سيارة,جدة,شركة اكسبرس جايت,نشط (Active),210
CHEFSZ,2567539735,2567539735,سيارة,جدة,شركة اكسبرس جايت,نشط (Active),211
CHEFSZ,2576994335,2576994335,سيارة,جدة,شركة اكسبرس جايت,محظور من التطبيق,212
CHEFSZ,2534974882,2534974882,سيارة,جدة,شركة اكسبرس جايت,نشط (Active),213
CHEFSZ,2554106605,2554106605,سيارة,جدة,شركة اكسبرس جايت,نشط (Active),214
CHEFSZ,2577211945,2577211945,سيارة,جدة,شركة اكسبرس جايت,نشط (Active),215
CHEFSZ,2570601621,2570601621,سيارة,جدة,شركة اكسبرس جايت,محظور من التطبيق,216
CHEFSZ,2584127175,2584127175,سيارة,جدة,شركة اكسبرس جايت,نشط (Active),217
CHEFSZ,2476661265,2476661265,سيارة,جدة,شركة اكسبرس جايت,نشط (Active),218
CHEFSZ,2607221484,2607221484,سيارة,جدة,شركة اكسبرس جايت,نشط (Active),219
CHEFSZ,2597443486,2597443486,سيارة,جدة,شركة اكسبرس جايت,نشط (Active),220
CHEFSZ,2597443189,2597443189,سيارة,جدة,شركة اكسبرس جايت,محظور من التطبيق,221
CHEFSZ,2564959662,2564959662,سيارة,جدة,شركة اكسبرس جايت,نشط (Active),222
CHEFSZ,2527203737,2527203737,سيارة,جدة,شركة اكسبرس جايت,معلق من المشرف,223
CHEFSZ,2607221690,2607221690,سيارة,جدة,شركة اكسبرس جايت,نشط (Active),224
CHEFSZ,2522312970,2522312970,سيارة,جدة,شركة اكسبرس جايت,نشط (Active),225
CHEFSZ,2586981074,2586981074,سيارة,جدة,شركة اكسبرس جايت,محظور من التطبيق,226
CHEFSZ,2578136810,2578136810,سيارة,جدة,شركة اكسبرس جايت,نشط (Active),227
CHEFSZ,2556117972,2556117972,سيارة,جدة,شركة اكسبرس جايت,نشط (Active),228
CHEFSZ,2601670785,2601670785,سيارة,جدة,شركة اكسبرس جايت,نشط (Active),229
CHEFSZ,2606047062,2606047062,سيارة,جدة,شركة اكسبرس جايت,نشط (Active),230
CHEFSZ,2557110117,2557110117,سيارة,جدة,شركة اكسبرس جايت,معلق من المشرف,231
CHEFSZ,2594172450,2594172450,سيارة,جدة,شركة اكسبرس جايت,معلق من المشرف,232
CHEFSZ,2587780210,2587780210,سيارة,جدة,شركة اكسبرس جايت,محظور من التطبيق,233
CHEFSZ,2598672570,2598672570,سيارة,جدة,شركة اكسبرس جايت,محظور من التطبيق,234
CHEFSZ,2565897168,2565897168,سيارة,جدة,شركة اكسبرس جايت,نشط (Active),235
CHEFSZ,2561839925,2561839925,سيارة,جدة,شركة اكسبرس جايت,نشط (Active),236
CHEFSZ,2528772920,2528772920,سيارة,جدة,شركة اكسبرس جايت,نشط (Active),237
CHEFSZ,2530816327,2530816327,سيارة,جدة,شركة اكسبرس جايت,معلق من المشرف,238
CHEFSZ,2558578205,2558578205,سيارة,جدة,شركة اكسبرس جايت,نشط (Active),239
CHEFSZ,2572701353,2572701353,سيارة,جدة,شركة اكسبرس جايت,معلق من المشرف,240
CHEFSZ,2566441529,2566441529,سيارة,جدة,شركة اكسبرس جايت,محظور من التطبيق,241
CHEFSZ,2567173170,2567173170,سيارة,جدة,شركة اكسبرس جايت,نشط (Active),242
CHEFSZ,2578070837,2578070837,سيارة,جدة,شركة اكسبرس جايت,محظور من التطبيق,243
CHEFSZ,2529390235,2529390235,سيارة,جدة,شركة اكسبرس جايت,نشط (Active),244
CHEFSZ,2560200442,2560200442,سيارة,جدة,شركة اكسبرس جايت,معلق من المشرف,245
CHEFSZ,2580972970,2580972970,سيارة,جدة,شركة اكسبرس جايت,محظور من التطبيق,246
CHEFSZ,2531511265,2531511265,سيارة,جدة,شركة اكسبرس جايت,نشط (Active),247
CHEFSZ,2590887952,2590887952,سيارة,جدة,شركة اكسبرس جايت,نشط (Active),248
CHEFSZ,2590889420,2590889420,سيارة,جدة,شركة اكسبرس جايت,نشط (Active),249
CHEFSZ,2577660661,2577660661,سيارة,جدة,شركة اكسبرس جايت,نشط (Active),250
CHEFSZ,2584127332,2584127332,سيارة,جدة,شركة اكسبرس جايت,معلق من المشرف,251
CHEFSZ,2586890804,2586890804,سيارة,جدة,شركة اكسبرس جايت,نشط (Active),252
CHEFSZ,2590077299,2590077299,سيارة,جدة,شركة اكسبرس جايت,معلق من المشرف,253
CHEFSZ,2591566365,2591566365,سيارة,جدة,شركة اكسبرس جايت,نشط (Active),254
CHEFSZ,2510890805,2510890805,سيارة,جدة,شركة اكسبرس جايت,نشط (Active),255
CHEFSZ,2590077778,2590077778,سيارة,جدة,شركة اكسبرس جايت,محظور من التطبيق,256
CHEFSZ,2554802294,2554802294,سيارة,جدة,شركة اكسبرس جايت,معلق من المشرف,257
CHEFSZ,2573670342,2573670342,سيارة,جدة,شركة اكسبرس جايت,معلق من المشرف,258
CHEFSZ,2566240384,2566240384,سيارة,جدة,شركة اكسبرس جايت,معلق من المشرف,259
CHEFSZ,2584127506,2584127506,سيارة,جدة,شركة اكسبرس جايت,نشط (Active),260
CHEFSZ,2588797916,2588797916,سيارة,جدة,شركة اكسبرس جايت,نشط (Active),261
CHEFSZ,2522699293,2522699293,سيارة,جدة,شركة اكسبرس جايت,محظور من التطبيق,262
CHEFSZ,2583279233,2583279233,سيارة,جدة,شركة اكسبرس جايت,معلق من المشرف,263
CHEFSZ,2589836499,2589836499,سيارة,جدة,شركة اكسبرس جايت,محظور من التطبيق,264
CHEFSZ,2577093202,2577093202,سيارة,جدة,شركة اكسبرس جايت,نشط (Active),265
CHEFSZ,2588795746,2588795746,سيارة,جدة,شركة اكسبرس جايت,محظور من التطبيق,266
CHEFSZ,2559352261,2559352261,سيارة,جدة,شركة اكسبرس جايت,نشط (Active),267
CHEFSZ,2591788183,2591788183,سيارة,جدة,شركة اكسبرس جايت,نشط (Active),268
CHEFSZ,2562702072,2562702072,سيارة,جدة,شركة اكسبرس جايت,معلق من المشرف,269
CHEFSZ,2590338337,2590338337,سيارة,جدة,شركة اكسبرس جايت,نشط (Active),270
CHEFSZ,2572717136,2572717136,سيارة,جدة,شركة اكسبرس جايت,نشط (Active),271
CHEFSZ,2567197658,2567197658,سيارة,جدة,شركة اكسبرس جايت,محظور من التطبيق,272
CHEFSZ,2589135447,2589135447,سيارة,جدة,شركة اكسبرس جايت,نشط (Active),273
CHEFSZ,2581119480,2581119480,سيارة,جدة,شركة اكسبرس جايت,معلق من المشرف,274
CHEFSZ,2591323973,2591323973,سيارة,جدة,شركة اكسبرس جايت,نشط (Active),275
CHEFSZ,2599679483,2599679483,سيارة,جدة,شركة اكسبرس جايت,محظور من التطبيق,276
CHEFSZ,2603760543,2603760543,سيارة,جدة,شركة اكسبرس جايت,نشط (Active),277
CHEFSZ,2555620776,2555620776,سيارة,جدة,شركة اكسبرس جايت,محظور من التطبيق,278
CHEFSZ,2570438669,2570438669,سيارة,جدة,شركة اكسبرس جايت,محظور من التطبيق,279
CHEFSZ,2528975028,2528975028,سيارة,جدة,شركة اكسبرس جايت,نشط (Active),280
CHEFSZ,2601656255,2601656255,سيارة,جدة,شركة اكسبرس جايت,نشط (Active),281
CHEFSZ,2592504647,2592504647,سيارة,جدة,شركة اكسبرس جايت,نشط (Active),282
CHEFSZ,2603760170,2603760170,سيارة,جدة,شركة اكسبرس جايت,نشط (Active),283
CHEFSZ,2604974614,2604974614,سيارة,جدة,شركة اكسبرس جايت,نشط (Active),284
CHEFSZ,2600262071,2600262071,سيارة,جدة,شركة اكسبرس جايت,نشط (Active),285
CHEFSZ,2600045476,2600045476,سيارة,جدة,شركة اكسبرس جايت,نشط (Active),286
CHEFSZ,2590110595,2590110595,سيارة,جدة,شركة اكسبرس جايت,نشط (Active),287
CHEFSZ,2556645477,2556645477,سيارة,جدة,شركة اكسبرس جايت,معلق من المشرف,288
CHEFSZ,2509669558,2509669558,سيارة,جدة,شركة اكسبرس جايت,نشط (Active),289
CHEFSZ,2601505262,2601505262,سيارة,جدة,شركة اكسبرس جايت,نشط (Active),290
CHEFSZ,2596459871,2596459871,سيارة,جدة,شركة اكسبرس جايت,نشط (Active),291
CHEFSZ,2238306175,2238306175,سيارة,جدة,شركة اكسبرس جايت,معلق من المشرف,292
CHEFSZ,2586925089,2586925089,سيارة,جدة,شركة اكسبرس جايت,محظور من التطبيق,293
CHEFSZ,2559241233,2559241233,سيارة,جدة,شركة اكسبرس جايت,نشط (Active),294
CHEFSZ,2425236102,2425236102,سيارة,جدة,شركة اكسبرس جايت,نشط (Active),295
CHEFSZ,2586653863,2586653863,سيارة,جدة,شركة اكسبرس جايت,محظور من التطبيق,296
CHEFSZ,2257818035,2257818035,سيارة,جدة,شركة اكسبرس جايت,نشط (Active),297
CHEFSZ,2591048307,2591048307,سيارة,جدة,شركة اكسبرس جايت,محظور من التطبيق,298
CHEFSZ,2599909062,2599909062,سيارة,جدة,شركة اكسبرس جايت,محظور من التطبيق,299
CHEFSZ,2601062330,2601062330,سيارة,جدة,شركة اكسبرس جايت,معلق من المشرف,300
CHEFSZ,2589653290,2589653290,سيارة,جدة,شركة اكسبرس جايت,نشط (Active),301
CHEFSZ,2586666717,2586666717,سيارة,جدة,شركة اكسبرس جايت,نشط (Active),302
CHEFSZ,2611729878,2611729878,سيارة,جدة,شركة اكسبرس جايت,نشط (Active),303
CHEFSZ,2434190522,2434190522,سيارة,جدة,شركة اكسبرس جايت,محظور من التطبيق,304
CHEFSZ,2613903471,2613903471,سيارة,جدة,شركة اكسبرس جايت,نشط (Active),305
CHEFSZ,2555827928,2555827928,سيارة,جدة,شركة اكسبرس جايت,نشط (Active),306
CHEFSZ,2580422653,2580422653,سيارة,جدة,شركة اكسبرس جايت,نشط (Active),307
CHEFSZ,2609805110,2609805110,سيارة,جدة,شركة اكسبرس جايت,نشط (Active),308
CHEFSZ,2533070799,2533070799,سيارة,جدة,شركة اكسبرس جايت,نشط (Active),309
CHEFSZ,2564109326,2564109326,سيارة,جدة,شركة اكسبرس جايت,نشط (Active),310
CHEFSZ,2535375196,2535375196,سيارة,جدة,شركة اكسبرس جايت,نشط (Active),311
CHEFSZ,2577794361,2577794361,سيارة,جدة,شركة اكسبرس جايت,نشط (Active),312
CHEFSZ,2214293744,2214293744,سيارة,جدة,شركة اكسبرس جايت,محظور من التطبيق,313
CHEFSZ,2599679244,2599679244,سيارة,جدة,شركة اكسبرس جايت,نشط (Active),314
CHEFSZ,2613235379,2613235379,سيارة,جدة,شركة اكسبرس جايت,محظور من التطبيق,315
CHEFSZ,2577281583,2577281583,سيارة,جدة,شركة اكسبرس جايت,محظور من التطبيق,316
CHEFSZ,2579041746,2579041746,سيارة,جدة,شركة اكسبرس جايت,معلق من المشرف,317
CHEFSZ,2555828033,2555828033,سيارة,جدة,شركة اكسبرس جايت,معلق من المشرف,318
CHEFSZ,2612975926,2612975926,سيارة,جدة,شركة اكسبرس جايت,نشط (Active),319
CHEFSZ,2589753306,2589753306,سيارة,جدة,شركة اكسبرس جايت,نشط (Active),320
CHEFSZ,2582720773,2582720773,سيارة,جدة,شركة اكسبرس جايت,معلق من المشرف,321
CHEFSZ,2495975902,2495975902,سيارة,جدة,شركة اكسبرس جايت,نشط (Active),322
CHEFSZ,2602833002,2602833002,سيارة,جدة,شركة اكسبرس جايت,نشط (Active),323
CHEFSZ,2600572560,2600572560,سيارة,جدة,شركة اكسبرس جايت,نشط (Active),324
CHEFSZ,2594577500,2594577500,سيارة,جدة,شركة اكسبرس جايت,محظور من التطبيق,325
CHEFSZ,2603849593,2603849593,سيارة,جدة,شركة اكسبرس جايت,نشط (Active),326
CHEFSZ,2572718712,2572718712,سيارة,جدة,شركة اكسبرس جايت,نشط (Active),327
CHEFSZ,2612093464,2612093464,سيارة,جدة,شركة اكسبرس جايت,محظور من التطبيق,328
CHEFSZ,2609703588,2609703588,سيارة,جدة,شركة اكسبرس جايت,نشط (Active),329
CHEFSZ,2567838806,2567838806,سيارة,جدة,شركة اكسبرس جايت,معلق من المشرف,330
CHEFSZ,2484175191,2484175191,سيارة,جدة,شركة اكسبرس جايت,نشط (Active),331
CHEFSZ,2613681937,2613681937,سيارة,جدة,شركة اكسبرس جايت,نشط (Active),332
CHEFSZ,2559726142,2559726142,سيارة,جدة,شركة اكسبرس جايت,محظور من التطبيق,333
CHEFSZ,2604909248,2604909248,سيارة,جدة,شركة اكسبرس جايت,معلق من المشرف,334
CHEFSZ,2609582792,2609582792,سيارة,جدة,شركة اكسبرس جايت,معلق من المشرف,335
CHEFSZ,2591952755,2591952755,سيارة,جدة,شركة اكسبرس جايت,نشط (Active),336
CHEFSZ,2612165098,2612165098,سيارة,جدة,شركة اكسبرس جايت,محظور من التطبيق,337
CHEFSZ,2593749977,2593749977,سيارة,جدة,شركة اكسبرس جايت,محظور من التطبيق,338
CHEFSZ,2600755835,2600755835,سيارة,جدة,شركة اكسبرس جايت,نشط (Active),339
CHEFSZ,2512833282,2512833282,سيارة,جدة,شركة اكسبرس جايت,معلق من المشرف,340
CHEFSZ,2581598550,2581598550,سيارة,جدة,شركة اكسبرس جايت,نشط (Active),341
CHEFSZ,2496941606,2496941606,سيارة,جدة,شركة اكسبرس جايت,معلق من المشرف,342
CHEFSZ,2487867026,2487867026,سيارة,جدة,شركة اكسبرس جايت,نشط (Active),343
CHEFSZ,2430010302,2430010302,سيارة,جدة,شركة اكسبرس جايت,نشط (Active),344
CHEFSZ,2587497070,2587497070,سيارة,جدة,شركة اكسبرس جايت,نشط (Active),345
CHEFSZ,2565620776,2565620776,سيارة,جدة,شركة اكسبرس جايت,نشط (Active),346
CHEFSZ,2608245813,2608245813,سيارة,جدة,شركة اكسبرس جايت,نشط (Active),347
CHEFSZ,2593217553,2593217553,سيارة,جدة,شركة اكسبرس جايت,معلق من المشرف,348
CHEFSZ,2495934404,2495934404,سيارة,جدة,شركة اكسبرس جايت,نشط (Active),349
CHEFSZ,2560600120,2560600120,سيارة,جدة,شركة اكسبرس جايت,معلق من المشرف,350
CHEFSZ,2597583356,2597583356,سيارة,جدة,شركة اكسبرس جايت,معلق من المشرف,351
CHEFSZ,2503619484,2503619484,سيارة,جدة,شركة اكسبرس جايت,نشط (Active),352
CHEFSZ,2588805370,2588805370,سيارة,جدة,شركة اكسبرس جايت,نشط (Active),353
CHEFSZ,2587645553,2587645553,سيارة,جدة,شركة اكسبرس جايت,معلق من المشرف,354
CHEFSZ,2439739612,2439739612,سيارة,جدة,شركة اكسبرس جايت,نشط (Active),355
CHEFSZ,2617590837,2617590837,سيارة,جدة,شركة اكسبرس جايت,نشط (Active),356
CHEFSZ,2623006349,2623006349,سيارة,جدة,شركة اكسبرس جايت,نشط (Active),357
CHEFSZ,2614040620,2614040620,سيارة,جدة,شركة اكسبرس جايت,نشط (Active),358
CHEFSZ,2630243315,2630243315,سيارة,جدة,شركة اكسبرس جايت,نشط (Active),359
CHEFSZ,2548227202,2548227202,سيارة,جدة,شركة اكسبرس جايت,نشط (Active),360
CHEFSZ,2581511629,2581511629,سيارة,جدة,شركة اكسبرس جايت,نشط (Active),361
CHEFSZ,2588827796,2588827796,سيارة,بريدة,شركة اكسبرس جايت,محظور من التطبيق,362
CHEFSZ,2572617187,2572617187,سيارة,بريدة,شركة اكسبرس جايت,محظور من التطبيق,363
CHEFSZ,2627168715,2627168715,سيارة,بريدة,شركة اكسبرس جايت,نشط (Active),364
CHEFSZ,2627167543,2627167543,سيارة,بريدة,شركة اكسبرس جايت,نشط (Active),365
CHEFSZ,2620778767,2620778767,سيارة,بريدة,شركة اكسبرس جايت,نشط (Active),366
CHEFSZ,2621094818,2621094818,سيارة,بريدة,شركة اكسبرس جايت,نشط (Active),367
CHEFSZ,2594426104,2594426104,سيارة,بريدة,شركة اكسبرس جايت,نشط (Active),368
CHEFSZ,2540773997,2540773997,سيارة,جدة,شركة اكسبرس جايت,نشط (Active),369
CHEFSZ,2555284278,2555284278,سيارة,جدة,شركة اكسبرس جايت,معلق من المشرف,370
CHEFSZ,2501776401,2501776401,سيارة,جدة,شركة اكسبرس جايت,نشط (Active),371
CHEFSZ,2590887804,2590887804,سيارة,جدة,شركة اكسبرس جايت,نشط (Active),372
CHEFSZ,2584127670,2584127670,سيارة,جدة,شركة اكسبرس جايت,محظور من التطبيق,373
CHEFSZ,2594172286,2594172286,سيارة,جدة,شركة اكسبرس جايت,نشط (Active),374
CHEFSZ,2353032143,2353032143,سيارة,جدة,شركة اكسبرس جايت,نشط (Active),375
CHEFSZ,2593329770,2593329770,سيارة,جدة,شركة اكسبرس جايت,نشط (Active),376
CHEFSZ,2595073780,2595073780,سيارة,جدة,شركة اكسبرس جايت,نشط (Active),377
CHEFSZ,2571262589,2571262589,سيارة,جدة,شركة اكسبرس جايت,نشط (Active),378
CHEFSZ,2599691751,2599691751,سيارة,جدة,شركة اكسبرس جايت,نشط (Active),379
CHEFSZ,2593657261,2593657261,سيارة,جدة,شركة اكسبرس جايت,نشط (Active),380
CHEFSZ,2563494190,2563494190,سيارة,جدة,شركة اكسبرس جايت,محظور من التطبيق,381
CHEFSZ,2510966068,2510966068,سيارة,جدة,شركة اكسبرس جايت,نشط (Active),382
CHEFSZ,2551645738,2551645738,سيارة,جدة,شركة اكسبرس جايت,نشط (Active),383
CHEFSZ,2490149057,2490149057,سيارة,جدة,شركة اكسبرس جايت,نشط (Active),384
CHEFSZ,2585700301,2585700301,سيارة,جدة,شركة اكسبرس جايت,نشط (Active),385
CHEFSZ,2589753140,2589753140,سيارة,جدة,شركة اكسبرس جايت,نشط (Active),386
CHEFSZ,2587728102,2587728102,سيارة,جدة,شركة اكسبرس جايت,نشط (Active),387
CHEFSZ,2588082814,2588082814,سيارة,جدة,شركة اكسبرس جايت,نشط (Active),388
CHEFSZ,2606853394,2606853394,سيارة,جدة,شركة اكسبرس جايت,نشط (Active),389
CHEFSZ,2560773141,2560773141,سيارة,جدة,شركة اكسبرس جايت,نشط (Active),390
CHEFSZ,2621095542,2621095542,سيارة,جدة,شركة اكسبرس جايت,نشط (Active),391
CHEFSZ,2595504289,2595504289,سيارة,جدة,شركة اكسبرس جايت,محظور من التطبيق,392
CHEFSZ,2623705973,2623705973,سيارة,جدة,شركة اكسبرس جايت,نشط (Active),393
CHEFSZ,2561011707,2561011707,سيارة,جدة,شركة اكسبرس جايت,محظور من التطبيق,394
CHEFSZ,2600766493,2600766493,سيارة,جدة,شركة اكسبرس جايت,نشط (Active),395
CHEFSZ,2535376723,2535376723,سيارة,جدة,شركة اكسبرس جايت,نشط (Active),396
CHEFSZ,2481545180,2481545180,سيارة,جدة,شركة اكسبرس جايت,نشط (Active),397
CHEFSZ,2529309292,2529309292,سيارة,جدة,شركة اكسبرس جايت,نشط (Active),398
CHEFSZ,2613242037,2613242037,سيارة,جدة,شركة اكسبرس جايت,محظور من التطبيق,399
CHEFSZ,2623827850,2623827850,سيارة,جدة,شركة اكسبرس جايت,نشط (Active),400
CHEFSZ,2560597839,2560597839,سيارة,جدة,شركة اكسبرس جايت,نشط (Active),401
CHEFSZ,2554287728,2554287728,سيارة,جدة,شركة اكسبرس جايت,نشط (Active),402
CHEFSZ,2558101875,2558101875,سيارة,جدة,شركة اكسبرس جايت,نشط (Active),403
CHEFSZ,2574089484,2574089484,سيارة,جدة,شركة اكسبرس جايت,نشط (Active),404
CHEFSZ,2574897464,2574897464,سيارة,جدة,شركة اكسبرس جايت,نشط (Active),405
CHEFSZ,2506922117,2506922117,سيارة,جدة,شركة اكسبرس جايت,نشط (Active),406
CHEFSZ,2591472507,2591472507,سيارة,جدة,شركة اكسبرس جايت,نشط (Active),407
CHEFSZ,2586483055,2586483055,سيارة,جدة,شركة اكسبرس جايت,نشط (Active),408
CHEFSZ,2597582275,2597582275,سيارة,جدة,شركة اكسبرس جايت,نشط (Active),409
CHEFSZ,2615343882,2615343882,سيارة,جدة,شركة اكسبرس جايت,نشط (Active),410
CHEFSZ,2601062538,2601062538,سيارة,جدة,شركة اكسبرس جايت,نشط (Active),411
CHEFSZ,2621110614,2621110614,سيارة,جدة,شركة اكسبرس جايت,نشط (Active),412
CHEFSZ,2144810625,2144810625,سيارة,جدة,شركة اكسبرس جايت,نشط (Active),413
CHEFSZ,2622291686,2622291686,سيارة,جدة,شركة اكسبرس جايت,نشط (Active),414
CHEFSZ,2590609364,2590609364,سيارة,جدة,شركة اكسبرس جايت,نشط (Active),415
CHEFSZ,2591768409,2591768409,سيارة,جدة,شركة اكسبرس جايت,نشط (Active),416
CHEFSZ,2577662378,2577662378,سيارة,جدة,شركة اكسبرس جايت,نشط (Active),417
CHEFSZ,2591712555,2591712555,سيارة,جدة,شركة اكسبرس جايت,نشط (Active),418
CHEFSZ,2563841630,2563841630,سيارة,جدة,شركة اكسبرس جايت,نشط (Active),419
CHEFSZ,2591985425,2591985425,سيارة,جدة,شركة اكسبرس جايت,نشط (Active),420
CHEFSZ,2619269471,2619269471,سيارة,جدة,شركة اكسبرس جايت,نشط (Active),421
CHEFSZ,2623542491,2623542491,سيارة,جدة,شركة اكسبرس جايت,نشط (Active),422
CHEFSZ,2629565009,2629565009,سيارة,جدة,مؤسسة البوابة التجارية,نشط (Active),423
CHEFSZ,2627962364,2627962364,سيارة,جدة,مؤسسة البوابة التجارية,محظور من التطبيق,424
CHEFSZ,2629565173,2629565173,سيارة,جدة,مؤسسة البوابة التجارية,نشط (Active),425
CHEFSZ,2629565314,2629565314,سيارة,جدة,مؤسسة البوابة التجارية,معلق من المشرف,426
CHEFSZ,2630230577,2630230577,سيارة,جدة,مؤسسة البوابة التجارية,معلق من المشرف,427
CHEFSZ,2630314611,2630314611,سيارة,جدة,مؤسسة البوابة التجارية,محظور من التطبيق,428
CHEFSZ,2630314660,2630314660,سيارة,جدة,مؤسسة البوابة التجارية,معلق من المشرف,429
CHEFSZ,2627814672,2627814672,سيارة,جدة,مؤسسة البوابة التجارية,محظور من التطبيق,430
CHEFSZ,2624402760,2624402760,سيارة,جدة,مؤسسة البوابة التجارية,محظور من التطبيق,431
CHEFSZ,2624401515,2624401515,سيارة,جدة,مؤسسة البوابة التجارية,نشط (Active),432
CHEFSZ,2624402406,2624402406,سيارة,جدة,مؤسسة البوابة التجارية,محظور من التطبيق,433
CHEFSZ,2624402620,2624402620,سيارة,جدة,مؤسسة البوابة التجارية,محظور من التطبيق,434
CHEFSZ,2624402927,2624402927,سيارة,جدة,مؤسسة البوابة التجارية,معلق من المشرف,435
CHEFSZ,2627732189,2627732189,سيارة,جدة,مؤسسة البوابة التجارية,نشط (Active),436
CHEFSZ,2630314744,2630314744,سيارة,جدة,مؤسسة البوابة التجارية,نشط (Active),437
CHEFSZ,2627732957,2627732957,سيارة,جدة,مؤسسة البوابة التجارية,نشط (Active),438
CHEFSZ,2627732478,2627732478,سيارة,جدة,مؤسسة البوابة التجارية,نشط (Active),439
CHEFSZ,2627814938,2627814938,سيارة,جدة,مؤسسة البوابة التجارية,محظور من التطبيق,440
CHEFSZ,2629018488,2629018488,سيارة,جدة,مؤسسة البوابة التجارية,محظور من التطبيق,441
CHEFSZ,2630315295,2630315295,سيارة,جدة,مؤسسة البوابة التجارية,نشط (Active),442
CHEFSZ,2630315410,2630315410,سيارة,جدة,مؤسسة البوابة التجارية,محظور من التطبيق,443
CHEFSZ,2630343289,2630343289,سيارة,جدة,مؤسسة البوابة التجارية,معلق من المشرف,444
CHEFSZ,2629019411,2629019411,سيارة,جدة,مؤسسة البوابة التجارية,نشط (Active),445
CHEFSZ,2630315501,2630315501,سيارة,جدة,مؤسسة البوابة التجارية,معلق من المشرف,446
CHEFSZ,2630564751,2630564751,سيارة,جدة,مؤسسة البوابة التجارية,محظور من التطبيق,447
CHEFSZ,2630898415,2630898415,سيارة,جدة,مؤسسة البوابة التجارية,معلق من المشرف,448
CHEFSZ,2602433449,2602433449,سيارة,جدة,مؤسسة البوابة التجارية,محظور من التطبيق,449
CHEFSZ,2633076662,2633076662,سيارة,جدة,مؤسسة البوابة التجارية,محظور من التطبيق,450
CHEFSZ,2633076621,2633076621,سيارة,جدة,مؤسسة البوابة التجارية,نشط (Active),451
CHEFSZ,2636062180,2636062180,سيارة,جدة,مؤسسة البوابة التجارية,محظور من التطبيق,452
CHEFSZ,2636655173,2636655173,سيارة,جدة,مؤسسة البوابة التجارية,نشط (Active),453
CHEFSZ,2636655306,2636655306,سيارة,جدة,مؤسسة البوابة التجارية,محظور من التطبيق,454
CHEFSZ,2636655421,2636655421,سيارة,جدة,مؤسسة البوابة التجارية,محظور من التطبيق,455
CHEFSZ,2576804195,2576804195,سيارة,جدة,مؤسسة البوابة التجارية,نشط (Active),456
CHEFSZ,2636062651,2636062651,سيارة,جدة,مؤسسة البوابة التجارية,معلق من المشرف,457
CHEFSZ,2632579013,2632579013,سيارة,جدة,مؤسسة البوابة التجارية,محظور من التطبيق,458
CHEFSZ,2618729475,2618729475,سيارة,جدة,مؤسسة البوابة التجارية,نشط (Active),459
CHEFSZ,2629273505,2629273505,سيارة,جدة,مؤسسة البوابة التجارية,نشط (Active),460
CHEFSZ,2610794063,2610794063,سيارة,جدة,مؤسسة البوابة التجارية,نشط (Active),461
CHEFSZ,2576050401,2576050401,سيارة,جدة,مؤسسة البوابة التجارية,محظور من التطبيق,462
CHEFSZ,2592789974,2592789974,سيارة,جدة,مؤسسة البوابة التجارية,محظور من التطبيق,463
CHEFSZ,2630315881,2630315881,سيارة,جدة,مؤسسة البوابة التجارية,محظور من التطبيق,464
CHEFSZ,2630343412,2630343412,سيارة,جدة,مؤسسة البوابة التجارية,محظور من التطبيق,465
