"Platform","OwnerIqama","N","HasDeletedEmployee"
"CHEFSZ","2453915957","1","0"
"CHEFSZ","2528033984","1","0"
"CHEFSZ","2539559241","1","0"
"CHEFSZ","2554878906","1","0"
"CHEFSZ","2555620776","1","0"
"HUNGER","2556444491","1","0"
"HUNGER","2569101781","1","0"
"HUNGER","2571077854","1","0"
"CHEFSZ","2571191648","1","0"
"HUNGER","2571191648","1","0"
"CHEFSZ","2574083834","1","0"
"CHEFSZ","2574682502","1","0"
"HUNGER","2574682502","1","0"
"HUNGER","2576612564","1","0"
"CHEFSZ","2576994335","1","0"
"HUNGER","2576994335","1","0"
"CHEFSZ","2586653863","1","0"
"HUNGER","2586653863","1","0"
"CHEFSZ","2613235379","1","0"
