owner_iqama,owner_name
2076420757,عبدالكريم ابوبكر علي
2144810625,محمد أرشد محمد نظير
2214293744,محمد - - زوبير
2238306175,محمد شيام شاهول حميد
2256734357,منتصر ممدوح صالح على
2257818035,محمد آلاء الدين زين ال
2285099194,سعد محمود سعد الخميسي
2302460882,صلاح سيد عزت عباس
2335022626,MOHAMMAD JUNAID MUNNA
2341264758,السيد فرج زيدان الشافعي
2347120533,روبيل ميا ميا خورسيد خورشيدميا
2352329052,ABDULAZIZ MOHAMMED THABIT MOQBEL
2353032143,جافيد احمد استكاراحمد
2374918742,اويس عبدالرؤف عبدالرؤف
2393242371,نور علام ماهر علام
2417830615,KAMEL AHMED KAMEL KHALAF ALLA
2425236102,احمد سمير مندوه عبد المجيد
2430010302,محمد ياشين
2434190522,عثمان عبد العظيم عثمان مكي
2438251296,محمد ساريا زامان نيرو
2438765915,ابو بكر صديق
2439739612,سابوج أحمد
2453915957,نعمان علي خان
2463596938,ممد علي سيد
2464211263,عبد الله مبوب مبوب أحمد
2471734224,تارشان فيلو بيلاي
2476661265,احمد عبدالغفار محمد على
2481386031,اسلام احمد السيد عكاز
2481545180,محمد باقر ابو الكلام
2484175191,عثمان جمال ابراهيم يحي
2487867026,مد أفضل سردار
2488500378,مد شجيب ميا
2489930913,سلمان سديكيو سراج سديكيو
2490149057,نائف سعيد صالح باكركر
2490507635,ابراهيم احمد سيد
2495934404,القاسم بكرى عبد الجليل محمد خير
2495975902,قيس كامل قايد الشرعبي
2496941606,محمد ماربو الله ايمون
2498254552,مصطفى عبد الحميد عبداللطيف عبدالحميد
2500359027,نور علام ماهر علام
2501776401,حمير علي يحيى حزام
2502057660,رقيب ميا
2503619484,ابراهيم يعقوب يحي يعقوب
2504982758,سادام حسين علي الدين اليبدين
2505831657,شوقى فريد شوقى سلامه
2506922117,محمد تمسر رحمن
2507652275,محمد راضي نمر راضي
2508923329,فريدات حسين
2509129876,محمد شهد الله
2509669558,محمود عبد الفتاح الجوهرى عبد الجواد
2509950487,بابل رفيق بابل رفيق
2510059021,مدثر خان غازي رحمن
2510588011,قدس ميا
2510890805,محمد مرشد علام
2510966068,محمد احمد احمد محمد
2512025293,زابيد أوسين
2512126406,طارق مصطفى محمد
2512833282,مصطفى عبد الراضى محمد عصر
2513764213,شعبان عبدالعظيم سيد
2515137129,جهيرال قدس شامني بيغوم
2516196678,مد روبن مد مؤمن
2517998551,مهد فهم شميم أحمد
2519473512,مد راسل ا مولا
2519510107,مسعود رنا
2519581546,فرهد أوسين
2519848804,السعيد خالد محمد
2521027264,احمد صالح حسانين جلهوم
2522011358,مان حوسان
2522312970,فيصل مونشي فيصل مونشي
2522699293,محمد عاشور عبد التواب عبد المنعم
2522777933,حمودي محمد علي عبد المولي
2524629504,محمد ليمون
2525914756,المغير لال جيهان اراء
2527203737,محمد رضا رمضان صالح
2527406538,محمد عبد الفتاح محمد عبد المنعم
2528033984,احمد رجب خضر محمد
2528772920,مد رين اسلام
2528975028,محمد تاري صلاح الدين
2529309292,فارس احمد سيد عبد العظيم
2529390235,محمد السيد السيد عكر
2530793047,محمد شافراش م فازيم
2530816327,مد مياه مياه راز
2531255582,حسين يوسف يوسف حسين
2531302228,MD SOBUJ
2531511265,عبدالحميد عادل محمود ابراهيم
2532744329,فارول مياه
2533070799,مد كبير أوسين
2534974882,محمد شاكيل شاكيل حسين
2535375196,بدر محمد عبد الله حسين
2535376723,حماده محمد سالم عبدالوهاب
2535622282,محمد تورميا
2535636027,حسن نعمان حسن احمد
2537012359,ياسر محمد محمد فايد
2539395836,ابو شاترا
2539559241,مد مهين حسين
2539776670,مد نظام الدين شومون
2540639057,محمد ربيع محمود حميده
2540773997,عماد عبدالعظيم سيد حسان
2541115800,حمزه اسعد ابو بكر حامد
2541259848,ابو البشر
2541279051,محمد الاسمر السعيد الجندي
2544361567,محمد جمعه عبدالحميد عويس
2545269660,محمد شاهد لطيف محمد
2545493385,محفوظ حسين مريضه
2545844504,عبدالرحمن عبد الله زغلول
2546064722,اشرف قرني علي جنيدي
2546408820,محمد فيصل برويز محمد
2547821708,مد بابلول مياه
2548227202,مد ريبون علي
2549268429,سوبر عبد ال موتاليب
2550371856,محمد احمد محمد عبدالراضي
2550771675,ابراهيم محمود محمد مصطفي
2551092097,محمد انور حسين انور
2551645738,احمد عزت احمد عبدالسلام
2552431948,محمد مصطفى عبدالعليم مصطفى
2552763415,محمد أراف محمد رزاق
2554106605,احمد عيد محمد محمد
2554287728,MOHAMED ALI MOSTAFA ALI
2554689162,جبيد حسن حسن حسن
2554802294,اسلام روبى اسماعيل منصور
2554878906,بلال رازا توقير
2555284278,اسلام مصطفي محمد احمد
2555284708,هيثم ربيع محمود
2555620776,محمد طالب سالامدين
2555827928,كمال الدين
2555828033,محمد ديدال اسلام ديدار
2555915038,محمد طاهر غلام جعفر
2555916721,عاصف محمد محمد عارف
2556117972,احمد محمد عبدالعال حسانين
2556444491,عبدال احد احد عبدال
2556645477,راشد على اتور محمد
2557012263,ربيع اشرف عوض ابراهيم
2557110117,محمد أحسن الله
2557894298,مهاب على سعد عبدالعليم
2558101875,محمد احمد سيد عبد العظيم
2558578205,محمد منير اوسين
2559241233,مروان يحى عبدالحفيظ اسماعيل
2559352261,محمد صبري احمد نصار
2559699216,محمد احمد السعيد شريف
2559726142,محمد عارف عارف محمد
2559976770,جميل محمد ابراهيم غنيم
2560200442,محمد سوبوج مريضة
2560597839,محمود كمال عيسي
2560600120,مهدي احمد عبده حسن الاحمدي
2560773141,عاصم محمد عبدالله صلاح جنان
2561010998,علي احمد علي
2561011707,محمد اشرف السعيد ابوالفتوح
2561524204,محمد روبيل مياه
2561524253,محمد ساجي حسين
2561737145,محمد شعبان قرنى السيد
2561839925,ناصر الاسلام عثمان قوني
2562698833,محمد رمضان محمد خليفه
2562702072,رستم علي
2563494190,الحسين عبد الحميد عبد الحليم سعود
2563523154,سيف رو ريمان ما محمد ارشد
2563841630,محمود ربيع جنيدي خالد
2564056683,مد سابير
2564109326,طه انور السادات احمد محمد
2564153589,مجالا احمد
2564289847,مؤمن عبده احمد محمد
2564959662,عبدالله مصطفي حميده سعد
2565608417,محمد وقاص مسلم محمد
2565620776,محمد طالب سالامدين
2565825235,مد احد جاجل شانتو شانتو
2565897168,سامي الله الله امان
2566240384,مد علال مياه
2566441529,محمد حسن طاهر محمود
2566572620,محمد محمد الحنوني علوان
2566798431,هانى محى الدين محمد ناصر
2567173170,حسام محمد السيد سليمان
2567197658,على بسيونى محمد هيكل
2567243304,محمد عبد العزيز احمد حسين
2567538208,احمد محمد درغام بدوي
2567539735,صجيب عبد المتين حسين
2567838806,مد ناهد
2568285346,مد عاشق ال رحمن
2568469064,محمد علي احمد علي
2569101781,شامي ي ميا هارو
2570298998,محمد عسر الدين
2570359832,روشان شيخ
2570438669,طلعت سعد شعبان محمد
2570564845,عبيد حسن قلام مرتازا
2570601621,مظهر ال عبد المنان اسلام اسلام
2571077854,علي احمد
2571191648,مسعود رنا رنا رنا
2571262589,محمد مختار اسماعيل يوسف
2572617187,نوشاد أحمد خان
2572701353,احمد حسام جلال السراجى
2572717136,محمود محمد محمد السعيد
2572718712,احمد صبري عبد الكريم عطيه
2573670342,مد ماسود رانا
2574083222,علي حسان محمود
2574083834,حسان رازازاهدقدري محمد
2574089302,مد سومون سومون
2574089484,محمد رياض الدين الدين
2574682502,بركات علي خان قلندير
2574738866,MASUD RANA
2574897324,محمد محمد ركيب ركيب
2574897464,محمد سجون ميا سجون
2575173816,مصطفى عبدالكريم عبده ابوحسين
2575492794,م د محمود راجا
2575597667,Aمد عمر روبن فاروق
2575597774,م د حسين سمون
2576050401,مد مأمون خان
2576612564,فيصر عباس فريد غلام
2576804195,عادل احمد سيد عبد العظيم
2576994335,خالد عماد عكاشه اسماعيل
2577093202,محمد حوريف الدين خان
2577211945,محمد سليمان علي ضياءالدين
2577255538,زين نواز محمد نواز
2577281583,زياد محمد محمد حسين
2577367507,فيصل راجا ميا
2577524115,محمد خيرال
2577660661,اسلام احمد فتحى محمود
2577662378,مجدى رجب ابراهيم على
2577794361,هشام عزت السعيد احمد
2578070837,صلاح يحيى أحمد مقبل الحداد
2578128130,مد ال حسين ابو
2578136810,محمد علي محمود عبدالغفار
2578574465,سعيد السيد احمد
2578632750,فارس محمد مصباح الزغبي
2578632909,محمود مصطفى محمود السعدونى
2578937761,مد شبوز ملا
2579041746,مد يونس خان خان
2579125853,مد جنيد ميا
2580392567,محمد محمود محمد عفيفي
2580422653,محمود محمد عبد العال الخراشي
2580424253,محمود ياسر احمد محمود
2580972970,مد نورول اسلام جوي
2581056997,خالد وليد رمزى عطيه
2581119480,محمد سمان محمد محمد
2581511629,حاتم محمد عبدالله على
2581598550,محمد عاطف بشير
2581622012,زياد معروف ابراهيم بازينه
2581625023,محمد عماد على عبد العزيز
2581764517,مد كازم مد
2581767528,جان شير جان شير
2582055105,جانيد صادق جانيد صادق
2582105843,جوي حسين
2582720773,طائف عبد الغني أحمد
2583279233,حازم محمد اسماعيل اسماعيل
2583907734,مد نعيم
2584127175,ابو ابو الحسين الحسين
2584127332,حسن كريم كريم ال
2584127506,جكير جكير حسين حسين
2584127670,محمد ال كوثر ابو
2584246710,مرزا نوفيد باق علي
2584449017,ماد أوسين
2584453951,مد تنوير تنوير
2584539486,احمد عبد الواحد عبد المطلب عبد الواحد
2585700301,عبد الرحمن محمود شريف الجمل
2586293173,مدحت علي البدري خلف
2586483055,عز الدين امين عبد الغنى الملاح
2586585552,مد ديدار مياه
2586653863,احمد عبد الحميد الكاتب الشبراوى
2586666717,محمد نبيل احمد عبدالعزيز
2586890804,سامح احمد محمود فهمى
2586925089,محمد ممدوح محمد سبع
2586981074,محمد اشرف محمد الشحات
2587497070,واشيم واشيم أكرم
2587645553,احمد طلعت عبدالعليم كشكاش
2587728102,احمد كمال عبدالعزيز الدبعي
2587780210,علاء طه محمد ابراهيم
2587956117,احمد علي محمد عثمان
2588082814,أبرار حسين غلام أكبر
2588159976,احمد محمد السيد الكفراوي
2588354015,احمد حسنى احمد احمد
2588599957,على محمد احمد احمد
2588712998,محمود عبد العال محمود حسن
2588795746,عبدالخالق حسن سيد محمد
2588796272,محمد محمود سيد محمد
2588797916,حسن شعبان صابر عبدالجواد
2588805370,صفات ١١ حوسان
2588827796,محمود حماده قرني قطب
2589135447,عصام محمد حسني
2589621826,سعد محمد حامد محمود
2589653290,احمد محمد محمد عثمان
2589753140,محمد زكريا أوسين
2589753306,سال أحمد
2589836499,محمود احمد عبدالستار عبدالصمد
2590077299,علاء عبدالحميد عبداللطيف عبدالحميد
2590077778,وليد جابر عبداللطيف عبدالحميد
2590110595,محمد رفعت خطاب الدسوقى
2590176034,مدامان امام مد
2590338337,محمود فوزى محمود احمد
2590609364,محمد عبد ابراهيم عبد الكريم عبداللة
2590887804,مد اسلام اسلام
2590887952,مد الرحمن سجيب عبد
2590889420,مد ال كريم عبد
2590907875,رمضان ربيع امين عبدالوهاب
2591048307,محمد محمد ابراهيم حسن
2591323973,حسان قاسم حمزه قاسم
2591472507,شكيل مصطفى شكيل مصطفى
2591508706,زياد حماده محمد احمد
2591566365,حماده على مرعى سليمان
2591694381,بلال اشرف جابر عابدين
2591712555,حسن عبد السلام عبد الرازق سالم
2591768409,محمد على الدين
2591788183,محمد عادل محمد محمود
2591951724,محمد علي عبد الجيد عبد الغني
2591952755,محمد ربيع بغدادي احمد
2591952813,يوسف عرباوي شحاته محمد
2591985425,محمد خيري محمد احمد
2591985516,عبد الحميد مسلم محمد مسلم
2592255851,مد ابدول كليم مد
2592504647,شاهر محمد محمد عبدالله
2592634063,محمد سياي مد شاديران
2592738195,ROKY MIA
2592789974,حسن شعبان سيد قابل
2593134451,مد مرسلين
2593217553,شميم أوسين
2593329770,خالد محمد على طاحون
2593657261,عبد الرحمن يوسف محمد يوسف
2593749977,احمد عثمان عبد الجواد شمس
2594172286,عرفان شاه عريف علي
2594172450,محمد شاه شاه عثمان
2594426104,عماد احمد علي احمد الحجلي
2594577500,محمد جافيد
2594630622,محمد شعبان
2594991420,تامر عبد الدايم عبد النبي عبد السلام
2595073780,احمد ابراهيم محمد على محمد
2595504289,عمرو ايمن ميهوب سيد
2596459871,اسلام جمعه ربيع عيد
2596606422,سيد حسنى سيد محمد
2597241476,مد سواروف ميا
2597443189,شهزاد اقبال اقبال محمد
2597443486,انيق انور حسين
2597582275,ابراهيم حسن ابراهيم العدوي
2597583356,مران أوسين روبل
2597772777,سمير هاني سمير ابراهيم
2597799051,انور محمد انور جمده
2598671838,مد سجيب ميا ميا
2598672570,مد غلام رابي
2599253867,محمد طيب محمد طيب
2599549231,ابراهيم محمد محمد كريم
2599679244,عبد الرحمن نجيب عبدالقادر قاسم
2599679483,محمد جمال عبدالموجود على
2599691751,عمرو السيد عبدالسلام محمد
2599909062,ابراهيم عبد الملاك ابراهيم كيرلس
2600045476,عادل محمد شمس الدين محمد
2600262071,شعيب علي سومرو الجبار
2600572560,عمرو شريف كامل نافع
2600755835,محمد محمد كمال الزيات
2600766493,زياد محمود فؤاد على
2601062330,محمود عادل عاشور البسومي
2601062538,علي محمد علي عطا
2601505262,امير اسماعيل رجب عواض
2601656255,احمد طارق غزال حسين
2601670785,اسماعيل محمد احمد علي
2602293777,حسن عادل محمد احمد
2602433449,مران رحمن مران رحمن
2602833002,امتاز محمد ناهيد ناهيد
2603735420,دكتور رافيول تشودري يعرف
2603742103,صالح محمد محسن اليوسفي
2603760170,محمد ريحان محمد ريحان خان
2603760543,محمد نظيم محمد نظيم الدين
2603849593,حيدر أوسين
2604608402,عمار ياسر حلمي حسن
2604909248,محمد مهيدي أوسين
2604974614,منصور جمال منصور على
2605375407,راجا محمد علي سلطان محمود
2605750997,جيدني أسين
2606047062,ايمن عبدالمعطي ابراهيم محمد
2606853394,سميع ال رحمن شون
2607221484,يوسف احمد سيد
2607221690,محمود سالم عبدالوهاب خليفة
2608175119,مد حبيب ال رحمن
2608245813,محمد أرنا رشيد
2608465098,بيشوى نادر نجيب فارس
2608760977,وسيم عباس بيوت جهويل
2608898918,احمد عماد احمد الشيخ
2609054594,ABU HANIF
2609582792,يم دي جاسم يم دي بادشا
2609703588,مد ايمون ميا
2609805110,كريم ربيع عبد الوهاب حسين احمد
2609815044,MD ABU UZZOL - - HOSSAIN
2610711232,مد لاودين مد لاودين
2610794063,غيضان سليم حسين غيضان
2611729878,راسل ميا
2612089009,محمد جابرابوزيد حسين
2612093464,محمد صلاح عبد الرحمن محمد
2612165098,احمد محمد عبد المحسن محمد
2612557153,ماجد شحاته الحسينى كريم
2612570016,شاهين محمود شاهين
2612590345,سعيد عبده عبد المنعم محمود
2612975926,مد زكريا زكريا احمد
2613172812,محمد بلال مظهر اقبال
2613235379,نيمال رحمن
2613242037,سعد ناصر سعد محمد
2613681937,فياض انور
2613903471,وليد ا ميرزا ا
2614003578,مد ابو مد موسي
2614040620,محمد شعبان عبد الله ابراهيم
2614052658,محمد احمد محمد نوار
2614137541,بدر مجدى احمد حسن احمد
2614530877,وسيم خان محمد قاسم خان
2615343882,عصام علي مصلح معصار
2615560725,حسين ياسرطه محمد
2615897994,شكيل ا
2615898091,فاروق ا
2615898232,حسين علي
2615930167,احمد عاطف عبد الرشيد محمد
2615981905,مد أبو سيد
2615982051,MD RIPON MIA
2616040024,تشوتون ميا ميا تشوتون
2616110728,محمد عادل محمد عقده
2616495988,على احمد على النمر
2616612368,شوهانور الرحمن مزبة الدين الدين الدين
2617133745,جاهد أوسين
2617590837,أنور أوسين
2618019182,مد مد مد سليم
2618245001,جهير ال اااسلام
2618668764,محمود محمد محمود حسن
2618729475,سامح راضوان سعيد حمد
2618813436,مصطفى عبد السلام حسن خلف الله
2618841361,محمد سيد محمد عبدالرحمن
2618863134,مد نظام
2619269471,عبد الله سيد عبد الله عبد الحميد
2619359868,علاء خالد محمد السعيد
2619448679,عبدالرحمن سليمان محمد سليمان
2619451707,ياسر عطا احمد محمد
2620007464,احمد محمود عبد السلام احمد
2620008447,احمد هشام احمد عبد المجيد
2620052452,اسلام سعيد عيد عبد المالك
2620274197,اسلام احمد محمود احمد
2620593968,محمد عبدالنبى نبوى جابر
2620688800,حسام الدين محمد محمد بدر
2620778767,محمد جلال محمود فهمي
2620868998,اسلام محمد حسنى ابراهيم
2620882908,محمد احمد عبد المجيد القطرى
2621094818,اسلام منصور مصطفي عيسي
2621095542,خالد رمضان على عبد الله
2621110614,ادهم حسن على حسن
2621224373,اسلام خلاف عبد الموجود احمد
2621224613,مصطفى البدرى اسماعيل محمد
2621225396,مصطفى محمد محمد سعيد
2621321203,محرم ابراهيم عثمان احمد
2621321310,محمد صلاح عثمان احمد
2621361480,حسن مصطفى محمد حسن
2621481486,محمود احمد عبدالعظيم احمد
2621484548,محمد نذر حسين
2621796164,رزق احمد رزق قناوى
2622291686,ابراهيم محمد عبد التواب السيد
2623006349,سلامه محمد كامل عبد العزيز
2623542491,محمد حمدي زكريا يوسف
2623705973,طه احمد طه محمد
2623778483,علي ابو زيد احمد الدلوع
2623781321,احمد محمد نجيب شلبى
2623790736,احمد رجب سيد مرعي
2623793433,اسماعيل جمال اسماعيل محمد
2623793649,يوسف احمد محمد احمد
2623827850,محمود ابراهيم محمود حزيمه
2624380438,طارق سيد رزق مبروك
2624401515,امين ال حسن ال
2624402406,فيروزا علم ا
2624402620,مد اموسي ال
2624402760,مد اريحانا
2624402927,رومان اميا ا
2624498321,اميربدر محمد محمود
2624498370,جميل فتحى محمود شندی
2624714123,حسن سيد عبدالحميد حسن
2625106170,ريدوي حسن
2626679514,احمد فتحي احمد عبدالحليم
2627167543,صمونيل نادى عزيز امين
2627168715,ماركو صليب فهيم اسكندر
2627732189,يسرى ايمن توفيق محمد
2627732478,نور جمال بدوی طه
2627732957,محمد جمعه عبد الرحمن شلبي
2627814672,احمد محمد ابراهيم ابو العمران
2627814763,مينا نادر نجيب فارس
2627814839,محمود السيد عطيه السيد
2627814938,ربيع سليمان على عبد الله
2627962364,ابراهيم السيد ابراهيم متولى
2629018488,كازي اسادي فتكار
2629019411,مد احسين شهادات
2629273505,مد نظم ال حسن
2629565009,احمد نصر الدين الحسيني بكر
2629565173,عبد الله مسعد عبدا عبد الله رزق
2629565314,رامى سعد حسن الصبروت
2630230577,روبيل ا اسلام ا
2630243315,احمد صلاح الدين حسن حموده
2630314611,جاهيرا علما
2630314660,مد ال حسن عبد الله
2630314744,مدا حسين رهاد
2630315295,مدا ميا شهرهان
2630315410,حماده محمود احمد محمود
2630315501,محمد عليان حشمى فواز
2630315881,كريم احمد محمد عبدالحميد
2630343289,محمد عثمان محمد مصطفى
2630343412,محمود عبد السلام قرني فتح الباب
2630564751,اسلام محمد محمد عبد الكريم
2630898415,احمد ماهر مهدی محمد
2632579013,حسان زبير محمد زبير
2633076621,ARMAN MIΑ
2633076662,MD MASUD
2636062180,اسماعيل حسين شاون شاوون
2636062651,جنيد اسلام
2636655173,ال مغير حسين حسين
2636655306,مد سيف الله اسلام
2636655421,مد شكيب ميا ميا
2640150187,زياد جميل فتحي شندي
