SheetRow,ExternalId,OwnerIqama,PaymentModel,SettlementMode,VehicleType,VehicleSerial,SourcePlate,VehicleId,ExpectedVehiclePlate,AlreadyAssigned,PlateConflict
2,1790809032257729,2615343882,2,Slab mode,سيارة,202353220,أ ط د 3412,01a0aed7-0d99-7b61-837b-daa90d7bf28a,ا ط د 3412,1,0
3,1790806043088936,2589653290,2,Slab mode,سيارة,656123220,أ ط س 4132,01a0aed7-0d99-74c3-af5c-bb39aadfca8f,ا ط س 4132,1,0
4,1790783876088435,2613681937,2,Slab mode,سيارة,503153220,أ ط د 3398,01a0aed7-0d99-7b70-a156-0173e1576638,ا ط د 3398,1,0
5,1790777320202469,2601505262,2,Slab mode,سيارة,750438120,أ ص س 2331,01a0aed7-0d98-7cbc-bd90-44c1754d1208,ا ص س 2331,1,0
6,1790623685060859,2546064722,2,Slab mode,سيارة,222153220,أ ط د 3389,01a0aed7-0d98-7cb2-99af-87442c033528,ا ط د 3389,1,0
7,1790622816257374,2588827796,2,Slab mode,سيارة,132438120,أ ص س 2309,01a0aed7-0d98-7252-8fee-6f60da71062a,ا ص س 2309,1,0
8,1790622113154603,2565620776,2,Slab mode,سيارة,411353220,أ ط د 3365,01a0aed7-0d9a-7163-97cd-80f6cd770902,ا ط د 3365,1,0
9,1790620561060329,2618863134,2,Slab mode,سيارة,379338120,أ ص س 2321,01a0aed7-0d98-7a7f-b6ec-17d03ff87111,ا ص س 2321,1,0
10,1790620051202158,2597241476,2,Slab mode,سيارة,102604220,أ ط س 1092,01a0aed7-0d9a-7e40-bfd5-1447ae4bc8b3,ا ط س 1092,1,0
11,1790619340222849,2512126406,2,Slab mode,سيارة,701438120,أ ص س 2302,01a0aed7-0d98-7aa2-8f94-e20b82306514,ا ص س 2302,1,0
12,1790616985088623,2570298998,2,Slab mode,سيارة,459123220,أ ط س 4136,01a0aed7-0d99-79d8-9865-ef116527959a,ا ط س 4136,1,0
13,1790374543202096,2598671838,2,Slab mode,سيارة,43153220,أ ط د 3320,01a0aed7-0d98-768c-9de4-38adf1e6334a,ا ط د 3320,1,0
14,1790373869088274,2531255582,2,Slab mode,سيارة,774953220,أ ط د 3599,01a0aed7-0d9a-79af-afe9-1b97f72c8450,ا ط د 3599,1,0
15,1790372959154543,2574897464,2,Slab mode,سيارة,533153220,أ ط د 3319,01a0aed7-0d99-7efc-bf8d-6277bf43e00b,ا ط د 3319,1,0
16,1790370910088903,2591985425,2,Slab mode,سيارة,231604220,أ ط س 1086,01a0aed7-0d9b-7d5f-88ac-d6496cd106c2,ا ط س 1086,1,0
17,1790369101257823,2530793047,2,Slab mode,سيارة,41604220,أ ط س 1087,01a0aed7-0d9a-7d02-850c-6ecf997cedca,ا ط س 1087,1,0
18,1790364343060302,2541259848,2,Slab mode,سيارة,560604220,أ ط س 1079,01a0aed7-0d9b-7e43-9a73-201cbdd3b43b,ا ط س 1079,1,0
19,1790361577060918,2393242371,2,Slab mode,سيارة,656123220,أ ط س 4132,01a0aed7-0d99-74c3-af5c-bb39aadfca8f,ا ط س 4132,1,0
20,1789312374257467,2438765915,2,Slab mode,سيارة,443953220,أ ط د 3595,01a0aed7-0d9a-7b8f-89f7-30fd8e8888b3,ا ط د 3595,1,0
21,1789302661222343,2545844504,2,Slab mode,سيارة,571353220,أ ط د 3410,01a0aed7-0d9a-7c7f-8371-55a35c71140a,ا ط د 3410,1,0
22,1788774973060033,2621094818,1,Per order mode,سيارة,400438120,أ ص س 2325,01a0aed7-0d98-7447-bc67-9a010b3dd946,ا ص س 2325,1,0
23,1788196706202478,2509129876,2,Slab mode,سيارة,980604220,أ ط س 1082,01a0aed7-0d9b-7a30-a90c-106a62cd62f8,ا ط س 1082,1,0
24,1788186385202712,2600766493,2,Slab mode,سيارة,651438120,أ ص س 2305,01a0aed7-0d99-75ed-a727-6465b0f94d99,ا ص س 2305,1,0
25,1788103338202853,2620868998,2,Slab mode,سيارة,613153220,أ ط د 3400,01a0aed7-0d99-76b4-9d89-3777a4b85199,ا ط د 3400,1,0
26,1788003562202246,2618841361,2,Slab mode,سيارة,560604220,أ ط س 1079,01a0aed7-0d9b-7e43-9a73-201cbdd3b43b,ا ط س 1079,1,0
27,1787998907060732,2525914756,2,Slab mode,سيارة,231604220,أ ط س 1086,01a0aed7-0d9b-7d5f-88ac-d6496cd106c2,ا ط س 1086,1,0
28,1787831608060818,2347120533,2,Slab mode,سيارة,700353220,أ ط د 3370,01a0aed7-0d9a-7e32-8431-41021c2359ea,ا ط د 3370,1,0
29,1785926804088538,2630898415,2,Slab mode,سيارة,171438120,أ ص س 2306,01a0aed7-0d98-79f9-ab2b-df182bb68c9c,ا ص س 2306,1,0
30,1785764441480973,2630343412,2,Slab mode,سيارة,881353220,أ ط د 3411,01a0aed7-0d9a-7f31-b2e6-322d26993e22,ا ط د 3411,1,0
31,1785764424222966,2630564751,2,Slab mode,سيارة,171438120,أ ص س 2306,01a0aed7-0d98-79f9-ab2b-df182bb68c9c,ا ص س 2306,1,0
32,1785658891202659,2500359027,2,Slab mode,سيارة,310438120,أ ص س 2326,01a0aed7-0d98-755d-9c5b-a48d10991f71,ا ص س 2326,1,0
33,1785602535222902,2619269471,2,Slab mode,سيارة,102604220,أ ط س 1092,01a0aed7-0d9a-7e40-bfd5-1447ae4bc8b3,ا ط س 1092,1,0
34,1785598933060891,2612975926,2,Slab mode,سيارة,771604220,أ ط س 1090,01a0aed7-0d9b-74e5-b7bb-3f744fbdd384,ا ط س 1090,1,0
35,1785584091257584,2257818035,2,Slab mode,سيارة,771604220,أ ط س 1090,01a0aed7-0d9b-74e5-b7bb-3f744fbdd384,ا ط س 1090,1,0
36,1785421224060137,2616110728,2,Slab mode,سيارة,522353220,أ ط د 3403,01a0aed7-0d9a-72e9-86a6-d8665260dcee,ا ط د 3403,1,0
37,1785414904202283,2567243304,2,Slab mode,سيارة,459123220,أ ط س 4136,01a0aed7-0d99-79d8-9865-ef116527959a,ا ط س 4136,1,0
38,1785405824206620,2596606422,2,Slab mode,سيارة,419123220,أ ط س 4133,01a0aed7-0d98-730d-90a4-192042ef1a62,ا ط س 4133,1,0
39,1785398314202809,2594991420,2,Slab mode,سيارة,280438120,أ ص س 2333,01a0aed7-0d98-7f8e-ac13-eea9d77b9bd3,ا ص س 2333,1,0
40,1785079563088320,2618729475,2,Slab mode,سيارة,902438120,أ ص س 2322,01a0aed7-0d99-7094-802c-67d3101b5c8c,ا ص س 2322,1,0
41,1785065754480931,2578574465,2,Slab mode,سيارة,640353220,أ ط د 3360,01a0aed7-0d99-79b8-beeb-51216d901521,ا ط د 3360,1,0
42,1784800818019507,2417830615,2,Slab mode,سيارة,202353220,أ ط د 3412,01a0aed7-0d99-7b61-837b-daa90d7bf28a,ا ط د 3412,1,0
43,1784367825060412,2563841630,2,Slab mode,سيارة,379338120,أ ص س 2321,01a0aed7-0d98-7a7f-b6ec-17d03ff87111,ا ص س 2321,1,0
44,1782839369088032,2471734224,2,Slab mode,سيارة,411353220,أ ط د 3365,01a0aed7-0d9a-7163-97cd-80f6cd770902,ا ط د 3365,1,0
45,1782832495480567,2464211263,2,Slab mode,سيارة,141438120,أ ص س 2304,01a0aed7-0d98-7f86-abb1-6999c8315175,ا ص س 2304,1,0
46,1782832227257993,2608760977,2,Slab mode,سيارة,752604220,أ ط س 1097,01a0aed7-0d9b-7c57-8a81-43b6d3585311,ا ط س 1097,1,0
47,1782823416060176,2570564845,2,Slab mode,سيارة,212604220,أ ط س 1093,01a0aed7-0d9b-7422-bf60-b98078ec45aa,ا ط س 1093,1,0
48,1782813465019259,2545269660,2,Slab mode,سيارة,141438120,أ ص س 2304,01a0aed7-0d98-7f86-abb1-6999c8315175,ا ص س 2304,1,0
49,1780754208019216,2597799051,2,Slab mode,سيارة,890438120,أ ص س 2301,01a0aed7-0d98-79fd-92df-e4d1b39d05e5,ا ص س 2301,1,0
50,1780344894060679,2615930167,2,Slab mode,سيارة,443953220,أ ط د 3595,01a0aed7-0d9a-7b8f-89f7-30fd8e8888b3,ا ط د 3595,1,0
51,1777670970480112,2621225396,2,Slab mode,سيارة,333953220,أ ط د 3665,01a0aed7-0d99-7ed2-91bb-e05b2c522f77,ا ط د 3665,1,0
52,1774431993480282,2590609364,2,Slab mode,سيارة,41604220,أ ط س 1087,01a0aed7-0d9a-7d02-850c-6ecf997cedca,ا ط س 1087,1,0
53,1772325115060855,2586483055,2,Slab mode,سيارة,583953220,أ ط د 3600,01a0aed7-0d9a-73bd-b321-40e3b9a1e80e,ا ط د 3600,1,0
54,1772309247257643,2581625023,2,Slab mode,سيارة,571353220,أ ط د 3410,01a0aed7-0d9a-7c7f-8371-55a35c71140a,ا ط د 3410,1,0
55,1772283829088801,2559976770,2,Slab mode,سيارة,613153220,أ ط د 3400,01a0aed7-0d99-76b4-9d89-3777a4b85199,ا ط د 3400,1,0
56,1771236275202340,2617590837,2,Slab mode,سيارة,711604220,أ ط س 1085,01a0aed7-0d9b-7c81-b660-fee60b9bf121,ا ط س 1085,1,0
57,1770311381206764,2587956117,2,Slab mode,سيارة,533153220,أ ط د 3319,01a0aed7-0d99-7efc-bf8d-6277bf43e00b,ا ط د 3319,1,0
58,1768733257237628,2620008447,2,Slab mode,سيارة,473438120,أ ص س 2316,01a0aed7-0d99-7233-8039-dae448f23b23,ا ص س 2316,1,0
59,1767280129480307,2591508706,2,Slab mode,سيارة,132604220,أ ط س 1095,01a0aed7-0d9a-7915-bf2e-3083dcc9ceec,ا ط س 1095,1,0
60,1764803970088194,2590887804,2,Slab mode,سيارة,911353220,أ ط د 3366,01a0aed7-0d9a-7485-a001-f67261120a59,ا ط د 3366,1,0
61,1763902372202103,2527406538,2,Slab mode,سيارة,132438120,أ ص س 2309,01a0aed7-0d98-7252-8fee-6f60da71062a,ا ص س 2309,1,0
62,1763302225257877,2584246710,2,Slab mode,سيارة,581604220,أ ط س 1091,01a0aed7-0d9b-7699-a492-cf94f2c5dca3,ا ط س 1091,1,0
63,1762959988257683,2256734357,2,Slab mode,سيارة,750438120,أ ص س 2331,01a0aed7-0d98-7cbc-bd90-44c1754d1208,ا ص س 2331,1,0
64,1762386637480742,2614052658,2,Slab mode,سيارة,12353220,أ ط د 3413,01a0aed7-0d98-7c6b-bf66-f008f4f29863,ا ط د 3413,1,0
65,1762385962237401,2552431948,2,Slab mode,سيارة,881353220,أ ط د 3411,01a0aed7-0d9a-7f31-b2e6-322d26993e22,ا ط د 3411,1,0
66,1761932748088066,2537012359,2,Slab mode,سيارة,205573220,أ ط ح 1247,01a0aed7-0d99-7d07-9b44-e0628fe301e2,ا ط ح 1247,1,0
67,1761932371088963,2612089009,2,Slab mode,سيارة,413438120,أ ص س 2314,01a0aed7-0d98-75a3-8624-01d83e15a106,ا ص س 2314,1,0
68,1761315180202204,2560597839,2,Slab mode,سيارة,950353220,أ ط د 3361,01a0aed7-0d9a-7e1e-ab4f-4a0dbf5e5725,ا ط د 3361,1,0
69,1761234449257391,2554287728,2,Slab mode,سيارة,31353220,أ ط د 3367,01a0aed7-0d98-770b-bd75-ca1211c3992f,ا ط د 3367,1,0
70,1761227464088440,2563523154,2,Slab mode,سيارة,581604220,أ ط س 1091,01a0aed7-0d9b-7699-a492-cf94f2c5dca3,ا ط س 1091,1,0
71,1760043889480394,2603849593,2,Slab mode,سيارة,774953220,أ ط د 3599,01a0aed7-0d9a-79af-afe9-1b97f72c8450,ا ط د 3599,1,0
72,1760043572257975,2572718712,2,Slab mode,سيارة,801353220,أ ط د 3364,01a0aed7-0d9a-7342-87e6-6a6d7940df03,ا ط د 3364,1,0
73,1759935926088894,2495975902,2,Slab mode,سيارة,473438120,أ ص س 2316,01a0aed7-0d99-7233-8039-dae448f23b23,ا ص س 2316,1,0
74,1759934349480283,2587728102,2,Slab mode,سيارة,32153220,أ ط د 3390,01a0aed7-0d98-7efa-b4d7-ea61dd6d200b,ا ط د 3390,1,0
75,1759083473257340,2585700301,2,Slab mode,سيارة,640353220,أ ط د 3360,01a0aed7-0d99-79b8-beeb-51216d901521,ا ط د 3360,1,0
76,1758982035206206,2587497070,2,Slab mode,سيارة,594223220,أ ط ل 7223,01a0aed7-0d99-7a48-8913-9b7b1707b32a,ا ط ل 7223,1,0
77,1758908161206098,2599679244,2,Slab mode,سيارة,32153220,أ ط د 3390,01a0aed7-0d98-7efa-b4d7-ea61dd6d200b,ا ط د 3390,1,0
78,1758550769480690,2609805110,2,Slab mode,سيارة,950353220,أ ط د 3361,01a0aed7-0d9a-7e1e-ab4f-4a0dbf5e5725,ا ط د 3361,1,0
79,1758403743202832,2591323973,2,Slab mode,سيارة,31353220,أ ط د 3367,01a0aed7-0d98-770b-bd75-ca1211c3992f,ا ط د 3367,1,0
80,1791211650202527,2607221690,2,Slab mode,سيارة,0,0,,,0,0
81,1791022679088563,2624714123,2,Slab mode,سيارة,526123220,أ ط س 4134,01a0aed7-0d99-7eb9-a414-ebcce7d8ce49,ا ط س 4134,1,0
82,1790929518060154,2591788183,2,Slab mode,سيارة,282604220,أ ط س 1099,01a0aed7-0d9b-71af-b9b9-65821dd175ef,ا ط س 1099,1,0
83,1790794933088262,2629565009,2,Slab mode,سيارة,29404220,أ ط ط 1039,01a0aed7-0d98-7b77-b79c-6b56398fe88b,ا ط ط 1039,1,0
84,1790610516154007,2621224613,2,Slab mode,سيارة,151604220,أ ط س 1088,01a0aed7-0d9b-792c-af14-f247c014a7b6,ا ط س 1088,1,0
85,1790593024257014,2623542491,2,Slab mode,سيارة,322304220,أ ط ط 1030,01a0aed7-0d99-7772-8a6c-b5ebb29d233f,ا ط ط 1030,1,0
86,1790525930257372,2614137541,2,Slab mode,سيارة,339123220,أ ط ن 4286,01a0aed7-0d9c-7e08-971c-a3272534a3f7,ا ط ن 4286,1,0
87,1790523244257455,2643890250,2,Slab mode,سيارة,610604220,أ ط س 1075,01a0aed7-0d9b-755b-84cc-752ec69f8077,ا ط س 1075,1,0
88,1789475805154040,2633076662,2,Slab mode,سيارة,400504220,ا ع د 8536,01a0aed7-0d9b-7af1-bead-ca4465fda246,ا ع د 8536,1,0
89,1788946646088639,2585086503,2,Slab mode,سيارة,740604220,أ ط س 1077,01a0aed7-0d9b-7a4c-a325-da6db71de414,ا ط س 1077,1,0
90,1788258582257312,2581511629,2,Slab mode,سيارة,722604220,أ ط س 1094,01a0aed7-0d9b-7740-b217-6508c213daa6,ا ط س 1094,1,0
91,1788011951060505,2619448679,2,Slab mode,سيارة,452304220,أ ط ط 1035,01a0aed7-0d9a-7470-8255-3ff6d49b32e5,ا ط ط 1035,1,0
92,1787760172154255,2636655173,2,Slab mode,سيارة,722604220,أ ط س 1094,01a0aed7-0d9b-7740-b217-6508c213daa6,ا ط س 1094,1,0
93,1787757498088697,2576050401,2,Slab mode,سيارة,350604220,أ ط س 1078,01a0aed7-0d9b-787f-b503-9998df1cd456,ا ط س 1078,1,0
94,1787749329060646,2510966068,2,Slab mode,سيارة,29404220,أ ط ط 1039,01a0aed7-0d98-7b77-b79c-6b56398fe88b,ا ط ط 1039,1,0
95,1787688041060673,2627814672,2,Slab mode,سيارة,361604220,أ ط س 1089,01a0aed7-0d9b-78e7-83d8-a429a25aa5ea,ا ط س 1089,1,0
96,1787674496257879,2633076621,2,Slab mode,سيارة,361604220,أ ط س 1089,01a0aed7-0d9b-78e7-83d8-a429a25aa5ea,ا ط س 1089,0,0
97,1787673007060506,2623793433,2,Slab mode,سيارة,400504220,ا ع د 8536,01a0aed7-0d9b-7af1-bead-ca4465fda246,ا ع د 8536,1,0
98,1787668936088276,2624402620,2,Slab mode,سيارة,613750710,أ ط ط 8687,01a0aed7-0d92-7508-a27a-901c19003f69,ا ط ط 8687,0,0
99,1787666563154302,2629565173,2,Slab mode,سيارة,515342810,أ ط ب 1848,01a0aed7-0d97-713e-9026-a81fbca28fde,ا ط ب 1848,1,0
100,1787664423154923,2612570016,2,Slab mode,سيارة,515342810,أ ط ب 1848,01a0aed7-0d97-713e-9026-a81fbca28fde,ا ط ب 1848,1,0
101,1787663223222101,2615560725,2,Slab mode,سيارة,508123220,أ ط ن 4235,01a0aed7-0d9c-7fd9-aaa1-deea97af03b3,ا ط ن 4235,1,0
102,1787662543154629,2619451707,2,Slab mode,سيارة,508123220,أ ط ن 4235,01a0aed7-0d9c-7fd9-aaa1-deea97af03b3,ا ط ن 4235,1,0
103,1787659016154782,2630243315,2,Slab mode,سيارة,220438120,أ ص س 2327,01a0aed7-0d98-7c4b-83e9-fd054ff68372,ا ص س 2327,1,0
104,1786441291060266,2640150187,2,Slab mode,سيارة,971438120,أ ص س 2307,01a0aed7-0d99-766b-a181-e9fc787dbc8c,ا ص س 2307,1,0
105,1786002697257848,2610794063,2,Slab mode,سيارة,289504220,أ ط س 1072,01a0aed7-0d9b-737e-b313-a389b27b7f62,ا ط س 1072,1,0
106,1785689885202778,2612590345,2,Slab mode,سيارة,399504220,أ ط س 1073,01a0aed7-0d9b-7450-ba29-d8a8195fe86e,ا ط س 1073,1,0
107,1785668252222007,2627962364,2,Slab mode,سيارة,270604220,أ ط س 1080,01a0aed7-0d9b-787f-bf54-837f749652fe,ا ط س 1080,1,0
108,1785666325088164,2627732478,2,Slab mode,سيارة,830604220,أ ط س 1076,01a0aed7-0d9b-7b0b-90ac-4119948b5eae,ا ط س 1076,1,0
109,1785539607060693,2522777933,2,Slab mode,سيارة,270604220,أ ط س 1080,01a0aed7-0d9b-787f-bf54-837f749652fe,ا ط س 1080,1,0
110,1785538934257448,2594426104,2,Slab mode,سيارة,484862710,أ ع أ 3107,01a0aed7-0d97-7487-8545-0d9e0d771712,ا ع ا 3107,1,0
111,1785538219222256,2623006349,2,Slab mode,سيارة,282604220,أ ط س 1099,01a0aed7-0d9b-71af-b9b9-65821dd175ef,ا ط س 1099,1,0
112,1785525979088531,2612557153,2,Slab mode,سيارة,882123220,أ ط س 4135,01a0aed7-0d99-77eb-9c75-a5720482dc7d,ا ط س 4135,1,0
113,1782916129257495,2541115800,2,Slab mode,سيارة,510504220,أ ط ط 1038,01a0aed7-0d9b-7f98-a44a-b4eeb39d3873,ا ط ط 1038,1,0
114,1782824155257379,2352329052,2,Slab mode,سيارة,484862710,أ ع أ 3107,01a0aed7-0d97-7487-8545-0d9e0d771712,ا ع ا 3107,1,0
115,1782664340257421,2630315410,2,Slab mode,سيارة,822304220,أ ط ط 1036,01a0aed7-0d9a-73bd-9aa9-396666b7d62b,ا ط ط 1036,1,0
116,1781710354088469,2535622282,2,Slab mode,سيارة,399504220,أ ط س 1073,01a0aed7-0d9b-7450-ba29-d8a8195fe86e,ا ط س 1073,1,0
117,1780270880088994,2624498321,2,Slab mode,سيارة,42604220,أ ط س 1096,01a0aed7-0d9a-7a6b-8a04-4be7497a61b8,ا ط س 1096,1,0
118,1780269121202710,2621321203,2,Slab mode,سيارة,452304220,أ ط ط 1035,01a0aed7-0d9a-7470-8255-3ff6d49b32e5,ا ط ط 1035,1,0
119,1780265942257018,2627168715,2,Slab mode,سيارة,629404220,أ ط ط 1026,01a0aed7-0d9a-7250-b9b3-37e2455e7ec1,ا ط ط 1026,1,0
120,1780265096088953,2624498370,2,Slab mode,سيارة,971438120,أ ص س 2307,01a0aed7-0d99-766b-a181-e9fc787dbc8c,ا ص س 2307,1,0
121,1780263917202481,2627167543,2,Slab mode,سيارة,151604220,أ ط س 1088,01a0aed7-0d9b-792c-af14-f247c014a7b6,ا ط س 1088,1,0
122,1780262957060903,2577660661,2,Slab mode,سيارة,42604220,أ ط س 1096,01a0aed7-0d9a-7a6b-8a04-4be7497a61b8,ا ط س 1096,1,0
123,1780249409257006,2599549231,2,Slab mode,سيارة,21223220,أ ط ن 4228,01a0aed7-0d9b-7a01-9287-c4625ed77138,ا ط ن 4228,1,0
124,1778493984206768,2563494190,2,Slab mode,سيارة,43123220,أ ط ن 4229,01a0aed7-0d9c-71a7-a631-aa430ad32e66,ا ط ن 4229,1,0
125,1776617194257926,2564109326,2,Slab mode,سيارة,43123220,أ ط ن 4229,01a0aed7-0d9c-71a7-a631-aa430ad32e66,ا ط ن 4229,1,0
126,1776108103257858,2623793649,2,Slab mode,سيارة,399504220,أ ط س 1073,01a0aed7-0d9b-7450-ba29-d8a8195fe86e,ا ط س 1073,1,0
127,1772375397088008,2623781321,2,Slab mode,سيارة,339123220,أ ط ن 4286,01a0aed7-0d9c-7e08-971c-a3272534a3f7,ا ط ن 4286,1,0
128,1770455628257691,2623827850,2,Slab mode,سيارة,629404220,أ ط ط 1026,01a0aed7-0d9a-7250-b9b3-37e2455e7ec1,ا ط ط 1026,1,0
129,1767088279206025,2622291686,2,Slab mode,سيارة,740604220,أ ط س 1077,01a0aed7-0d9b-7a4c-a325-da6db71de414,ا ط س 1077,1,0
130,1764863307206984,2615982051,2,Slab mode,سيارة,610604220,أ ط س 1075,01a0aed7-0d9b-755b-84cc-752ec69f8077,ا ط س 1075,1,0
131,1764790941088268,2621224373,2,Slab mode,سيارة,882123220,أ ط س 4135,01a0aed7-0d99-77eb-9c75-a5720482dc7d,ا ط س 4135,1,0
132,1764781408088812,2564289847,2,Slab mode,سيارة,526123220,أ ط س 4134,01a0aed7-0d99-7eb9-a414-ebcce7d8ce49,ا ط س 4134,1,0
133,1764249266206430,2335022626,2,Slab mode,سيارة,350604220,أ ط س 1078,01a0aed7-0d9b-787f-b503-9998df1cd456,ا ط س 1078,1,0
134,1764234429237750,2615981905,2,Slab mode,سيارة,610604220,أ ط س 1075,01a0aed7-0d9b-755b-84cc-752ec69f8077,ا ط س 1075,1,0
135,1763489532237197,2618019182,2,Slab mode,سيارة,472604220,أ ط س 1098,01a0aed7-0d9b-7e44-b7b4-f6b65c889430,ا ط س 1098,1,0
136,1791112519154130,2611729878,2,Slab mode,سيارة,906123220,أ ع د 7892,01a0aed7-0d9c-7b41-920d-51a6f69b6193,ا ع د 7892,1,0
137,1791111870257533,2490149057,2,Slab mode,سيارة,457229810,أ ص ه 5193,01a0aed7-0d94-7e6d-bed9-4e26aa656462,ا ص ه 5193,1,0
138,1790890770202969,2625106865,2,Slab mode,دراجة نارية,882406020,ط أ 6518,01a0aed7-0d94-75bd-82fc-ff1d3ffd751a,ط ا 6518,1,0
139,1790879097060788,2624380438,2,Slab mode,دراجة نارية,410947020,ط أ 6611,01a0aed7-0d94-7188-9255-e6f7161b61bf,ط ا 6611,0,0
140,1790760650154444,2590110595,2,Slab mode,سيارة,277229810,أ ص ه 6194,01a0aed7-0d92-729a-b033-2e1c985d856a,ا ص ه 6194,1,0
141,1790760621222631,2641773193,2,Slab mode,دراجة نارية,235445020,ك ع 291,01a0aed7-0d93-76be-a997-6465db5d5586,ك ع 291,0,0
142,1790620141088619,2621481486,2,Slab mode,دراجة نارية,441765020,ك ع 853,01a0aed7-0d96-7b68-9b98-125cc77c2f3e,ك ع 853,1,0
143,1790618295202418,2586666717,2,Slab mode,دراجة نارية,441765020,ك ع 853,01a0aed7-0d96-7b68-9b98-125cc77c2f3e,ك ع 853,1,0
144,1789664794088190,2580392567,2,Slab mode,دراجة نارية,110947020,ط أ 6606,01a0aed7-0d96-7fea-a03d-65965b3e7f39,ط ا 6606,1,0
145,1789313901222688,2583907734,2,Slab mode,دراجة نارية,387506020,ط أ 6521,01a0aed7-0d94-7a0c-abe6-35677c726f9b,ط ا 6521,1,0
146,1789311905154158,2555828033,2,Slab mode,دراجة نارية,387506020,ط أ 6521,01a0aed7-0d94-7a0c-abe6-35677c726f9b,ط ا 6521,1,0
147,1789310116060399,2595504289,2,Slab mode,سيارة,906123220,أ ع د 7892,01a0aed7-0d9c-7b41-920d-51a6f69b6193,ا ع د 7892,1,0
148,1789310032088652,2591951583,2,Slab mode,دراجة نارية,820947020,ط أ 6665,01a0aed7-0d94-78e7-937d-0d074f7a781a,ط ا 6665,1,0
149,1788706776257675,2567197658,2,Slab mode,دراجة نارية,630947020,ط أ 6333,01a0aed7-0d94-76c9-afd0-238e1a81c0f0,ط ا 6333,0,0
150,1788214672060001,2341264758,2,Slab mode,سيارة,29123220,أ ط ن 4285,01a0aed7-0d9c-77d6-a6bb-ab30c2242301,ا ط ن 4285,1,0
151,1788191581222411,2589753306,2,Slab mode,دراجة نارية,235445020,ك ع 291,01a0aed7-0d93-76be-a997-6465db5d5586,ك ع 291,0,0
152,1788190002257263,2579041746,2,Slab mode,دراجة نارية,505445020,ك ع 293,01a0aed7-0d94-78e2-b73a-a01bc07d62f1,ك ع 293,1,0
153,1788002837060577,2591952813,2,Slab mode,سيارة,467229810,أ ص ه 5190,01a0aed7-0d91-786a-8107-eeb3b44d51cf,ا ص ه 5190,1,0
154,1787846078154552,2623705973,2,Slab mode,سيارة,467229810,أ ص ه 5190,01a0aed7-0d91-786a-8107-eeb3b44d51cf,ا ص ه 5190,1,0
155,1787762301154740,2620778767,2,Slab mode,سيارة,591033220,أ ط ن 4236,01a0aed7-0d9c-79bd-b614-08c9a0870b57,ا ط ن 4236,1,0
156,1787759697222943,2607221484,2,Slab mode,سيارة,614471810,أ ط ط 8686,01a0aed7-0d93-7d1a-b7e2-b7c2a245cacb,ا ط ط 8686,1,0
157,1787759016202039,2608245813,2,Slab mode,سيارة,614471810,أ ط ط 8686,01a0aed7-0d93-7d1a-b7e2-b7c2a245cacb,ا ط ط 8686,1,0
158,1787757286154691,2496941606,2,Slab mode,سيارة,658125710,أ ط ط 8659,01a0aed7-0d92-7585-8486-b6056a53f0b3,ا ط ط 8659,1,0
159,1787756589154712,2546408820,2,Slab mode,سيارة,658125710,أ ط ط 8659,01a0aed7-0d92-7585-8486-b6056a53f0b3,ا ط ط 8659,1,0
160,1787137193154425,2558578205,2,Slab mode,دراجة نارية,25445020,ك ع 292,01a0aed7-0d92-7645-9b04-50c1c92a413e,ك ع 292,0,0
161,1786371184088058,2639777610,2,Slab mode,دراجة نارية,25445020,ك ع 292,01a0aed7-0d92-7645-9b04-50c1c92a413e,ك ع 292,0,0
162,1786204554088884,2501776401,2,Slab mode,دراجة نارية,630947020,ط أ 6333,01a0aed7-0d94-76c9-afd0-238e1a81c0f0,ط ا 6333,0,0
163,1785587222480227,2588797916,2,Slab mode,دراجة نارية,235445020,ك ع 291,01a0aed7-0d93-76be-a997-6465db5d5586,ك ع 291,0,0
164,1783864858257097,2591951724,2,Slab mode,دراجة نارية,261765020,ك ع 851,01a0aed7-0d92-73ef-94c7-73b4ff88c5bf,ك ع 851,1,0
165,1783197897257126,2590887952,2,Slab mode,دراجة نارية,21101120,ط أ 6099,01a0aed7-0d92-7280-b239-113fb91479c9,ا ب 6099,0,1
166,1783167145019468,2476661265,2,Slab mode,دراجة نارية,631765020,ك ع 854,01a0aed7-0d93-74f0-8ae4-633598b7caf4,ك ع 854,1,0
167,1783002703088590,2623778483,2,Slab mode,دراجة نارية,410947020,ط أ 6611,01a0aed7-0d94-7188-9255-e6f7161b61bf,ط ا 6611,0,0
168,1782745815019075,2625106170,2,Slab mode,دراجة نارية,459001120,ط أ 6065,01a0aed7-0d92-7020-9a99-1026f54bb7bc,ا ب 6065,0,1
169,1782655537060995,2544361567,2,Slab mode,دراجة نارية,571765020,ك ع 850,01a0aed7-0d96-7d3e-ae2f-f09c58173e44,ك ع 850,1,0
170,1782563038480502,2580166359,2,Slab mode,دراجة نارية,155445020,ك ع 290,01a0aed7-0d96-712f-bcda-99b3f22ea933,ك ع 290,1,0
171,1780314988202283,2569733740,2,Slab mode,دراجة نارية,251765020,ك ع 852,01a0aed7-0d94-74dd-9622-831730282fbc,ك ع 852,0,0
172,1780240889257758,2591951823,2,Slab mode,دراجة نارية,261765020,ك ع 851,01a0aed7-0d92-73ef-94c7-73b4ff88c5bf,ك ع 851,1,0
173,1779122543206254,2591951526,2,Slab mode,دراجة نارية,261765020,ك ع 851,01a0aed7-0d92-73ef-94c7-73b4ff88c5bf,ك ع 851,1,0
174,1779105370257180,2562702072,2,Slab mode,دراجة نارية,505445020,ك ع 293,01a0aed7-0d94-78e2-b73a-a01bc07d62f1,ك ع 293,1,0
175,1777114347088357,2602744316,2,Slab mode,دراجة نارية,831101120,ط أ 6098,01a0aed7-0d94-7099-93ef-27b0c5e26b89,ا ب 6098,0,1
176,1776606462237309,2590077299,2,Slab mode,دراجة نارية,459001120,ط أ 6065,01a0aed7-0d92-7020-9a99-1026f54bb7bc,ا ب 6065,0,1
177,1776078853480786,2591566365,2,Slab mode,دراجة نارية,251765020,ك ع 852,01a0aed7-0d94-74dd-9622-831730282fbc,ك ع 852,0,0
178,1773865030257856,2554106605,2,Slab mode,دراجة نارية,820947020,ط أ 6665,01a0aed7-0d94-78e7-937d-0d074f7a781a,ط ا 6665,1,0
179,1773604917206688,2608465098,2,Slab mode,دراجة نارية,631765020,ك ع 854,01a0aed7-0d93-74f0-8ae4-633598b7caf4,ك ع 854,1,0
180,1773151908237763,2510890805,2,Slab mode,دراجة نارية,277506020,ط أ 6520,01a0aed7-0d95-7aa0-9a11-4699b0f66ea0,ط ا 6520,0,0
181,1770922551257805,2572717136,2,Slab mode,دراجة نارية,203406020,ط أ 6517,01a0aed7-0d95-73ae-81e8-ee1a62ef0d29,ط ا 6517,1,0
182,1770812116202139,2574083222,2,Slab mode,دراجة نارية,110947020,ط أ 6606,01a0aed7-0d96-7fea-a03d-65965b3e7f39,ط ا 6606,1,0
183,1770742301237011,2555827928,2,Slab mode,دراجة نارية,203406020,ط أ 6517,01a0aed7-0d95-73ae-81e8-ee1a62ef0d29,ط ا 6517,1,0
184,1770127536257695,2615898232,2,Slab mode,دراجة نارية,65445020,ك ع 289,01a0aed7-0d95-75ec-b906-01189a2ca524,ك ع 289,1,0
185,1770125142088264,2610711232,2,Slab mode,دراجة نارية,277506020,ط أ 6520,01a0aed7-0d95-7aa0-9a11-4699b0f66ea0,ط ا 6520,0,0
186,1770035810480394,2554802294,2,Slab mode,دراجة نارية,631765020,ك ع 854,01a0aed7-0d93-74f0-8ae4-633598b7caf4,ك ع 854,1,0
187,1769963556257701,2597443189,2,Slab mode,دراجة نارية,571765020,ك ع 850,01a0aed7-0d96-7d3e-ae2f-f09c58173e44,ك ع 850,1,0
188,1769949652237650,2573670342,2,Slab mode,دراجة نارية,203406020,ط أ 6517,01a0aed7-0d95-73ae-81e8-ee1a62ef0d29,ط ا 6517,1,0
189,1769945187480975,2566240384,2,Slab mode,دراجة نارية,630947020,ط أ 6333,01a0aed7-0d94-76c9-afd0-238e1a81c0f0,ط ا 6333,0,0
190,1769943908202378,2567539735,2,Slab mode,دراجة نارية,410101120,ط أ 6134,01a0aed7-0d92-7024-8adb-ed675e83a918,ا ب 6134,0,1
191,1769940975480527,2594172286,2,Slab mode,دراجة نارية,459001120,ط أ 6065,01a0aed7-0d92-7020-9a99-1026f54bb7bc,ا ب 6065,0,1
192,1769940323202503,2604909248,2,Slab mode,دراجة نارية,25445020,ك ع 292,01a0aed7-0d92-7645-9b04-50c1c92a413e,ك ع 292,0,0
193,1768830644060921,2615898091,2,Slab mode,دراجة نارية,882406020,ط أ 6518,01a0aed7-0d94-75bd-82fc-ff1d3ffd751a,ط ا 6518,1,0
194,1767709400202275,2592255851,2,Slab mode,دراجة نارية,410947020,ط أ 6611,01a0aed7-0d94-7188-9255-e6f7161b61bf,ط ا 6611,0,0
195,1767536079060755,2589845748,2,Slab mode,دراجة نارية,831101120,ط أ 6098,01a0aed7-0d94-7099-93ef-27b0c5e26b89,ا ب 6098,0,1
196,1767311738060229,2609703588,2,Slab mode,دراجة نارية,410101120,ط أ 6134,01a0aed7-0d92-7024-8adb-ed675e83a918,ا ب 6134,0,1
197,1765894912257521,2592634063,2,Slab mode,دراجة نارية,882406020,ط أ 6518,01a0aed7-0d94-75bd-82fc-ff1d3ffd751a,ط ا 6518,1,0
198,1764600661237945,2561524253,2,Slab mode,دراجة نارية,980101120,ط أ 6089,01a0aed7-0d95-7e0c-b020-fbf634f7af2d,ا ب 6089,0,1
199,1764552423060670,2561524204,2,Slab mode,دراجة نارية,980101120,ط أ 6089,01a0aed7-0d95-7e0c-b020-fbf634f7af2d,ا ب 6089,0,1
200,1764549680237479,2588805370,2,Slab mode,دراجة نارية,571765020,ك ع 850,01a0aed7-0d96-7d3e-ae2f-f09c58173e44,ك ع 850,1,0
201,1762180182206755,2557110117,2,Slab mode,دراجة نارية,110947020,ط أ 6606,01a0aed7-0d96-7fea-a03d-65965b3e7f39,ط ا 6606,1,0
202,1762001939480900,2580972970,2,Slab mode,دراجة نارية,65445020,ك ع 289,01a0aed7-0d95-75ec-b906-01189a2ca524,ك ع 289,1,0
203,1762001080202597,2584127175,2,Slab mode,دراجة نارية,40947020,ط أ 6999,01a0aed7-0d94-7d9b-be01-68ff408b2cd9,ط ا 6999,1,0
204,1762000461206193,2577211945,2,Slab mode,دراجة نارية,40947020,ط أ 6999,01a0aed7-0d94-7d9b-be01-68ff408b2cd9,ط ا 6999,1,0
205,1761999888237416,2578632750,2,Slab mode,دراجة نارية,40947020,ط أ 6999,01a0aed7-0d94-7d9b-be01-68ff408b2cd9,ط ا 6999,1,0
206,1761963142257908,2578632909,2,Slab mode,دراجة نارية,155445020,ك ع 290,01a0aed7-0d96-712f-bcda-99b3f22ea933,ك ع 290,1,0
207,1761957496257893,2592504647,2,Slab mode,دراجة نارية,947506020,ط أ 6519,01a0aed7-0d96-7f2f-b159-022ca4485cec,ط ا 6519,1,0
208,1791305216202026,2582105843,2,Slab mode,سيارة,0,0,,,0,0
209,1791300204222234,2547821708,2,Slab mode,سيارة,0,0,,,0,0
210,1791158330202122,2605375407,2,Slab mode,سيارة,821504220,أ ع س 1987,01a0aed7-0d9b-7ff4-af2e-fc74b20f20f9,1987 ا ع س,0,1
211,1791108120060321,2430010302,2,Slab mode,سيارة,518404220,ا ع س 2430,01a0aed7-0d9a-7eef-bdf0-fd522e395982,ا ع س 2430,1,0
212,1791049026222980,2551092097,2,Slab mode,سيارة,291438120,أ ص س 2308,01a0aed7-0d9b-7057-a9b9-e2cc3f6a333f,ا ص س 2308,1,0
213,1790702761154128,2488500378,2,Slab mode,سيارة,887123220,ا ع س 2595,01a0aed7-0d99-77ea-ab5f-3831a5502a2d,ا ع س 2595,0,0
214,1790535031222945,2531302228,2,Slab mode,سيارة,287123220,أ ط ي 3910,01a0aed7-0d9c-7472-884e-698d5d2b6d49,ا ط ي 3910,0,0
215,1790380247154396,2539395836,2,Slab mode,سيارة,801604220,أ ط س 1084,01a0aed7-0d9b-7a32-ae9c-8ecd55b7e793,ا ط س 1084,0,0
216,1790376932222924,2584453951,2,Slab mode,سيارة,713123220,أ ط ن 4250,01a0aed7-0d9c-7408-859b-9682f5403fa0,ا ط ن 4250,1,0
217,1790375686088664,2508923329,2,Slab mode,سيارة,362223220,أ ط ن 3750,01a0aed7-0d9c-77d2-bb2d-fa9a5a78e9d2,ا ط ن 3750,1,0
218,1790374100088073,2614003578,2,Slab mode,سيارة,67229810,أ ص ه 5194,01a0aed7-0d9b-7893-b3cf-4e64a24aa333,ا ص ه 5194,1,0
219,1790021031257436,2605750997,2,Slab mode,سيارة,865666510,أ ط ي 7704,01a0aed7-0d97-7ac8-aee0-b449b08998f9,ا ط ي 7704,0,0
220,1790009933257426,2575597774,2,Slab mode,سيارة,821504220,أ ع س 1987,01a0aed7-0d9b-7ff4-af2e-fc74b20f20f9,1987 ا ع س,0,1
221,1788367129222493,2629287588,2,Slab mode,سيارة,107123220,أ ط ي 3036,01a0aed7-0d9c-7865-9506-2a707a39591d,ا ط ي 3036,1,0
222,1788284881154929,2603735420,2,Slab mode,سيارة,573953220,أ ط د 3597,01a0aed7-0d9a-717b-a650-97709f8eb915,ا ط د 3597,1,0
223,1788260044257238,2620688800,2,Slab mode,سيارة,484223220,أ ط ن 3451,01a0aed7-0d9c-7554-9136-050caff0c15d,ا ط ن 3451,1,0
224,1788179021060590,2519259358,2,Slab mode,سيارة,520223220,أ ط ن 4287,01a0aed7-0d9c-7b4c-9980-34747bb39c58,ا ط ن 4287,1,0
225,1788108896060658,2529309292,2,Slab mode,سيارة,147229810,أ ص ه 6196,01a0aed7-0d95-7451-bf36-738eb1f1b948,ا ص ه 6196,1,0
226,1788104601154510,2558101875,2,Slab mode,سيارة,147229810,أ ص ه 6196,01a0aed7-0d95-7451-bf36-738eb1f1b948,ا ص ه 6196,1,0
227,1788085352060269,2632579013,2,Slab mode,سيارة,1604220,أ ط س 1083,01a0aed7-0d99-7d07-b5af-beafd791a0a5,ا ط س 1083,1,0
228,1788004292202709,2506922117,2,Slab mode,سيارة,573953220,أ ط د 3597,01a0aed7-0d9a-717b-a650-97709f8eb915,ا ط د 3597,1,0
229,1787847554202437,2576804195,2,Slab mode,سيارة,670424710,أ ط ي 4445,01a0aed7-0d95-70b9-907b-98866babf5c7,ا ط ي 4445,1,0
230,1787846654154727,2583482852,2,Slab mode,سيارة,396123220,أ ط ي 3906,01a0aed7-0d9c-74ef-846f-3c7a627395bb,ا ط ي 3906,1,0
231,1787825197257585,2602433449,2,Slab mode,سيارة,67229810,أ ص ه 5194,01a0aed7-0d9b-7893-b3cf-4e64a24aa333,ا ص ه 5194,1,0
232,1787766620202181,2627814763,2,Slab mode,سيارة,280604220,أ ط س 1081,01a0aed7-0d9b-79ad-b820-2f46af24290e,ا ط س 1081,1,0
233,1787065475060749,2556645477,2,Slab mode,سيارة,303438120,أ ص س 2313,01a0aed7-0d98-7f25-869b-1747c8d0cc70,ا ص س 2313,1,0
234,1785874181088432,2636062651,2,Slab mode,سيارة,269123220,أ ط ن 4289,01a0aed7-0d9c-7414-a009-947c1b2be929,ا ط ن 4289,1,0
235,1785873966480789,2629019411,2,Slab mode,سيارة,269123220,أ ط ن 4289,01a0aed7-0d9c-7414-a009-947c1b2be929,ا ط ن 4289,1,0
236,1785782468088583,2630315881,2,Slab mode,سيارة,484223220,أ ط ن 3451,01a0aed7-0d9c-7554-9136-050caff0c15d,ا ط ن 3451,1,0
237,1785762409060440,2627732189,2,Slab mode,سيارة,663953220,أ ط د 3596,01a0aed7-0d9a-74dc-9a1e-010305b2407e,ا ط د 3596,1,0
238,1785581475480541,2630343289,2,Slab mode,سيارة,82223220,أ ط ن 4283,01a0aed7-0d9c-76ab-b692-0061f41da7d7,ا ط ن 4283,1,0
239,1785408432019732,2614040620,2,Slab mode,سيارة,396123220,أ ط ي 3906,01a0aed7-0d9c-74ef-846f-3c7a627395bb,ا ط ي 3906,1,0
240,1785401939257443,2581767528,1,Per order mode,سيارة,534123220,أ ط ي 3908,01a0aed7-0d9c-7a2a-b238-29f69896c672,ا ط ي 3908,0,0
241,1784635840257677,2513764213,2,Slab mode,سيارة,280604220,أ ط س 1081,01a0aed7-0d9b-79ad-b820-2f46af24290e,ا ط س 1081,1,0
242,1784630605480909,2592789974,2,Slab mode,سيارة,592223220,أ ط ن 4234,01a0aed7-0d9c-765f-a2fb-f9e6ecca8b4e,ا ط ن 4234,1,0
243,1784216067206390,2580424253,2,Slab mode,سيارة,328123220,أ ط ن 4288,01a0aed7-0d9c-738d-b33b-3ab44394a971,ا ط ن 4288,1,0
244,1783785507480356,2577794361,2,Slab mode,سيارة,355123220,أ ط ي 3040,01a0aed7-0d9c-7ac6-9eb2-68b9ba8c7b01,ا ط ي 3040,1,0
245,1782894821060898,2613172812,2,Slab mode,سيارة,669338120,أ ص س 2320,01a0aed7-0d98-74d4-8ed9-c6c002b27f3d,ا ص س 2320,1,0
246,1782891522206921,2571262589,2,Slab mode,سيارة,925123220,أ ط س 4137,01a0aed7-0d99-7511-93f1-11e9ff2e7d11,ا ط س 4137,1,0
247,1782890124257652,2505831657,2,Slab mode,سيارة,355123220,أ ط ي 3040,01a0aed7-0d9c-7ac6-9eb2-68b9ba8c7b01,ا ط ي 3040,1,0
248,1782889143257946,2603760170,2,Slab mode,سيارة,146123220,أ ط ي 3038,01a0aed7-0d9c-7f60-9948-133c13ff10fd,ا ط ي 3038,1,0
249,1782886391088670,2600755835,2,Slab mode,سيارة,253223220,أ ط ن 4281,01a0aed7-0d9b-7828-875c-5fb2dbbb3111,ا ط ن 4281,1,0
250,1782855705019420,2484175191,2,Slab mode,سيارة,54123220,أ ط ن 4282,01a0aed7-0d9c-7ece-bd82-b861de8e976f,ا ط ن 4282,1,0
251,1782851366019798,2591694381,2,Slab mode,سيارة,167123220,أ ط ي 3039,01a0aed7-0d9c-7abb-b8e4-63f672000429,ا ط ي 3039,1,0
252,1782833624480473,2588712998,2,Slab mode,سيارة,415123220,أ ط ي 3909,01a0aed7-0d9c-7ab1-97bb-12fa5f12a6e4,ا ط ي 3909,1,0
253,1782832241019444,2597582275,2,Slab mode,سيارة,287123220,أ ط ي 3910,01a0aed7-0d9c-7472-884e-698d5d2b6d49,ا ط ي 3910,1,0
254,1782815771480397,2581056997,2,Slab mode,سيارة,300223220,أ ط ن 4284,01a0aed7-0d9b-7fa1-b6f7-e611fe298fd6,ا ط ن 4284,1,0
255,1782814580088110,2503619484,2,Slab mode,سيارة,146123220,أ ط ي 3038,01a0aed7-0d9c-7f60-9948-133c13ff10fd,ا ط ي 3038,1,0
256,1782751617088866,2439739612,2,Slab mode,سيارة,1604220,أ ط س 1083,01a0aed7-0d99-7d07-b5af-beafd791a0a5,ا ط س 1083,1,0
257,1782751429060906,2516196678,2,Slab mode,سيارة,241353220,أ ط د 3368,01a0aed7-0d98-768b-a9ca-7ca2379d95ff,ا ط د 3368,1,0
258,1782650876060752,2602833002,2,Slab mode,سيارة,362223220,أ ط ن 3750,01a0aed7-0d9c-77d2-bb2d-fa9a5a78e9d2,ا ط ن 3750,1,0
259,1782646664480082,2586890804,2,Slab mode,سيارة,592223220,أ ط ن 4234,01a0aed7-0d9c-765f-a2fb-f9e6ecca8b4e,ا ط ن 4234,1,0
260,1782640959019444,2603760543,2,Slab mode,سيارة,486123220,أ ط ي 3907,01a0aed7-0d9c-7c21-aba3-cae876591761,ا ط ي 3907,1,0
