"Id","Code","ExternalAccountId","RegisteredEmployeeId","OperatingCityId","SponsorId","PaymentModel","Status","IsDeleted"
"1166d186-d5e5-4dc4-afa6-0022739cd199","KEETA-1788196706202478","1788196706202478","01a09667-03d0-7fc8-b1a0-5d30e201a233","019c18d5-62e1-7000-8000-000000000003","019c18d5-62e1-7000-8000-000000000042","2","1","False"
"d22b849b-422a-4952-bf4b-00f35e8f816e","KEETA-1762001080202597","1762001080202597","01a09667-03cb-7fdb-923e-facd09a2d7ac","019c18d5-62e1-7000-8000-000000000003","019c18d5-62e1-7000-8000-000000000041","2","1","False"
"017df2c4-1d3c-4851-b4cd-0307fbfb40de","KEETA-1785598933060891","1785598933060891","01a09667-03ce-71f8-a4fc-e4dedc74150b","019c18d5-62e1-7000-8000-000000000003","019c18d5-62e1-7000-8000-000000000042","2","1","False"
"adcfda29-360f-42b1-bea1-044a67edfece","KEETA-1784216067206390","1784216067206390","01a09667-03d2-784b-9ba3-e3bb65d167aa","019c18d5-62e1-7000-8000-000000000003","019c18d5-62e1-7000-8000-000000000040","2","1","False"
"b1bae37f-d953-45dc-857e-056d0a5fab79","KEETA-1764790941088268","1764790941088268","01a09667-03d5-7fce-affd-45542b737d44","019c18d5-62e1-7000-8000-000000000005","019c18d5-62e1-7000-8000-000000000042","2","1","False"
"86223909-e50a-4039-b8d4-05843b908625","KEETA-1785408432019732","1785408432019732","01a09667-03cf-72f3-b62e-636fd2f2e1d5","019c18d5-62e1-7000-8000-000000000003","019c18d5-62e1-7000-8000-000000000040","2","1","False"
"0d54438a-7d8e-459c-b62c-05bbfc9a8827","KEETA-1785538934257448","1785538934257448","01a09667-03d3-7d2c-96bc-94d16b64b1f8","019c18d5-62e1-7000-8000-000000000005","019c18d5-62e1-7000-8000-000000000042","2","1","False"
"f2749ea3-0e8e-4288-a983-05e73ea5fcd8","KEETA-1787065475060749","1787065475060749","01a09667-03c9-798d-97ad-785c90775970","019c18d5-62e1-7000-8000-000000000003","019c18d5-62e1-7000-8000-000000000040","2","1","False"
"407443a4-b4e0-4366-9b95-098de2f1ed4a","KEETA-1763302225257877","1763302225257877","01a09667-03d2-72bd-b95b-aba718d6a162","019c18d5-62e1-7000-8000-000000000003","019c18d5-62e1-7000-8000-000000000042","2","1","False"
"079cfdc0-5d1c-4e43-8269-0b871945df3f","KEETA-1790777320202469","1790777320202469","01a09667-03ce-7054-9043-cea16c057fd0","019c18d5-62e1-7000-8000-000000000003","019c18d5-62e1-7000-8000-000000000042","2","1","False"
"1295a10c-c742-40d1-9bb2-0b9de32bb239","KEETA-1780269121202710","1780269121202710","01a09667-03d5-7ea1-b5d0-09f5097e2454","019c18d5-62e1-7000-8000-000000000005","019c18d5-62e1-7000-8000-000000000042","2","1","False"
"87e26529-b2ab-4046-8e18-0c4885006e23","KEETA-1788186385202712","1788186385202712","01a09667-03ce-7ab8-bad0-2efa621fb35a","019c18d5-62e1-7000-8000-000000000003","019c18d5-62e1-7000-8000-000000000042","2","1","False"
"a4c50809-8d81-4139-b63c-0c53006d62e6","KEETA-1782894821060898","1782894821060898","01a09667-03d4-7e18-9ee2-67ce9ec9b483","019c18d5-62e1-7000-8000-000000000003","019c18d5-62e1-7000-8000-000000000040","2","1","False"
"53f21989-507e-4805-88e8-0de72973b470","KEETA-1790890770202969","1790890770202969","01a09667-03cf-7206-944a-63b4ccb9d950","019c18d5-62e1-7000-8000-000000000003","019c18d5-62e1-7000-8000-000000000041","2","1","False"
"39dbc3a5-4bb3-443f-9042-10747761369b","KEETA-1787664423154923","1787664423154923","01a09667-03da-7d42-aa55-72daedb0c9ef","019c18d5-62e1-7000-8000-000000000005","019c18d5-62e1-7000-8000-000000000042","2","1","False"
"4f0ba1a5-f152-440a-bdc9-112198dfb7dd","KEETA-1782916129257495","1782916129257495","01a09667-03d1-78a6-98c9-bcc8bfc82564","019c18d5-62e1-7000-8000-000000000005","019c18d5-62e1-7000-8000-000000000042","2","1","False"
"f97f480b-c6c2-4fe5-8c35-11631492e08c","KEETA-1782824155257379","1782824155257379","01a09667-03d0-71a3-88aa-29aefc6d10b3","019c18d5-62e1-7000-8000-000000000005","019c18d5-62e1-7000-8000-000000000042","2","1","False"
"c59212e7-9d5f-4935-bf56-146d7a0d7870","KEETA-1774431993480282","1774431993480282","01a09667-03d3-7325-9c4b-39d817557b47","019c18d5-62e1-7000-8000-000000000003","019c18d5-62e1-7000-8000-000000000042","2","1","False"
"a1e332cc-7612-4e35-b3f3-14dac0d52093","KEETA-1762386637480742","1762386637480742","01a09667-03d4-7ce2-8a1a-848928ec87a7","019c18d5-62e1-7000-8000-000000000003","019c18d5-62e1-7000-8000-000000000042","2","1","False"
"9d7e1660-aecc-4e8c-99c3-15734e40e2a8","KEETA-1785689885202778","1785689885202778","01a09667-03d4-724e-8bed-7c07f41baf65","019c18d5-62e1-7000-8000-000000000005","019c18d5-62e1-7000-8000-000000000042","2","1","False"
"987e4219-2347-4e3e-9fb1-165174a48718","KEETA-1784630605480909","1784630605480909","01a09667-03da-7d11-8875-69d643db0b4d","019c18d5-62e1-7000-8000-000000000003","019c18d5-62e1-7000-8000-000000000040","2","1","False"
"7c0e8f84-b0ed-462a-9a2b-170973cb5326","KEETA-1788002837060577","1788002837060577","01a09667-03d3-7291-b1e3-33ec900179bf","019c18d5-62e1-7000-8000-000000000003","019c18d5-62e1-7000-8000-000000000041","2","1","False"
"e12573ca-91b5-4508-971e-17ba3ad9bd5a","KEETA-1790021031257436","1790021031257436","01a09667-03d4-78aa-8e05-f851b86d8d79","019c18d5-62e1-7000-8000-000000000003","019c18d5-62e1-7000-8000-000000000040","2","1","False"
"52d0a3ad-7446-4964-ba71-17dd47e75811","KEETA-1790369101257823","1790369101257823","01a09667-03d1-7217-b353-31c703d40e05","019c18d5-62e1-7000-8000-000000000003","019c18d5-62e1-7000-8000-000000000042","2","1","False"
"53cdb2a2-3462-43cd-a31a-190ff1963e18","KEETA-1782833624480473","1782833624480473","01a09667-03d3-7ad1-978b-4d442f7e3e5d","019c18d5-62e1-7000-8000-000000000003","019c18d5-62e1-7000-8000-000000000040","2","1","False"
"39cac8c3-354f-4a9c-919f-1ad4eb2268e2","KEETA-1762385962237401","1762385962237401","01a09667-03d1-78a0-b3c8-0ad8468e21a8","019c18d5-62e1-7000-8000-000000000003","019c18d5-62e1-7000-8000-000000000042","2","1","False"
"35f573ad-58ae-45dd-b2a0-1cb5a0e4f06a","KEETA-1788258582257312","1788258582257312","01a09667-03cb-7e79-9652-0d977c5fe103","019c18d5-62e1-7000-8000-000000000005","019c18d5-62e1-7000-8000-000000000042","2","1","False"
"1fd98802-fe37-4fc7-814d-1f87ede5a204","KEETA-1776108103257858","1776108103257858","01a09667-03d8-7761-93ee-0b7a2489ea68","019c18d5-62e1-7000-8000-000000000005","019c18d5-62e1-7000-8000-000000000042","2","1","False"
"d6e64dbb-3f6c-45e9-adde-208d54a5e748","KEETA-1781710354088469","1781710354088469","01a09667-03d1-7f2e-b11e-0a3f2ccc0b44","019c18d5-62e1-7000-8000-000000000005","019c18d5-62e1-7000-8000-000000000042","2","1","False"
"df37737f-8d76-42c4-9b2f-20bb77b5714e","KEETA-1762001939480900","1762001939480900","01a09667-03cb-779f-bedb-516de06a7a89","019c18d5-62e1-7000-8000-000000000003","019c18d5-62e1-7000-8000-000000000041","2","1","False"
"8d3cc422-878b-4f56-a601-20c6036929f4","KEETA-1790361577060918","1790361577060918","01a09667-03d0-788a-918c-473139850930","019c18d5-62e1-7000-8000-000000000003","019c18d5-62e1-7000-8000-000000000042","2","1","False"
"ccf87677-42fe-4fee-bc8c-2190ffe53159","KEETA-1765894912257521","1765894912257521","01a09667-03cd-70d4-881f-fe838edc7de0","019c18d5-62e1-7000-8000-000000000003","019c18d5-62e1-7000-8000-000000000041","2","1","False"
"dd5feb59-f508-45cc-8253-23322dbeb018","KEETA-1764552423060670","1764552423060670","01a09667-03c9-7413-925e-92143b435e9a","019c18d5-62e1-7000-8000-000000000003","019c18d5-62e1-7000-8000-000000000041","2","1","False"
"ca7d6579-54fb-4569-a691-23ecbe6b597b","KEETA-1782664340257421","1782664340257421","01a09667-03db-799f-860b-5f04b9c02d26","019c18d5-62e1-7000-8000-000000000005","019c18d5-62e1-7000-8000-000000000042","2","1","False"
"a3169317-5dfd-4a15-b3ce-2511213c3b51","KEETA-1787846654154727","1787846654154727","01a09667-03da-71fe-b081-26880b6fbbe8","019c18d5-62e1-7000-8000-000000000003","019c18d5-62e1-7000-8000-000000000040","2","1","False"
"ead79de9-8795-459d-b477-252ef01fe8ca","KEETA-1790620051202158","1790620051202158","01a09667-03d3-7046-b6e0-932d28585b49","019c18d5-62e1-7000-8000-000000000003","019c18d5-62e1-7000-8000-000000000042","2","1","False"
"b1625a9e-afe6-49ae-806b-25d628188521","KEETA-1784367825060412","1784367825060412","01a09667-03d1-7cba-b8e6-0e256978e4f8","019c18d5-62e1-7000-8000-000000000003","019c18d5-62e1-7000-8000-000000000042","2","1","False"
"5c68634f-6edd-4b7d-a6d2-26744df54fe0","KEETA-1787846078154552","1787846078154552","01a09667-03cf-7495-8cbc-86feb6680b70","019c18d5-62e1-7000-8000-000000000003","019c18d5-62e1-7000-8000-000000000041","2","1","False"
"f5b3365a-6662-488f-bfac-267c58edd1e7","KEETA-1773604917206688","1773604917206688","01a09667-03ce-7869-a577-df8185d51328","019c18d5-62e1-7000-8000-000000000003","019c18d5-62e1-7000-8000-000000000041","2","1","False"
"e3195d34-f0ec-446f-999b-26a0e215a438","KEETA-1789310032088652","1789310032088652","01a09667-03cc-7c00-bec6-4f61b8f08ff3","019c18d5-62e1-7000-8000-000000000003","019c18d5-62e1-7000-8000-000000000041","2","1","False"
"5400bfe1-4a86-469d-a480-2746147d4246","KEETA-1790622113154603","1790622113154603","01a09667-03ca-746f-8389-f9a8c18ac495","019c18d5-62e1-7000-8000-000000000003","019c18d5-62e1-7000-8000-000000000042","2","1","False"
"d94caa9e-0b4f-46c9-881a-27678ceb8faf","KEETA-1772309247257643","1772309247257643","01a09667-03d2-7b4e-a9bb-d0451999f28b","019c18d5-62e1-7000-8000-000000000003","019c18d5-62e1-7000-8000-000000000042","2","1","False"
"1a94b9b6-31a3-4808-ba80-27719ee16eeb","KEETA-1786204554088884","1786204554088884","01a09667-03c7-7cab-9de0-49b670c39d75","019c18d5-62e1-7000-8000-000000000003","019c18d5-62e1-7000-8000-000000000041","2","1","False"
"dfb69779-213d-4eaf-8557-279d77cff727","KEETA-1787847554202437","1787847554202437","01a09667-03da-78a7-9327-8ceb88d87282","019c18d5-62e1-7000-8000-000000000003","019c18d5-62e1-7000-8000-000000000040","2","1","False"
"3b00acac-411a-4499-858d-28e066fde4ed","KEETA-1772375397088008","1772375397088008","01a09667-03d6-742f-806b-e73cbd475920","019c18d5-62e1-7000-8000-000000000005","019c18d5-62e1-7000-8000-000000000042","2","1","False"
"a6e83d57-4e7c-4bef-8cc7-296f871627a9","KEETA-1764549680237479","1764549680237479","01a09667-03cc-7c0c-82a8-21dfd873b02c","019c18d5-62e1-7000-8000-000000000003","019c18d5-62e1-7000-8000-000000000041","2","1","False"
"68b91b1a-83a8-43d1-99c2-29c2662a140e","KEETA-1785065754480931","1785065754480931","01a09667-03d2-72c7-9888-4ec20feb79c8","019c18d5-62e1-7000-8000-000000000003","019c18d5-62e1-7000-8000-000000000042","2","1","False"
"777cd1bb-775b-4fb9-83db-2ac28b583b6e","KEETA-1785414904202283","1785414904202283","01a09667-03d2-75b4-aa18-6e490c936b11","019c18d5-62e1-7000-8000-000000000003","019c18d5-62e1-7000-8000-000000000042","2","1","False"
"2cc7375f-35d7-495f-a2ef-2bc2edc0d871","KEETA-1782886391088670","1782886391088670","01a09667-03cd-7bb9-aa63-0072dcfb72b0","019c18d5-62e1-7000-8000-000000000003","019c18d5-62e1-7000-8000-000000000040","2","1","False"
"69aa0c47-667d-4f42-ae73-2cf0244a46f0","KEETA-1770125142088264","1770125142088264","01a09667-03ce-74a9-bd8b-62f4a75c097b","019c18d5-62e1-7000-8000-000000000003","019c18d5-62e1-7000-8000-000000000041","2","1","False"
"06c4c124-3056-4c07-b49f-2eafd762227d","KEETA-1790806043088936","1790806043088936","01a09667-03cc-7c56-a7e1-5cecf1a8b976","019c18d5-62e1-7000-8000-000000000003","019c18d5-62e1-7000-8000-000000000042","2","1","False"
"a13a7959-4522-45bd-bdc4-2f4a4cecf655","KEETA-1788191581222411","1788191581222411","01a09667-03cc-76b2-b426-a5a6bc9c332b","019c18d5-62e1-7000-8000-000000000003","019c18d5-62e1-7000-8000-000000000041","2","1","False"
"b7541bc3-4132-4f5e-8b4a-2fe1ae5de1b8","KEETA-1785079563088320","1785079563088320","01a09667-03da-726c-ae34-9ebdbc6385e6","019c18d5-62e1-7000-8000-000000000003","019c18d5-62e1-7000-8000-000000000042","2","1","False"
"10e12786-2421-4f03-bd31-301723557e62","KEETA-1764249266206430","1764249266206430","01a09667-03d0-77ce-b627-fbf63bcfcf74","019c18d5-62e1-7000-8000-000000000005","019c18d5-62e1-7000-8000-000000000042","2","1","False"
"f048e605-4a0d-424b-b23d-3055279031a0","KEETA-1787759016202039","1787759016202039","01a09667-03ce-76b0-bad7-0fce07ff177e","019c18d5-62e1-7000-8000-000000000003","019c18d5-62e1-7000-8000-000000000041","2","1","False"
"a8fa8bb9-109e-4cbf-b5ac-3379d8a3e450","KEETA-1791111870257533","1791111870257533","01a09667-03c7-7787-a72b-a3eff8efee3d","019c18d5-62e1-7000-8000-000000000003","019c18d5-62e1-7000-8000-000000000041","2","1","False"
"3cd089f7-c1db-4436-b320-34d7ea6b9fa1","KEETA-1780249409257006","1780249409257006","01a09667-03d4-7750-a092-3c0dcef19bd9","019c18d5-62e1-7000-8000-000000000005","019c18d5-62e1-7000-8000-000000000042","2","1","False"
"8f581f34-bf0d-405b-9797-34df692c7775","KEETA-1785405824206620","1785405824206620","01a09667-03d3-7c98-8f6b-09393bda1ab4","019c18d5-62e1-7000-8000-000000000003","019c18d5-62e1-7000-8000-000000000042","2","1","False"
"20475fc3-152f-4da7-bf8c-36a8e2a41b91","KEETA-1789312374257467","1789312374257467","01a09667-03d0-7cd5-9f64-c61b46aa600a","019c18d5-62e1-7000-8000-000000000003","019c18d5-62e1-7000-8000-000000000042","2","1","False"
"ba739dc7-63d6-4a95-8dfc-37a479e0bc46","KEETA-1785581475480541","1785581475480541","01a09667-03db-71cb-a9da-8fb86d55efb7","019c18d5-62e1-7000-8000-000000000003","019c18d5-62e1-7000-8000-000000000040","2","1","False"
"71cc4986-118d-4fec-b775-385f0a549b10","KEETA-1788706776257675","1788706776257675","01a09667-03ca-7223-9847-4fc3ffb3de1d","019c18d5-62e1-7000-8000-000000000003","019c18d5-62e1-7000-8000-000000000041","2","1","False"
"e0826497-19d4-45c4-9192-38c450a80d84","KEETA-1790593024257014","1790593024257014","01a09667-03d6-7eb4-a532-87669004a8f1","019c18d5-62e1-7000-8000-000000000005","019c18d5-62e1-7000-8000-000000000042","2","1","False"
"ea0130f1-35e3-4bbc-ac91-3909adb26e3c","KEETA-1779105370257180","1779105370257180","01a09667-03c9-7bfe-b9e2-6829a7ad3665","019c18d5-62e1-7000-8000-000000000003","019c18d5-62e1-7000-8000-000000000041","2","1","False"
"e12aead4-a54e-49c8-bf4d-391ae4f52d47","KEETA-1758982035206206","1758982035206206","01a09667-03cc-7d69-a0f2-4f56834ecf87","019c18d5-62e1-7000-8000-000000000003","019c18d5-62e1-7000-8000-000000000042","2","1","False"
"d32ed725-06fb-456e-ad88-39456809d641","KEETA-1787831608060818","1787831608060818","01a09667-03d0-710a-9557-02430426469c","019c18d5-62e1-7000-8000-000000000003","019c18d5-62e1-7000-8000-000000000042","2","1","False"
"e5df3d98-9846-4c0b-847a-3a25942b55d8","KEETA-1790610516154007","1790610516154007","01a09667-03d5-7694-bf5d-00b7e75f6e7f","019c18d5-62e1-7000-8000-000000000005","019c18d5-62e1-7000-8000-000000000042","2","1","False"
"5c1fc4b6-3cc2-4665-b0d0-3b02b2d80dbf","KEETA-1769940975480527","1769940975480527","01a09667-03cd-7725-afe2-3943ad920e5f","019c18d5-62e1-7000-8000-000000000003","019c18d5-62e1-7000-8000-000000000041","2","1","False"
"98175e16-5621-4405-88ab-3b84aae17124","KEETA-1764863307206984","1764863307206984","01a09667-03d4-7414-8831-31b528d5bea7","019c18d5-62e1-7000-8000-000000000005","019c18d5-62e1-7000-8000-000000000042","2","1","False"
"635889fe-5469-41ba-8870-3c11434b1bcc","KEETA-1787757286154691","1787757286154691","01a09667-03c7-7de8-bbc0-f4fba64147a8","019c18d5-62e1-7000-8000-000000000003","019c18d5-62e1-7000-8000-000000000041","2","1","False"
"1d5af58c-0320-4ccb-9cd2-3d8380c3b3fd","KEETA-1787757498088697","1787757498088697","01a09667-03da-7a7b-a8b0-a54cbf0c6a62","019c18d5-62e1-7000-8000-000000000005","019c18d5-62e1-7000-8000-000000000042","2","1","False"
"0ff9a740-06ca-46e4-ab91-3d88a31b77a3","KEETA-1782832241019444","1782832241019444","01a09667-03d3-7cb4-803c-4e74f9bd7c93","019c18d5-62e1-7000-8000-000000000003","019c18d5-62e1-7000-8000-000000000040","2","1","False"
"f1395c07-2834-4aed-addb-3daf6acbde6c","KEETA-1770742301237011","1770742301237011","01a09667-03c9-7193-a976-ce8396f8e2e2","019c18d5-62e1-7000-8000-000000000003","019c18d5-62e1-7000-8000-000000000041","2","1","False"
"99993931-b2eb-4f6c-be46-3fe22c0e31fe","KEETA-1764803970088194","1764803970088194","01a09667-03cc-77f5-9508-363a65c1d5b1","019c18d5-62e1-7000-8000-000000000003","019c18d5-62e1-7000-8000-000000000042","2","1","False"
"62d4f372-916c-497a-873b-40c7672d220b","KEETA-1785587222480227","1785587222480227","01a09667-03cc-74d3-9cd9-226001ff74c0","019c18d5-62e1-7000-8000-000000000003","019c18d5-62e1-7000-8000-000000000041","2","1","False"
"77d77698-ed05-417f-a7a9-43378a835693","KEETA-1777670970480112","1777670970480112","01a09667-03d5-7454-97bc-3aeb3fcc59bc","019c18d5-62e1-7000-8000-000000000003","019c18d5-62e1-7000-8000-000000000042","2","1","False"
"7caad0b4-e9c5-4b3e-8d58-447fc316aa82","KEETA-1785539607060693","1785539607060693","01a09667-03d1-79fb-9a30-09da0e88f426","019c18d5-62e1-7000-8000-000000000005","019c18d5-62e1-7000-8000-000000000042","2","1","False"
"09ac58f5-3304-458e-ac8c-44c8a07587b4","KEETA-1782563038480502","1782563038480502","01a09667-03cb-735c-a42f-ab65fe2b2d98","019c18d5-62e1-7000-8000-000000000003","019c18d5-62e1-7000-8000-000000000041","2","1","False"
"031c3589-9a99-4dc5-b9b5-44cc4022d2c4","KEETA-1787673007060506","1787673007060506","01a09667-03d6-7963-bec5-77fedab10e94","019c18d5-62e1-7000-8000-000000000005","019c18d5-62e1-7000-8000-000000000042","2","1","False"
"8f401524-8e9d-4913-b602-45cea396a363","KEETA-1788946646088639","1788946646088639","01a09667-03da-7d0c-9796-fca9f55a02e7","019c18d5-62e1-7000-8000-000000000005","019c18d5-62e1-7000-8000-000000000042","2","1","False"
"0f6c5577-7e9c-43fd-8c65-45da0baa1401","KEETA-1783785507480356","1783785507480356","01a09667-03cb-77c8-a8e2-ee56dc26bca8","019c18d5-62e1-7000-8000-000000000003","019c18d5-62e1-7000-8000-000000000040","2","1","False"
"f22121f2-0aaa-4a66-8b4d-45e23e95a89d","KEETA-1790374543202096","1790374543202096","01a09667-03d4-7a7c-909e-d62dd770af6c","019c18d5-62e1-7000-8000-000000000003","019c18d5-62e1-7000-8000-000000000042","2","1","False"
"70b47734-caf2-4e1f-b8c6-465d5d543982","KEETA-1768733257237628","1768733257237628","01a09667-03d5-74b4-a17b-68d331fcb6dc","019c18d5-62e1-7000-8000-000000000003","019c18d5-62e1-7000-8000-000000000042","2","1","False"
"7e4dbb47-2d34-4981-bb50-49eddbb6e784","KEETA-1787756589154712","1787756589154712","01a09667-03d1-7ec8-935e-fed9766214a3","019c18d5-62e1-7000-8000-000000000003","019c18d5-62e1-7000-8000-000000000041","2","1","False"
"a5333f81-0dd4-4708-8b59-4a0aee613aba","KEETA-1761932748088066","1761932748088066","01a09667-03d1-7284-b756-794f168d93e1","019c18d5-62e1-7000-8000-000000000003","019c18d5-62e1-7000-8000-000000000042","2","1","False"
"24727c56-4d87-463b-9ea4-4bf5ab094fe8","KEETA-1782832227257993","1782832227257993","01a09667-03d4-7864-a3fd-a3bbc7e5ee42","019c18d5-62e1-7000-8000-000000000003","019c18d5-62e1-7000-8000-000000000042","2","1","False"
"3aab15e8-4210-4d81-8177-4ea1fb14b6d5","KEETA-1790620561060329","1790620561060329","01a09667-03d5-7b42-9a9f-2b64b16ba1fe","019c18d5-62e1-7000-8000-000000000003","019c18d5-62e1-7000-8000-000000000042","2","1","False"
"1bdb6321-acc7-4347-846b-4ee899068aab","KEETA-1780314988202283","1780314988202283","01a09667-03ca-737f-8254-0c444081acf5","019c18d5-62e1-7000-8000-000000000003","019c18d5-62e1-7000-8000-000000000041","2","1","False"
"20407141-a9b0-4040-a8ef-4ef4cfd15150","KEETA-1763489532237197","1763489532237197","01a09667-03d5-7a54-838a-d495bfdd745e","019c18d5-62e1-7000-8000-000000000005","019c18d5-62e1-7000-8000-000000000042","2","1","False"
"145ea63e-3c7c-46ce-b3f9-4f945c507ed0","KEETA-1790794933088262","1790794933088262","01a09667-03db-709f-a677-ae2647a6de09","019c18d5-62e1-7000-8000-000000000005","019c18d5-62e1-7000-8000-000000000042","2","1","False"
"b89ae868-b834-4fd6-9424-51978af1de45","KEETA-1789475805154040","1789475805154040","01a09667-03db-74d4-82d7-e9a929384b06","019c18d5-62e1-7000-8000-000000000005","019c18d5-62e1-7000-8000-000000000042","2","1","False"
"de191764-2244-49ed-b7eb-530c09d5da49","KEETA-1790929518060154","1790929518060154","01a09667-03cc-73e4-bb4b-9b297913f76b","019c18d5-62e1-7000-8000-000000000005","019c18d5-62e1-7000-8000-000000000042","2","1","False"
"a7afa31c-7417-4b63-82dc-5410ef870c0f","KEETA-1786002697257848","1786002697257848","01a09667-03da-7380-bf2e-6c3456d6d882","019c18d5-62e1-7000-8000-000000000005","019c18d5-62e1-7000-8000-000000000042","2","1","False"
"66b28e48-fa05-4843-9582-57f4e817a749","KEETA-1788104601154510","1788104601154510","01a09667-03d1-7619-a043-39ff20d8adea","019c18d5-62e1-7000-8000-000000000003","019c18d5-62e1-7000-8000-000000000040","2","1","False"
"d8d85fe8-9479-4f10-b731-591713982537","KEETA-1770455628257691","1770455628257691","01a09667-03d6-77d9-a811-3f1aedfb58b3","019c18d5-62e1-7000-8000-000000000005","019c18d5-62e1-7000-8000-000000000042","2","1","False"
"debe7a01-94bb-4d08-af9d-5a0ef9bb6bf8","KEETA-1764781408088812","1764781408088812","01a09667-03d1-7a22-a21e-fa0d9af866dc","019c18d5-62e1-7000-8000-000000000005","019c18d5-62e1-7000-8000-000000000042","2","1","False"
"a6fac397-ae67-4629-ae14-5a140769c779","KEETA-1790618295202418","1790618295202418","01a09667-03cc-78a8-ae33-7ff2fa40e8bf","019c18d5-62e1-7000-8000-000000000003","019c18d5-62e1-7000-8000-000000000041","2","1","False"
"922b65ad-d8ed-4e49-a4f7-5ac130aad2fe","KEETA-1787688041060673","1787688041060673","01a09667-03db-77ab-812e-af14de5f7ef1","019c18d5-62e1-7000-8000-000000000005","019c18d5-62e1-7000-8000-000000000042","2","1","False"
"c4a3a7c4-c4f4-4e1d-bdea-5b4524d5c326","KEETA-1782751617088866","1782751617088866","01a09667-03c7-7fbf-84ca-fcfa2e6d8a2b","019c18d5-62e1-7000-8000-000000000003","019c18d5-62e1-7000-8000-000000000040","2","1","False"
"ee5dbfaf-b885-4cb7-92bf-5b48278242e1","KEETA-1787998907060732","1787998907060732","01a09667-03d1-7533-b6b8-b9590c4e11f1","019c18d5-62e1-7000-8000-000000000003","019c18d5-62e1-7000-8000-000000000042","2","1","False"
"c0c2d995-ba48-4abd-8971-5c41a2089d3e","KEETA-1782889143257946","1782889143257946","01a09667-03ce-77cc-a8f3-16ea2547a64e","019c18d5-62e1-7000-8000-000000000003","019c18d5-62e1-7000-8000-000000000040","2","1","False"
"f2c59a50-9d24-4d83-9437-5d404f72783f","KEETA-1770922551257805","1770922551257805","01a09667-03ca-7feb-a1b3-c550371fe9cd","019c18d5-62e1-7000-8000-000000000003","019c18d5-62e1-7000-8000-000000000041","2","1","False"
"15c5f2ee-13fa-4c13-98c6-5d4ad9f6ecce","KEETA-1785584091257584","1785584091257584","01a09667-03c6-7ac9-bcef-96c434970f69","019c18d5-62e1-7000-8000-000000000003","019c18d5-62e1-7000-8000-000000000042","2","1","False"
"755ba611-e790-4dee-b9fc-5e21f4de6751","KEETA-1791300204222234","1791300204222234","01a09667-03d7-7251-a69e-143b74c8159d","019c18d5-62e1-7000-8000-000000000003","019c18d5-62e1-7000-8000-000000000040","2","3","False"
"b4ffe12f-e481-4762-aa08-5e7da0126f59","KEETA-1787668936088276","1787668936088276","01a09667-03da-75ce-90a0-061167514028","019c18d5-62e1-7000-8000-000000000005","019c18d5-62e1-7000-8000-000000000042","2","1","False"
"6aa5c4e8-8e9e-49a1-b4cc-5f2fc82804eb","KEETA-1790702761154128","1790702761154128","01a09667-03d0-7b8a-8e33-a452d9edc348","019c18d5-62e1-7000-8000-000000000003","019c18d5-62e1-7000-8000-000000000040","2","1","False"
"0aa68111-13e8-466a-825d-5f32ac8d41ac","KEETA-1786441291060266","1786441291060266","01a09667-03db-7060-bfa1-ab47bfab22e9","019c18d5-62e1-7000-8000-000000000005","019c18d5-62e1-7000-8000-000000000042","2","1","False"
"c09847c8-148c-4cf1-adf0-617e2fca28f4","KEETA-1782839369088032","1782839369088032","01a09667-03c7-76a7-9994-dae5cef375f0","019c18d5-62e1-7000-8000-000000000003","019c18d5-62e1-7000-8000-000000000042","2","1","False"
"4ed4aa94-6ac3-4489-be20-63558eac87a4","KEETA-1790622816257374","1790622816257374","01a09667-03d3-7b7a-b4ea-3623bea3dff9","019c18d5-62e1-7000-8000-000000000003","019c18d5-62e1-7000-8000-000000000042","2","1","False"
"6c28eb20-810a-468b-83d8-6424c52e4f1a","KEETA-1782832495480567","1782832495480567","01a09667-03d0-7b4b-bcdf-1a09fc08c5b7","019c18d5-62e1-7000-8000-000000000003","019c18d5-62e1-7000-8000-000000000042","2","1","False"
"a56f300d-6d8d-495d-b127-648bef1d028e","KEETA-1785602535222902","1785602535222902","01a09667-03d5-78c6-888d-eae4d50d9607","019c18d5-62e1-7000-8000-000000000003","019c18d5-62e1-7000-8000-000000000042","2","1","False"
"10491c9d-5581-48f2-93f8-661b578b1a09","KEETA-1760043572257975","1760043572257975","01a09667-03ca-7e5f-9145-87f1574c9fba","019c18d5-62e1-7000-8000-000000000003","019c18d5-62e1-7000-8000-000000000042","2","1","False"
"33461db4-5465-45e5-9615-679911898a59","KEETA-1783197897257126","1783197897257126","01a09667-03cc-7533-833b-8375e8dde00b","019c18d5-62e1-7000-8000-000000000003","019c18d5-62e1-7000-8000-000000000041","2","1","False"
"c1dc4781-4c91-4307-b595-6ca9c48404bc","KEETA-1785668252222007","1785668252222007","01a09667-03db-7394-923d-63556fac3d5d","019c18d5-62e1-7000-8000-000000000005","019c18d5-62e1-7000-8000-000000000042","2","1","False"
"034bfbc3-25fc-4909-9390-6dec88c1ebfc","KEETA-1790376932222924","1790376932222924","01a09667-03d3-7e9d-adea-9743c0e777df","019c18d5-62e1-7000-8000-000000000003","019c18d5-62e1-7000-8000-000000000040","2","1","False"
"0964b091-f9d6-4c88-b268-6fba015e6334","KEETA-1761227464088440","1761227464088440","01a09667-03d1-7e7f-84a8-5b28d1a955b0","019c18d5-62e1-7000-8000-000000000003","019c18d5-62e1-7000-8000-000000000042","2","1","False"
"b1008b58-7805-41be-bb2e-702518a530a2","KEETA-1771236275202340","1771236275202340","01a09667-03cf-7617-90f8-cc742e4e48ef","019c18d5-62e1-7000-8000-000000000003","019c18d5-62e1-7000-8000-000000000042","2","1","False"
"74d8a5dc-cfa9-488e-a179-707470e96b6b","KEETA-1758403743202832","1758403743202832","01a09667-03cc-72a5-ad8a-eedbf5e30dd7","019c18d5-62e1-7000-8000-000000000003","019c18d5-62e1-7000-8000-000000000042","2","1","False"
"a086738c-5dcb-4345-a2b0-71d9d549fe3d","KEETA-1787749329060646","1787749329060646","01a09667-03c7-7816-88e8-20073472396f","019c18d5-62e1-7000-8000-000000000005","019c18d5-62e1-7000-8000-000000000042","2","1","False"
"b0bbb6b9-4590-44c5-8368-7291a6311e9f","KEETA-1782851366019798","1782851366019798","01a09667-03d3-7f8d-920f-1f091fa79cad","019c18d5-62e1-7000-8000-000000000003","019c18d5-62e1-7000-8000-000000000040","2","1","False"
"cfba1781-89a4-4df3-9aaa-73511ce1b332","KEETA-1786371184088058","1786371184088058","01a09667-03cf-7cef-b8e3-e762e39a858b","019c18d5-62e1-7000-8000-000000000003","019c18d5-62e1-7000-8000-000000000041","2","1","False"
"3b2bda8f-53cc-4f40-b8b8-75af526ba5bf","KEETA-1776606462237309","1776606462237309","01a09667-03cc-76fc-8418-043a09cc8854","019c18d5-62e1-7000-8000-000000000003","019c18d5-62e1-7000-8000-000000000041","2","1","False"
"fb7330e2-db9a-480a-8a26-7753679f744c","KEETA-1785762409060440","1785762409060440","01a09667-03db-7419-93f9-1bdeca6fa6a3","019c18d5-62e1-7000-8000-000000000003","019c18d5-62e1-7000-8000-000000000040","2","1","False"
"cd72a075-6582-4b58-b2e0-77d0ceeb776b","KEETA-1788085352060269","1788085352060269","01a09667-03da-7059-8820-8d865906bb97","019c18d5-62e1-7000-8000-000000000003","019c18d5-62e1-7000-8000-000000000040","2","1","False"
"fc7c89fc-d9ee-46ec-aae3-77f254c712fc","KEETA-1787663223222101","1787663223222101","01a09667-03d4-73b9-9c4d-7b84d96be9c6","019c18d5-62e1-7000-8000-000000000005","019c18d5-62e1-7000-8000-000000000042","2","1","False"
"26be2eae-5dde-416f-948c-78a4d6fb1b0a","KEETA-1787137193154425","1787137193154425","01a09667-03c9-7dbe-b4fe-309ffa93e8df","019c18d5-62e1-7000-8000-000000000003","019c18d5-62e1-7000-8000-000000000041","2","1","False"
"c62a081f-55fe-4837-bfe4-79235b1bb200","KEETA-1782855705019420","1782855705019420","01a09667-03c7-7c2c-9ab6-6990db1c8c7e","019c18d5-62e1-7000-8000-000000000003","019c18d5-62e1-7000-8000-000000000040","2","1","False"
"2cbef7ab-4e2e-4147-9e5e-7a46deb187b9","KEETA-1790809032257729","1790809032257729","01a09667-03d4-7519-b5b9-fcca48a33651","019c18d5-62e1-7000-8000-000000000003","019c18d5-62e1-7000-8000-000000000042","2","1","False"
"1f232c7b-f07b-4c07-8db7-7b9576b535e4","KEETA-1790616985088623","1790616985088623","01a09667-03d2-7925-a4d1-910a00a5520e","019c18d5-62e1-7000-8000-000000000003","019c18d5-62e1-7000-8000-000000000042","2","1","False"
"51cd10db-61f3-4972-9747-7bd27010a795","KEETA-1769940323202503","1769940323202503","01a09667-03ce-77e7-96c6-14a1b9aa032e","019c18d5-62e1-7000-8000-000000000003","019c18d5-62e1-7000-8000-000000000041","2","1","False"
"a03ebcf4-943f-4767-b093-7c22d6947163","KEETA-1760043889480394","1760043889480394","01a09667-03ce-78d4-a102-4cdae815c112","019c18d5-62e1-7000-8000-000000000003","019c18d5-62e1-7000-8000-000000000042","2","1","False"
"de2bbbcf-0d0f-4d6c-9e11-7d4001f548e2","KEETA-1790525930257372","1790525930257372","01a09667-03d4-7673-9f12-fdd11e5c6464","019c18d5-62e1-7000-8000-000000000005","019c18d5-62e1-7000-8000-000000000042","2","1","False"
"6f6b589e-674d-430a-8216-7f993483f6c2","KEETA-1758908161206098","1758908161206098","01a09667-03cd-7ddc-a342-e26b825b89a0","019c18d5-62e1-7000-8000-000000000003","019c18d5-62e1-7000-8000-000000000042","2","1","False"
"717062e5-73d7-4338-8708-807fa735738a","KEETA-1791211650202527","1791211650202527","01a09667-03ce-76a1-9d32-1724e72ee673","019c18d5-62e1-7000-8000-000000000005","019c18d5-62e1-7000-8000-000000000042","2","1","False"
"86fce682-5db9-47a7-b01d-80f818f7e34e","KEETA-1789311905154158","1789311905154158","01a09667-03c9-77cf-8414-59c9b8610bfc","019c18d5-62e1-7000-8000-000000000003","019c18d5-62e1-7000-8000-000000000041","2","1","False"
"4033ee27-30dc-4726-9a7b-8142db482f1c","KEETA-1783864858257097","1783864858257097","01a09667-03cc-7bfc-8e65-307ff0b24b89","019c18d5-62e1-7000-8000-000000000003","019c18d5-62e1-7000-8000-000000000041","2","1","False"
"c4f71e14-df75-423f-a088-81575ec4aeae","KEETA-1789302661222343","1789302661222343","01a09667-03d1-72d9-9e16-4eafdf0a32d3","019c18d5-62e1-7000-8000-000000000003","019c18d5-62e1-7000-8000-000000000042","2","1","False"
"aa895405-0f71-4108-97d4-816cfba9a144","KEETA-1787759697222943","1787759697222943","01a09667-03ce-7a98-971e-a055a360ab44","019c18d5-62e1-7000-8000-000000000003","019c18d5-62e1-7000-8000-000000000041","2","1","False"
"6e8202cd-30a9-4ed4-a106-81fc34f455ea","KEETA-1780240889257758","1780240889257758","01a09667-03cc-7d2b-8b6d-40ba6b7b0749","019c18d5-62e1-7000-8000-000000000003","019c18d5-62e1-7000-8000-000000000041","2","1","False"
"f4ecf939-c9cd-4976-a01d-820af96de702","KEETA-1788108896060658","1788108896060658","01a09667-03d1-7616-8b40-5c93cfdaf75a","019c18d5-62e1-7000-8000-000000000003","019c18d5-62e1-7000-8000-000000000040","2","1","False"
"20429304-4d9f-437c-9854-822ffba06542","KEETA-1782745815019075","1782745815019075","01a09667-03cf-70c7-891b-ac9aed07c9ab","019c18d5-62e1-7000-8000-000000000003","019c18d5-62e1-7000-8000-000000000041","2","1","False"
"688da1e2-b7b4-4d3f-8ac5-839909471e97","KEETA-1773151908237763","1773151908237763","01a09667-03c7-739f-b763-0f5df303347c","019c18d5-62e1-7000-8000-000000000003","019c18d5-62e1-7000-8000-000000000041","2","1","False"
"de708c2f-927c-48ea-8242-843657baa323","KEETA-1763902372202103","1763902372202103","01a09667-03d1-7f89-af9e-ebd2ec4114ff","019c18d5-62e1-7000-8000-000000000003","019c18d5-62e1-7000-8000-000000000042","2","1","False"
"6cd32973-7806-499d-9878-85d922341fad","KEETA-1788179021060590","1788179021060590","01a09667-03da-7e44-9fc1-725845fcc925","019c18d5-62e1-7000-8000-000000000003","019c18d5-62e1-7000-8000-000000000040","2","1","False"
"8033ec57-6ba1-49a6-8d01-868bf766850a","KEETA-1782751429060906","1782751429060906","01a09667-03d1-7b60-87eb-aff7622901ff","019c18d5-62e1-7000-8000-000000000003","019c18d5-62e1-7000-8000-000000000040","2","1","False"
"323b4368-33e1-4089-afb7-86db85b1776a","KEETA-1785926804088538","1785926804088538","01a09667-03db-7ede-b0bd-8603cc9d6dc5","019c18d5-62e1-7000-8000-000000000003","019c18d5-62e1-7000-8000-000000000042","2","1","False"
"92cb5bcc-440d-4ae7-8180-86f02c98990f","KEETA-1790879097060788","1790879097060788","01a09667-03cf-7ae1-8e58-90e56a5f1602","019c18d5-62e1-7000-8000-000000000003","019c18d5-62e1-7000-8000-000000000041","2","1","False"
"c7a31595-61d6-43ca-bbc8-87d7d673cde1","KEETA-1785874181088432","1785874181088432","01a09667-03db-7da6-9526-87af71cf7f10","019c18d5-62e1-7000-8000-000000000003","019c18d5-62e1-7000-8000-000000000040","2","1","False"
"104a3f72-3381-474c-a020-8916c2764c0a","KEETA-1782650876060752","1782650876060752","01a09667-03ce-755a-8b43-14901b45cf97","019c18d5-62e1-7000-8000-000000000003","019c18d5-62e1-7000-8000-000000000040","2","1","False"
"4bbbddfb-8683-4c32-a77b-8fe9b1c82126","KEETA-1788190002257263","1788190002257263","01a09667-03cb-75cd-915f-24c8333e850a","019c18d5-62e1-7000-8000-000000000003","019c18d5-62e1-7000-8000-000000000041","2","1","False"
"fa16bc80-b77e-4302-a2c9-900656635efc","KEETA-1762000461206193","1762000461206193","01a09667-03ca-7a1f-8692-3b824d31e58e","019c18d5-62e1-7000-8000-000000000003","019c18d5-62e1-7000-8000-000000000041","2","1","False"
"8c8a1c7f-c1ba-473a-afe3-901826a5dda4","KEETA-1762180182206755","1762180182206755","01a09667-03c9-71ce-ae41-7d9d18d3c9d3","019c18d5-62e1-7000-8000-000000000003","019c18d5-62e1-7000-8000-000000000041","2","1","False"
"44a7774b-5693-4d29-b0a9-90ca44f47aa4","KEETA-1769963556257701","1769963556257701","01a09667-03cd-73ae-b181-269a5428007a","019c18d5-62e1-7000-8000-000000000003","019c18d5-62e1-7000-8000-000000000041","2","1","False"
"fdee97a8-3e55-4363-809d-913aa05fe242","KEETA-1790623685060859","1790623685060859","01a09667-03d1-77ac-aed3-be9bfdc86ae7","019c18d5-62e1-7000-8000-000000000003","019c18d5-62e1-7000-8000-000000000042","2","1","False"
"193eb6fb-1e10-4ebd-8d12-915350ac52f2","KEETA-1782640959019444","1782640959019444","01a09667-03ce-7f72-86f0-fa4231433505","019c18d5-62e1-7000-8000-000000000003","019c18d5-62e1-7000-8000-000000000040","2","1","False"
"147a2ecb-dbd8-4763-8e01-927432ac1d5f","KEETA-1787659016154782","1787659016154782","01a09667-03cf-7bbb-a26e-893db665ddbc","019c18d5-62e1-7000-8000-000000000005","019c18d5-62e1-7000-8000-000000000042","2","1","False"
"4fe24228-2054-418f-8a20-92d1508e6f16","KEETA-1787762301154740","1787762301154740","01a09667-03d5-72f7-9c74-6f7a339e7ae0","019c18d5-62e1-7000-8000-000000000003","019c18d5-62e1-7000-8000-000000000041","2","1","False"
"c15df8a1-7003-46ce-a1de-93d2c21228a9","KEETA-1780265096088953","1780265096088953","01a09667-03d6-74d0-9f7e-2a245a884630","019c18d5-62e1-7000-8000-000000000005","019c18d5-62e1-7000-8000-000000000042","2","1","False"
"b46d165d-3736-448e-b3f5-951da9afb09d","KEETA-1788011951060505","1788011951060505","01a09667-03d5-7fb1-b90c-015be1778d25","019c18d5-62e1-7000-8000-000000000005","019c18d5-62e1-7000-8000-000000000042","2","1","False"
"ee3417c0-f8ef-45e6-9dac-95fb2ec05254","KEETA-1772283829088801","1772283829088801","01a09667-03d1-7401-aa59-050aa547c499","019c18d5-62e1-7000-8000-000000000003","019c18d5-62e1-7000-8000-000000000042","2","1","False"
"eff1b58d-2550-4f26-8da8-969eaa8fa8e9","KEETA-1787674496257879","1787674496257879","01a09667-03da-75ac-b8cb-db1a8653b37d","019c18d5-62e1-7000-8000-000000000005","019c18d5-62e1-7000-8000-000000000042","2","3","False"
"824fc344-5c62-4c90-9b24-977aad9b3105","KEETA-1790760621222631","1790760621222631","01a09667-03d0-787b-a87f-24955589e31b","019c18d5-62e1-7000-8000-000000000003","019c18d5-62e1-7000-8000-000000000041","2","1","False"
"915880be-9d80-40f0-8e30-9808252ac881","KEETA-1761315180202204","1761315180202204","01a09667-03d1-7239-9834-f310ea69631c","019c18d5-62e1-7000-8000-000000000003","019c18d5-62e1-7000-8000-000000000042","2","1","False"
"9ed7cda8-e04f-4b4f-92c2-9863b110a41c","KEETA-1767536079060755","1767536079060755","01a09667-03cc-7a4b-822c-f25e78b4aad0","019c18d5-62e1-7000-8000-000000000003","019c18d5-62e1-7000-8000-000000000041","2","1","False"
"e1ca41b1-631f-4d5f-a90d-9894d5e0fec4","KEETA-1769945187480975","1769945187480975","01a09667-03ca-7c2a-bf20-5d76c4429dc5","019c18d5-62e1-7000-8000-000000000003","019c18d5-62e1-7000-8000-000000000041","2","1","False"
"5c013340-720b-49ee-b638-991128aa63b9","KEETA-1780262957060903","1780262957060903","01a09667-03ca-7acb-bf11-a4d6e1c02292","019c18d5-62e1-7000-8000-000000000005","019c18d5-62e1-7000-8000-000000000042","2","1","False"
"a66de979-8b49-4edf-b781-9b6de2767ab5","KEETA-1788367129222493","1788367129222493","01a09667-03db-7d0c-8f04-1957609feaf9","019c18d5-62e1-7000-8000-000000000003","019c18d5-62e1-7000-8000-000000000040","2","1","False"
"36800bd0-159a-4a4f-a88c-9b7bd70a84d1","KEETA-1789310116060399","1789310116060399","01a09667-03cd-7f26-a77c-4f285e2a2aae","019c18d5-62e1-7000-8000-000000000003","019c18d5-62e1-7000-8000-000000000041","2","1","False"
"aba7a058-00ca-4813-814c-9c109d88e177","KEETA-1790760650154444","1790760650154444","01a09667-03cc-79a6-a25e-3d31cc8762dd","019c18d5-62e1-7000-8000-000000000003","019c18d5-62e1-7000-8000-000000000041","2","1","False"
"dcd73bf4-a9dd-49ba-b30f-9c533d08461c","KEETA-1791022679088563","1791022679088563","01a09667-03d6-7805-a9cb-143ed793d6bb","019c18d5-62e1-7000-8000-000000000005","019c18d5-62e1-7000-8000-000000000042","2","1","False"
"1d41a0ee-a86e-47d7-8de7-9eb2c28c3d3d","KEETA-1768830644060921","1768830644060921","01a09667-03cf-72c3-ac33-54a03939107f","019c18d5-62e1-7000-8000-000000000003","019c18d5-62e1-7000-8000-000000000041","2","1","False"
"326dad70-2eb5-45d7-b070-9f1e192d2aa0","KEETA-1783002703088590","1783002703088590","01a09667-03cf-7c1f-bf85-50965c9907e6","019c18d5-62e1-7000-8000-000000000003","019c18d5-62e1-7000-8000-000000000041","2","1","False"
"6738ca10-7b9d-42f5-be0e-a1009c20fdac","KEETA-1791112519154130","1791112519154130","01a09667-03ce-7c4b-9903-0486ce425f85","019c18d5-62e1-7000-8000-000000000003","019c18d5-62e1-7000-8000-000000000041","2","1","False"
"43d9a39d-d8b6-4342-8b45-a1280dc63076","KEETA-1782814580088110","1782814580088110","01a09667-03c7-737c-b340-2bdc5f1c4285","019c18d5-62e1-7000-8000-000000000003","019c18d5-62e1-7000-8000-000000000040","2","1","False"
"bdfcc697-aa13-42b6-b399-a2554ffcdb50","KEETA-1767088279206025","1767088279206025","01a09667-03d5-7636-b37e-e27ed9d0ccba","019c18d5-62e1-7000-8000-000000000005","019c18d5-62e1-7000-8000-000000000042","2","1","False"
"8b513c56-78f2-4917-8a79-a2f81ce38279","KEETA-1761963142257908","1761963142257908","01a09667-03cb-7807-b336-207d7d081aca","019c18d5-62e1-7000-8000-000000000003","019c18d5-62e1-7000-8000-000000000041","2","1","False"
"197d6e4c-f45f-4430-80a2-a505498c35a5","KEETA-1784635840257677","1784635840257677","01a09667-03d0-7f95-bd74-0f98152d7f67","019c18d5-62e1-7000-8000-000000000003","019c18d5-62e1-7000-8000-000000000040","2","1","False"
"db338f3d-366d-4a24-af4f-a545a116f349","KEETA-1790380247154396","1790380247154396","01a09667-03d1-7428-91bb-751fbc906ed4","019c18d5-62e1-7000-8000-000000000003","019c18d5-62e1-7000-8000-000000000040","2","1","False"
"25961c8f-d93e-4676-a12c-a5be3c945dcc","KEETA-1790523244257455","1790523244257455","01a09667-03d0-728e-9808-8555e7e5d87a","019c18d5-62e1-7000-8000-000000000005","019c18d5-62e1-7000-8000-000000000042","2","1","False"
"d96b09db-092f-46ee-a8b0-a614a91d7776","KEETA-1790373869088274","1790373869088274","01a09667-03d1-78cc-ac85-e00ae521ffde","019c18d5-62e1-7000-8000-000000000003","019c18d5-62e1-7000-8000-000000000042","2","1","False"
"edc77850-0528-4a87-b605-a6bf83efed42","KEETA-1770127536257695","1770127536257695","01a09667-03cf-71f2-b235-73aa140fa3c8","019c18d5-62e1-7000-8000-000000000003","019c18d5-62e1-7000-8000-000000000041","2","1","False"
"f8ec178f-3300-4cee-b9aa-a6c364c02b45","KEETA-1785525979088531","1785525979088531","01a09667-03d4-740e-86aa-8adb454302fe","019c18d5-62e1-7000-8000-000000000005","019c18d5-62e1-7000-8000-000000000042","2","1","False"
"12a180fd-6678-4f1e-9516-a6e4c835838d","KEETA-1788284881154929","1788284881154929","01a09667-03d4-7b31-bbce-ce61894195c7","019c18d5-62e1-7000-8000-000000000003","019c18d5-62e1-7000-8000-000000000040","2","1","False"
"a7f9e5e7-44c1-4ea7-a4bf-a7385a2cc133","KEETA-1783167145019468","1783167145019468","01a09667-03c7-7a69-9e0a-db223272a32f","019c18d5-62e1-7000-8000-000000000003","019c18d5-62e1-7000-8000-000000000041","2","1","False"
"69473c09-e1b3-4322-ad30-a8a3cb82039a","KEETA-1770311381206764","1770311381206764","01a09667-03d3-7ef7-bd00-f53bb1fbec3f","019c18d5-62e1-7000-8000-000000000003","019c18d5-62e1-7000-8000-000000000042","2","1","False"
"026de49e-cffb-4048-8b33-a9741baf7b80","KEETA-1790009933257426","1790009933257426","01a09667-03d2-7885-9a33-977bd0d76f8d","019c18d5-62e1-7000-8000-000000000003","019c18d5-62e1-7000-8000-000000000040","2","1","False"
"2b372c56-2f8a-4a7b-b060-a9b174b4345f","KEETA-1791049026222980","1791049026222980","01a09667-03d1-7092-bb43-e92082a52573","019c18d5-62e1-7000-8000-000000000003","019c18d5-62e1-7000-8000-000000000040","2","1","False"
"3a93f4cd-5917-4a2b-b5b4-aa748977552e","KEETA-1782815771480397","1782815771480397","01a09667-03cb-7d99-add4-8127e4162be2","019c18d5-62e1-7000-8000-000000000003","019c18d5-62e1-7000-8000-000000000040","2","1","False"
"da884f02-da8a-48c5-b6a4-abe3eeb35160","KEETA-1770812116202139","1770812116202139","01a09667-03ca-7428-bc3b-99162d2b3e85","019c18d5-62e1-7000-8000-000000000003","019c18d5-62e1-7000-8000-000000000041","2","1","False"
"14b1218c-52d1-4880-baf6-ac4f93fce3d9","KEETA-1776617194257926","1776617194257926","01a09667-03c9-78b6-baba-1ba2efde5ec7","019c18d5-62e1-7000-8000-000000000005","019c18d5-62e1-7000-8000-000000000042","2","1","False"
"619e06a7-56a0-40d0-b32c-aed86a5c30b8","KEETA-1780270880088994","1780270880088994","01a09667-03d6-76be-8f50-f7469a667626","019c18d5-62e1-7000-8000-000000000005","019c18d5-62e1-7000-8000-000000000042","2","1","False"
"5ac7cb28-55af-43d2-bd9b-b14dd53db90b","KEETA-1790364343060302","1790364343060302","01a09667-03d1-7aa1-980a-5011bbca61f7","019c18d5-62e1-7000-8000-000000000003","019c18d5-62e1-7000-8000-000000000042","2","1","False"
"b236d8fe-0ebf-4566-86fc-b17f48e9a1e5","KEETA-1785764441480973","1785764441480973","01a09667-03db-7fed-b3c4-678c24ad7cc0","019c18d5-62e1-7000-8000-000000000003","019c18d5-62e1-7000-8000-000000000042","2","1","False"
"6ce13fe0-9172-4018-a27b-b61f153ad438","KEETA-1791108120060321","1791108120060321","01a09667-03c6-775c-837f-ee62f304ef1c","019c18d5-62e1-7000-8000-000000000003","019c18d5-62e1-7000-8000-000000000040","2","1","False"
"e2bc84cf-f441-415d-bf2d-b6e724dc88ac","KEETA-1789664794088190","1789664794088190","01a09667-03cb-7dce-8b65-d45b6bf0d1cd","019c18d5-62e1-7000-8000-000000000003","019c18d5-62e1-7000-8000-000000000041","2","1","False"
"051a2793-e013-4fe4-9086-b849d429e825","KEETA-1790375686088664","1790375686088664","01a09667-03d0-7d21-b20e-b8a725f2ad70","019c18d5-62e1-7000-8000-000000000003","019c18d5-62e1-7000-8000-000000000040","2","1","False"
"1292a5cc-428b-4623-8162-b8c5309b7521","KEETA-1788214672060001","1788214672060001","01a09667-03d0-73d3-88a3-1d1bac8d9be8","019c18d5-62e1-7000-8000-000000000003","019c18d5-62e1-7000-8000-000000000041","2","1","False"
"f9f7ef86-1f9c-4b62-8358-b94cd413f73d","KEETA-1790370910088903","1790370910088903","01a09667-03d3-73c0-8d34-1e7553b9c637","019c18d5-62e1-7000-8000-000000000003","019c18d5-62e1-7000-8000-000000000042","2","1","False"
"0840443d-c093-4896-893d-b9efc8468b33","KEETA-1767280129480307","1767280129480307","01a09667-03d3-7486-9c21-92fb79951767","019c18d5-62e1-7000-8000-000000000003","019c18d5-62e1-7000-8000-000000000042","2","1","False"
"f78ea9e9-e057-4062-9e17-ba16c57674d8","KEETA-1780265942257018","1780265942257018","01a09667-03d6-74dd-b842-513b244c498f","019c18d5-62e1-7000-8000-000000000005","019c18d5-62e1-7000-8000-000000000042","2","1","False"
"e554af27-9478-4a46-a145-ba263463e200","KEETA-1769943908202378","1769943908202378","01a09667-03ca-73b4-a0ec-61ab4347e80c","019c18d5-62e1-7000-8000-000000000003","019c18d5-62e1-7000-8000-000000000041","2","1","False"
"8d4ec140-bbec-4f9b-a087-bbc2cb5debab","KEETA-1764234429237750","1764234429237750","01a09667-03d4-71b1-98c5-6fecd67bbe30","019c18d5-62e1-7000-8000-000000000005","019c18d5-62e1-7000-8000-000000000042","2","1","False"
"0a59bb20-92b7-41ca-9e46-bbcdce2eb253","KEETA-1758550769480690","1758550769480690","01a09667-03ce-7b06-8f40-d28ac3c34a90","019c18d5-62e1-7000-8000-000000000003","019c18d5-62e1-7000-8000-000000000042","2","1","False"
"9b147003-4d2a-4ec4-95ca-bdb0253f5a43","KEETA-1791158330202122","1791158330202122","01a09667-03d4-707c-86a6-d0f6fd57fbf0","019c18d5-62e1-7000-8000-000000000003","019c18d5-62e1-7000-8000-000000000040","2","1","False"
"d54eccd3-6ba6-4bbf-9cd3-c02a6024cc3e","KEETA-1782891522206921","1782891522206921","01a09667-03ca-720b-ae96-fa372de4dfe5","019c18d5-62e1-7000-8000-000000000003","019c18d5-62e1-7000-8000-000000000040","2","1","False"
"2fac291e-24e3-45ee-9290-c04ca714ca22","KEETA-1787766620202181","1787766620202181","01a09667-03db-70aa-8ba6-c4b6a568be1b","019c18d5-62e1-7000-8000-000000000003","019c18d5-62e1-7000-8000-000000000040","2","1","False"
"103d5776-150d-4dc5-bcd5-c0809ae59e15","KEETA-1761234449257391","1761234449257391","01a09667-03d1-7409-965e-729aab08bd35","019c18d5-62e1-7000-8000-000000000003","019c18d5-62e1-7000-8000-000000000042","2","1","False"
"058b42e3-1586-4cfa-86d6-c081209fb4d0","KEETA-1785764424222966","1785764424222966","01a09667-03db-73bc-bfef-8b17ecbe8007","019c18d5-62e1-7000-8000-000000000003","019c18d5-62e1-7000-8000-000000000042","2","1","False"
"c796338d-9ea7-4415-8c7e-c45d41c2adca","KEETA-1782655537060995","1782655537060995","01a09667-03c8-78e5-b42c-d4c034406383","019c18d5-62e1-7000-8000-000000000003","019c18d5-62e1-7000-8000-000000000041","2","1","False"
"e9c21b69-1bb8-4415-a8ad-c61cd33a765f","KEETA-1782823416060176","1782823416060176","01a09667-03d2-7929-ab16-faa934f88bce","019c18d5-62e1-7000-8000-000000000003","019c18d5-62e1-7000-8000-000000000042","2","1","False"
"6d4c8e33-c541-4567-8e4e-c6b4e833a48c","KEETA-1767311738060229","1767311738060229","01a09667-03ce-7f76-801d-9faa7c3def38","019c18d5-62e1-7000-8000-000000000003","019c18d5-62e1-7000-8000-000000000041","2","1","False"
"8b653e40-1090-436f-9bbd-c6c16ac3b54f","KEETA-1785421224060137","1785421224060137","01a09667-03d4-793e-8856-086a2f0537d2","019c18d5-62e1-7000-8000-000000000003","019c18d5-62e1-7000-8000-000000000042","2","1","False"
"e6a20782-88be-4782-8c39-c7f74c84c61b","KEETA-1785398314202809","1785398314202809","01a09667-03d3-7434-9af3-c51df761f4cf","019c18d5-62e1-7000-8000-000000000003","019c18d5-62e1-7000-8000-000000000042","2","1","False"
"50ec1e20-877c-4476-98d5-c98db0f4dacd","KEETA-1785401939257443","1785401939257443","01a09667-03d2-7db8-b0c8-9cd13ee10de2","019c18d5-62e1-7000-8000-000000000003","019c18d5-62e1-7000-8000-000000000040","1","1","False"
"88ce7d0f-0208-477e-8c34-ca0daedd5d48","KEETA-1780754208019216","1780754208019216","01a09667-03d4-70c2-a576-d3cf0abad855","019c18d5-62e1-7000-8000-000000000003","019c18d5-62e1-7000-8000-000000000042","2","1","False"
"d6743454-8a6b-4ff3-851b-cd1b10d2ee8e","KEETA-1769949652237650","1769949652237650","01a09667-03ca-7d5a-b6b3-c0b94a4560a7","019c18d5-62e1-7000-8000-000000000003","019c18d5-62e1-7000-8000-000000000041","2","1","False"
"b8924994-41d6-4bba-a939-cda73455bdfc","KEETA-1767709400202275","1767709400202275","01a09667-03cd-7e0d-979f-dbc8209a36a2","019c18d5-62e1-7000-8000-000000000003","019c18d5-62e1-7000-8000-000000000041","2","1","False"
"57ec443d-82eb-4af9-b2df-cf0ca7f21b71","KEETA-1782890124257652","1782890124257652","01a09667-03d0-7257-9d81-90306e63ed9f","019c18d5-62e1-7000-8000-000000000003","019c18d5-62e1-7000-8000-000000000040","2","1","False"
"538bfa7d-5de8-46a4-8fd9-cf41fa227c7d","KEETA-1784800818019507","1784800818019507","01a09667-03d0-7002-ab58-a7be0a8cea83","019c18d5-62e1-7000-8000-000000000003","019c18d5-62e1-7000-8000-000000000042","2","1","False"
"84d5eefc-ba15-4001-ab6c-d09a269c8844","KEETA-1770035810480394","1770035810480394","01a09667-03c9-79c3-943c-7b9231f7dd27","019c18d5-62e1-7000-8000-000000000003","019c18d5-62e1-7000-8000-000000000041","2","1","False"
"461c5259-392d-4898-9f2d-d14618c00957","KEETA-1788774973060033","1788774973060033","01a09667-03d8-75f9-99d5-e123c94418ec","019c18d5-62e1-7000-8000-000000000003","019c18d5-62e1-7000-8000-000000000042","1","1","False"
"4ea8d111-ebd2-421a-b0d1-d33f77b276d2","KEETA-1785666325088164","1785666325088164","01a09667-03db-7148-b3d7-25c2c8e62afa","019c18d5-62e1-7000-8000-000000000005","019c18d5-62e1-7000-8000-000000000042","2","1","False"
"ba9c0b09-a22e-478c-b6b8-d3ccb8528630","KEETA-1788003562202246","1788003562202246","01a09667-03d5-7c16-8916-1f8bf058e159","019c18d5-62e1-7000-8000-000000000003","019c18d5-62e1-7000-8000-000000000042","2","1","False"
"a91d9c13-3e96-4120-888d-d4d9bf5afcea","KEETA-1773865030257856","1773865030257856","01a09667-03c8-769d-b04b-c93f38abd011","019c18d5-62e1-7000-8000-000000000003","019c18d5-62e1-7000-8000-000000000041","2","1","False"
"9d7c20a5-6478-47e9-8f68-d4e207cdab10","KEETA-1779122543206254","1779122543206254","01a09667-03cc-7cb0-a152-a7cf2401c7b2","019c18d5-62e1-7000-8000-000000000003","019c18d5-62e1-7000-8000-000000000041","2","1","False"
"d857f3de-dab3-497d-823e-d4e64309e12f","KEETA-1780263917202481","1780263917202481","01a09667-03d6-70cd-9894-4a343d28bf36","019c18d5-62e1-7000-8000-000000000005","019c18d5-62e1-7000-8000-000000000042","2","1","False"
"978be9a2-da3e-4fd7-bf5a-d5c0be13ec26","KEETA-1785782468088583","1785782468088583","01a09667-03db-70a2-a52b-0c838429ec19","019c18d5-62e1-7000-8000-000000000003","019c18d5-62e1-7000-8000-000000000040","2","1","False"
"374ace7a-65ec-487b-8be3-d870affc4849","KEETA-1790783876088435","1790783876088435","01a09667-03cf-7e52-813a-3327ee8b88ea","019c18d5-62e1-7000-8000-000000000003","019c18d5-62e1-7000-8000-000000000042","2","1","False"
"996f12c6-ea3b-4155-8e95-d9cc7256e7ee","KEETA-1776078853480786","1776078853480786","01a09667-03cc-7d7a-bb79-f4ac3ead00ce","019c18d5-62e1-7000-8000-000000000003","019c18d5-62e1-7000-8000-000000000041","2","1","False"
"0cf1091f-73d9-4c89-9844-dc7409fc1475","KEETA-1788260044257238","1788260044257238","01a09667-03d5-7bba-b021-83ed6539b93a","019c18d5-62e1-7000-8000-000000000003","019c18d5-62e1-7000-8000-000000000040","2","1","False"
"f1f0bc66-588f-46b1-b3bb-dd124b0efce2","KEETA-1788004292202709","1788004292202709","01a09667-03d0-7ac6-8e79-a998441044f7","019c18d5-62e1-7000-8000-000000000003","019c18d5-62e1-7000-8000-000000000040","2","1","False"
"777b9594-c212-484f-83ab-dd96a4b92046","KEETA-1791305216202026","1791305216202026","01a09667-03d2-7b52-b849-acb32441c350","019c18d5-62e1-7000-8000-000000000003","019c18d5-62e1-7000-8000-000000000040","2","3","False"
"7beadcdd-c50c-4c62-ae7b-e01a5b8b8fe5","KEETA-1790374100088073","1790374100088073","01a09667-03d4-7b4c-881b-84c6cecccadd","019c18d5-62e1-7000-8000-000000000003","019c18d5-62e1-7000-8000-000000000040","2","1","False"
"87954890-a9ab-4bc8-b0ca-e03e562f785d","KEETA-1762959988257683","1762959988257683","01a09667-03d0-70b1-abe7-83910be7a0e0","019c18d5-62e1-7000-8000-000000000003","019c18d5-62e1-7000-8000-000000000042","2","1","False"
"e2901c6d-cadc-476c-bbf2-e167fce0174b","KEETA-1761932371088963","1761932371088963","01a09667-03d4-7b39-b554-457d93ae7dda","019c18d5-62e1-7000-8000-000000000003","019c18d5-62e1-7000-8000-000000000042","2","1","False"
"a8035c3b-b5e8-4602-bd23-e27221096be7","KEETA-1787760172154255","1787760172154255","01a09667-03db-7d29-b4ee-b35e6ad3c6b5","019c18d5-62e1-7000-8000-000000000005","019c18d5-62e1-7000-8000-000000000042","2","1","False"
"6ff2aa43-c15d-4b10-bd33-e2a3bbbe7f45","KEETA-1761999888237416","1761999888237416","01a09667-03cb-70f8-b02f-fb3d8acde875","019c18d5-62e1-7000-8000-000000000003","019c18d5-62e1-7000-8000-000000000041","2","1","False"
"6595b174-2aeb-4be7-9964-e52f760ecc5f","KEETA-1789313901222688","1789313901222688","01a09667-03cb-79bb-b951-f369bed6275c","019c18d5-62e1-7000-8000-000000000003","019c18d5-62e1-7000-8000-000000000041","2","1","False"
"90ec2f13-650d-4d79-ae7a-e541d393ea4a","KEETA-1787662543154629","1787662543154629","01a09667-03d5-71fc-9b3f-ed9181469201","019c18d5-62e1-7000-8000-000000000005","019c18d5-62e1-7000-8000-000000000042","2","1","False"
"a530230e-ec44-496e-ad63-e62841e49a5b","KEETA-1788103338202853","1788103338202853","01a09667-03d5-7fb5-b0eb-d815def2a997","019c18d5-62e1-7000-8000-000000000003","019c18d5-62e1-7000-8000-000000000042","2","1","False"
"e6490792-4a1e-4034-acdd-e8c55dc9f760","KEETA-1790620141088619","1790620141088619","01a09667-03cf-7f37-a00e-04a2200205b7","019c18d5-62e1-7000-8000-000000000003","019c18d5-62e1-7000-8000-000000000041","2","1","False"
"1982405c-14fa-4091-b91b-e9ffd4c51afa","KEETA-1780344894060679","1780344894060679","01a09667-03d4-7bdd-8614-288ffd8cd456","019c18d5-62e1-7000-8000-000000000003","019c18d5-62e1-7000-8000-000000000042","2","1","False"
"baad4ec1-e67e-4de4-8998-eab5cfc8ffce","KEETA-1772325115060855","1772325115060855","01a09667-03d3-78fd-8796-bd4e98731e50","019c18d5-62e1-7000-8000-000000000003","019c18d5-62e1-7000-8000-000000000042","2","1","False"
"8e39f993-f2f4-4e75-9b4e-ebe2a1af67c9","KEETA-1778493984206768","1778493984206768","01a09667-03c9-7d01-85a6-d8f2da0387c3","019c18d5-62e1-7000-8000-000000000005","019c18d5-62e1-7000-8000-000000000042","2","1","False"
"1fd55a2d-5e06-4e2b-a701-f006e1bd6431","KEETA-1761957496257893","1761957496257893","01a09667-03cd-7797-b957-54e943d2376c","019c18d5-62e1-7000-8000-000000000003","019c18d5-62e1-7000-8000-000000000041","2","1","False"
"136af332-84d5-47da-923c-f163408d91f0","KEETA-1790372959154543","1790372959154543","01a09667-03d2-7c57-9c7a-aecaf8eae51e","019c18d5-62e1-7000-8000-000000000003","019c18d5-62e1-7000-8000-000000000042","2","1","False"
"b9fb1936-c078-4877-bad0-f25c7f60e4b3","KEETA-1777114347088357","1777114347088357","01a09667-03ce-7258-a30a-010750f5367b","019c18d5-62e1-7000-8000-000000000003","019c18d5-62e1-7000-8000-000000000041","2","1","False"
"fbd80ece-0891-44a4-a4cf-f26a68d8c8fa","KEETA-1790535031222945","1790535031222945","01a09667-03d1-7d37-afa4-109b5a4541cf","019c18d5-62e1-7000-8000-000000000003","019c18d5-62e1-7000-8000-000000000040","2","3","False"
"aa8642ed-b08c-482c-8243-f2db3b34c004","KEETA-1785873966480789","1785873966480789","01a09667-03db-72e8-b498-730732b0d2bd","019c18d5-62e1-7000-8000-000000000003","019c18d5-62e1-7000-8000-000000000040","2","1","False"
"9a0f4ff1-ef7c-4785-99e3-f3a67d83b2b2","KEETA-1787666563154302","1787666563154302","01a09667-03db-7e36-abd1-91751d18f7d0","019c18d5-62e1-7000-8000-000000000005","019c18d5-62e1-7000-8000-000000000042","2","1","False"
"96a699e0-3fd6-4fb7-8110-f5146697dd26","KEETA-1790619340222849","1790619340222849","01a09667-03d0-74c6-8d01-34abe3bfddf3","019c18d5-62e1-7000-8000-000000000003","019c18d5-62e1-7000-8000-000000000042","2","1","False"
"81c37d46-e865-40be-8c3b-f5c1317dd1be","KEETA-1764600661237945","1764600661237945","01a09667-03c9-70dc-a63f-7d32e92979c8","019c18d5-62e1-7000-8000-000000000003","019c18d5-62e1-7000-8000-000000000041","2","1","False"
"bcf9af18-19c2-47d6-b71f-f5d8f15f5eef","KEETA-1785658891202659","1785658891202659","01a09667-03d0-7949-a02a-e3f2e8251bcb","019c18d5-62e1-7000-8000-000000000003","019c18d5-62e1-7000-8000-000000000042","2","1","False"
"7a17a1db-5639-4595-9eb1-f76faac09f96","KEETA-1782813465019259","1782813465019259","01a09667-03d1-7f08-8831-19960b91ed8a","019c18d5-62e1-7000-8000-000000000003","019c18d5-62e1-7000-8000-000000000042","2","1","False"
"7bd4eff6-f3cc-47d4-878d-fa43a20802e6","KEETA-1787825197257585","1787825197257585","01a09667-03da-7ebe-b66f-3dedc360a7d6","019c18d5-62e1-7000-8000-000000000003","019c18d5-62e1-7000-8000-000000000040","2","1","False"
"5232399e-f151-45c3-8fa3-fb8d1444f7a0","KEETA-1782646664480082","1782646664480082","01a09667-03cc-70ea-b4e1-206a9d69f0a3","019c18d5-62e1-7000-8000-000000000003","019c18d5-62e1-7000-8000-000000000040","2","1","False"
"2f17a005-9574-4671-bac1-fbd959f5839e","KEETA-1759935926088894","1759935926088894","01a09667-03c7-7641-a6d0-0e83fe020489","019c18d5-62e1-7000-8000-000000000003","019c18d5-62e1-7000-8000-000000000042","2","1","False"
"901369c7-8af8-4447-a3f8-fd22387bb3ff","KEETA-1785538219222256","1785538219222256","01a09667-03cf-74d5-99c8-5cae88713953","019c18d5-62e1-7000-8000-000000000005","019c18d5-62e1-7000-8000-000000000042","2","1","False"
"d0e81dae-0176-4005-8010-fe488e2a2ca6","KEETA-1759934349480283","1759934349480283","01a09667-03cc-751a-aad9-6e3fac2fd7ee","019c18d5-62e1-7000-8000-000000000003","019c18d5-62e1-7000-8000-000000000042","2","1","False"
"8eff7d50-5f28-4e71-9efc-ffa639625efd","KEETA-1759083473257340","1759083473257340","01a09667-03cb-7b8a-90ae-3e1941350128","019c18d5-62e1-7000-8000-000000000003","019c18d5-62e1-7000-8000-000000000042","2","1","False"
