"Id","VehicleId","PlatformRiderAccountId","Status","EndedAtUtc","IsDeleted"
"fedb4192-e456-4cfc-bf1b-0208ef049e85","01a0aed7-0d93-74f0-8ae4-633598b7caf4","f5b3365a-6662-488f-bfac-267c58edd1e7","1","","False"
"9fc3876d-bd89-499d-89a2-039abf25dd34","01a0aed7-0d9c-74ef-846f-3c7a627395bb","86223909-e50a-4039-b8d4-05843b908625","1","","False"
"a2ec185d-73c5-48c0-bb20-04510a81601b","01a0aed7-0d92-7020-9a99-1026f54bb7bc","5c1fc4b6-3cc2-4665-b0d0-3b02b2d80dbf","1","","False"
"ff60c319-9e2d-4ee5-967d-055232368d79","01a0aed7-0d9c-7f60-9948-133c13ff10fd","c0c2d995-ba48-4abd-8971-5c41a2089d3e","1","","False"
"8ec33979-26fb-43f2-9650-05dea7275e05","01a0aed7-0d99-76b4-9d89-3777a4b85199","ee3417c0-f8ef-45e6-9dac-95fb2ec05254","1","","False"
"4977ddb3-cecc-45e5-8abd-064955301862","01a0aed7-0d96-7d3e-ae2f-f09c58173e44","c796338d-9ea7-4415-8c7e-c45d41c2adca","1","","False"
"713753b0-4289-4dce-a144-0923bd16b148","01a0aed7-0d98-730d-90a4-192042ef1a62","8f581f34-bf0d-405b-9797-34df692c7775","1","","False"
"77211e00-d6e0-494f-9cbb-0926f49e6a93","01a0aed7-0d98-7f8e-ac13-eea9d77b9bd3","e6a20782-88be-4782-8c39-c7f74c84c61b","1","","False"
"b68b9692-ac28-4c9e-988a-093ae3d5aaa1","01a0aed7-0d9c-79bd-b614-08c9a0870b57","4fe24228-2054-418f-8a20-92d1508e6f16","1","","False"
"3f589cbe-f20e-4db6-9333-09a0120fe2e8","01a0aed7-0d91-786a-8107-eeb3b44d51cf","5c68634f-6edd-4b7d-a6d2-26744df54fe0","1","","False"
"0e31019d-34fa-44c6-860e-09e6b3566ffa","01a0aed7-0d9b-7828-875c-5fb2dbbb3111","2cc7375f-35d7-495f-a2ef-2bc2edc0d871","1","","False"
"c3b7d2f9-303c-45db-ba44-0aaf9eecd9a5","01a0aed7-0d94-7d9b-be01-68ff408b2cd9","d22b849b-422a-4952-bf4b-00f35e8f816e","1","","False"
"b6255ddc-d041-48ae-9cf6-0b2b158f5826","01a0aed7-0d99-77ea-ab5f-3831a5502a2d","6aa5c4e8-8e9e-49a1-b4cc-5f2fc82804eb","1","","False"
"ef462e72-7f25-4ea4-8d45-0c54a888d445","01a0aed7-0d9b-787f-bf54-837f749652fe","c1dc4781-4c91-4307-b595-6ca9c48404bc","1","","False"
"c5a5b44f-b87a-457c-b31d-0e9006a51de7","01a0aed7-0d9a-7c7f-8371-55a35c71140a","d94caa9e-0b4f-46c9-881a-27678ceb8faf","1","","False"
"2a24c54b-85d7-4140-8832-0f294a279b65","01a0aed7-0d9a-72e9-86a6-d8665260dcee","8b653e40-1090-436f-9bbd-c6c16ac3b54f","1","","False"
"aed9a854-9963-4519-a8bb-0f48ade80f2a","01a0aed7-0d95-7aa0-9a11-4699b0f66ea0","688da1e2-b7b4-4d3f-8ac5-839909471e97","1","","False"
"b7e125da-f7dd-402e-a00a-0f76bca8f222","01a0aed7-0d98-7f86-abb1-6999c8315175","7a17a1db-5639-4595-9eb1-f76faac09f96","1","","False"
"d3198bec-2b59-44f4-b5e1-0f9a245a0584","01a0aed7-0d95-75ec-b906-01189a2ca524","edc77850-0528-4a87-b605-a6bf83efed42","1","","False"
"65a69787-c5ba-41e2-b0f7-10a3f8329430","01a0aed7-0d9c-77d2-bb2d-fa9a5a78e9d2","051a2793-e013-4fe4-9086-b849d429e825","1","","False"
"a1144d53-69ff-4936-99d1-10ffc3803b23","01a0aed7-0d96-7d3e-ae2f-f09c58173e44","44a7774b-5693-4d29-b0a9-90ca44f47aa4","1","","False"
"39c12859-3214-4f27-9745-146f2579d0ca","01a0aed7-0d93-7d1a-b7e2-b7c2a245cacb","aa895405-0f71-4108-97d4-816cfba9a144","1","","False"
"01f15a66-e768-432b-83db-16150fb97fe3","01a0aed7-0d9b-787f-b503-9998df1cd456","10e12786-2421-4f03-bd31-301723557e62","1","","False"
"2c4b0321-8987-4966-b1d0-1738b4292638","01a0aed7-0d92-7585-8486-b6056a53f0b3","635889fe-5469-41ba-8870-3c11434b1bcc","1","","False"
"b720ce60-9060-4aa7-a4c4-1775132dea55","01a0aed7-0d96-7fea-a03d-65965b3e7f39","8c8a1c7f-c1ba-473a-afe3-901826a5dda4","1","","False"
"6559aa60-4acc-45a1-b371-17c52aa75a9c","01a0aed7-0d9b-7e43-9a73-201cbdd3b43b","5ac7cb28-55af-43d2-bd9b-b14dd53db90b","1","","False"
"d5f09648-45c9-4900-bea1-1cdf1e1e9355","01a0aed7-0d99-7eb9-a414-ebcce7d8ce49","debe7a01-94bb-4d08-af9d-5a0ef9bb6bf8","1","","False"
"e23243d7-4073-4c18-89ed-1e330755006e","01a0aed7-0d98-7aa2-8f94-e20b82306514","96a699e0-3fd6-4fb7-8110-f5146697dd26","1","","False"
"b398860b-75ed-41fb-9475-1fbb3a11e30a","01a0aed7-0d93-74f0-8ae4-633598b7caf4","84d5eefc-ba15-4001-ab6c-d09a269c8844","1","","False"
"1cf9c7a1-71f8-4f69-a329-1ff37e4781d2","01a0aed7-0d9a-7d02-850c-6ecf997cedca","52d0a3ad-7446-4964-ba71-17dd47e75811","1","","False"
"0a2ff0b9-976c-4373-b0da-20dbb49dda75","01a0aed7-0d9a-79af-afe9-1b97f72c8450","a03ebcf4-943f-4767-b093-7c22d6947163","1","","False"
"dc267ebb-36b4-4f38-8c37-211f307bade0","01a0aed7-0d97-713e-9026-a81fbca28fde","39dbc3a5-4bb3-443f-9042-10747761369b","1","","False"
"ffc8ebb9-6ec0-4883-aa11-221898801ebd","01a0aed7-0d9c-765f-a2fb-f9e6ecca8b4e","5232399e-f151-45c3-8fa3-fb8d1444f7a0","1","","False"
"7d4a7cdb-cd65-42b1-98e0-22950e59e335","01a0aed7-0d9c-7865-9506-2a707a39591d","a66de979-8b49-4edf-b781-9b6de2767ab5","1","","False"
"01728685-623d-4679-887b-2344fee1d375","01a0aed7-0d9c-7b4c-9980-34747bb39c58","6cd32973-7806-499d-9878-85d922341fad","1","","False"
"8692f4ee-c8d2-42a6-9f0b-257d438c3dab","01a0aed7-0d9b-7740-b217-6508c213daa6","35f573ad-58ae-45dd-b2a0-1cb5a0e4f06a","1","","False"
"f042e814-8af9-41b3-ae21-25de3efb0518","01a0aed7-0d96-7b68-9b98-125cc77c2f3e","a6fac397-ae67-4629-ae14-5a140769c779","1","","False"
"e436ac5d-87f8-4712-b9dd-288740c0eaab","01a0aed7-0d95-75ec-b906-01189a2ca524","df37737f-8d76-42c4-9b2f-20bb77b5714e","1","","False"
"7e6d68a1-8c72-4147-87ba-28e6da626157","01a0aed7-0d9b-7ff4-af2e-fc74b20f20f9","9b147003-4d2a-4ec4-95ca-bdb0253f5a43","1","","False"
"85617903-6ba1-49c4-a8a2-29e48e666a5c","01a0aed7-0d9c-7e08-971c-a3272534a3f7","de2bbbcf-0d0f-4d6c-9e11-7d4001f548e2","1","","False"
"96729306-9c27-4b67-8000-2b610d24a9de","01a0aed7-0d93-74f0-8ae4-633598b7caf4","a7f9e5e7-44c1-4ea7-a4bf-a7385a2cc133","1","","False"
"6912ab06-87af-4fe5-adf8-2c1b86390f38","01a0aed7-0d9c-7fd9-aaa1-deea97af03b3","90ec2f13-650d-4d79-ae7a-e541d393ea4a","1","","False"
"ce79822c-1e05-4d99-85e9-2c5acf7bf51a","01a0aed7-0d98-7c4b-83e9-fd054ff68372","147a2ecb-dbd8-4763-8e01-927432ac1d5f","1","","False"
"022de091-fa79-4838-810b-2cfd3f058596","01a0aed7-0d9b-7c81-b660-fee60b9bf121","b1008b58-7805-41be-bb2e-702518a530a2","1","","False"
"c21e2339-8ffd-4713-95b6-2e570df6ba11","01a0aed7-0d9c-7414-a009-947c1b2be929","aa8642ed-b08c-482c-8243-f2db3b34c004","1","","False"
"a33b4106-8d45-46ae-a9ee-2fa650ed38be","01a0aed7-0d9c-7b41-920d-51a6f69b6193","6738ca10-7b9d-42f5-be0e-a1009c20fdac","1","","False"
"a303c744-3f24-4335-b6f1-2fe2bdda4666","01a0aed7-0d99-7d07-b5af-beafd791a0a5","cd72a075-6582-4b58-b2e0-77d0ceeb776b","1","","False"
"78da8aec-c43d-4b66-a3c5-3095d87642e2","01a0aed7-0d94-76c9-afd0-238e1a81c0f0","e1ca41b1-631f-4d5f-a90d-9894d5e0fec4","1","","False"
"9e8a32e7-02c8-4861-a236-31a437827f8b","01a0aed7-0d99-79b8-beeb-51216d901521","8eff7d50-5f28-4e71-9efc-ffa639625efd","1","","False"
"6856b67f-a7fd-4c68-82e9-32f0621aa06a","01a0aed7-0d98-74d4-8ed9-c6c002b27f3d","a4c50809-8d81-4139-b63c-0c53006d62e6","1","","False"
"f99f7f58-6e2e-43f0-853b-330db02dff61","01a0aed7-0d99-75ed-a727-6465b0f94d99","87e26529-b2ab-4046-8e18-0c4885006e23","1","","False"
"fc85991a-99dd-4f66-87dc-36133cd52fb1","01a0aed7-0d9b-7740-b217-6508c213daa6","a8035c3b-b5e8-4602-bd23-e27221096be7","1","","False"
"f14b6065-068a-492e-9e82-36f407ccbb52","01a0aed7-0d93-76be-a997-6465db5d5586","62d4f372-916c-497a-873b-40c7672d220b","1","","False"
"082fe5a3-09dd-4827-bc10-3b1e1edd07f6","01a0aed7-0d9b-7b0b-90ac-4119948b5eae","4ea8d111-ebd2-421a-b0d1-d33f77b276d2","1","","False"
"e8160b57-a84e-49b0-b0c4-3b493777087b","01a0aed7-0d9b-755b-84cc-752ec69f8077","98175e16-5621-4405-88ab-3b84aae17124","1","","False"
"eeb8f0ee-825a-4de6-9106-3bed1e8a15c5","01a0aed7-0d98-755d-9c5b-a48d10991f71","bcf9af18-19c2-47d6-b71f-f5d8f15f5eef","1","","False"
"e6d99f0e-3622-4877-96df-3bf345a7e39f","01a0aed7-0d9a-7470-8255-3ff6d49b32e5","b46d165d-3736-448e-b3f5-951da9afb09d","1","","False"
"7ddcbf08-120a-4c78-9362-415252b9a678","01a0aed7-0d99-79b8-beeb-51216d901521","68b91b1a-83a8-43d1-99c2-29c2662a140e","1","","False"
"dcef721d-7fdc-4a11-ac50-420948514e1b","01a0aed7-0d9b-7450-ba29-d8a8195fe86e","1fd98802-fe37-4fc7-814d-1f87ede5a204","1","","False"
"21b11058-86e2-4380-b81c-423370b6e25c","01a0aed7-0d9b-7a01-9287-c4625ed77138","3cd089f7-c1db-4436-b320-34d7ea6b9fa1","1","","False"
"18cdf440-a9e1-4f17-b4d9-439cee2ee5ff","01a0aed7-0d9b-7f98-a44a-b4eeb39d3873","4f0ba1a5-f152-440a-bdc9-112198dfb7dd","1","","False"
"7f61b943-b73f-4954-b748-43aa790816c5","01a0aed7-0d9c-7408-859b-9682f5403fa0","034bfbc3-25fc-4909-9390-6dec88c1ebfc","1","","False"
"878a4a9c-71b6-41c1-b4bd-4481eba3b83c","01a0aed7-0d99-74c3-af5c-bb39aadfca8f","8d3cc422-878b-4f56-a601-20c6036929f4","1","","False"
"80baca17-e4c5-4d45-b1ae-448f27ecfc50","01a0aed7-0d92-7645-9b04-50c1c92a413e","51cd10db-61f3-4972-9747-7bd27010a795","1","","False"
"b92a51bd-f23b-4ce2-8649-454bb6a4b8af","01a0aed7-0d9b-74e5-b7bb-3f744fbdd384","017df2c4-1d3c-4851-b4cd-0307fbfb40de","1","","False"
"6d7d4796-d798-4b53-ab9b-46502cb0919f","01a0aed7-0d94-78e2-b73a-a01bc07d62f1","4bbbddfb-8683-4c32-a77b-8fe9b1c82126","1","","False"
"d4ff916b-098e-4aeb-895f-46eb5a8c228c","01a0aed7-0d9b-7422-bf60-b98078ec45aa","e9c21b69-1bb8-4415-a8ad-c61cd33a765f","1","","False"
"2d91bcca-8ebe-422c-808e-470a66c8485f","01a0aed7-0d99-77eb-9c75-a5720482dc7d","f8ec178f-3300-4cee-b9aa-a6c364c02b45","1","","False"
"c76982df-869e-4abe-abab-478e8a15520d","01a0aed7-0d9a-7e40-bfd5-1447ae4bc8b3","a56f300d-6d8d-495d-b127-648bef1d028e","1","","False"
"72d25c22-bca5-4e82-8dd7-482ae5255081","01a0aed7-0d9b-7af1-bead-ca4465fda246","b89ae868-b834-4fd6-9424-51978af1de45","1","","False"
"efcfce3f-4995-4fb4-9cc4-4b3b42724464","01a0aed7-0d99-7094-802c-67d3101b5c8c","b7541bc3-4132-4f5e-8b4a-2fe1ae5de1b8","1","","False"
"b532e1bb-541d-4561-aa5e-4ba7e26463aa","01a0aed7-0d9b-7a4c-a325-da6db71de414","8f401524-8e9d-4913-b602-45cea396a363","1","","False"
"eca5a91f-c151-434f-9f80-4bf99566b28e","01a0aed7-0d9a-73bd-9aa9-396666b7d62b","ca7d6579-54fb-4569-a691-23ecbe6b597b","1","","False"
"909abc44-6b1e-4a96-8260-4c14f22cb1d6","01a0aed7-0d9a-7485-a001-f67261120a59","99993931-b2eb-4f6c-be46-3fe22c0e31fe","1","","False"
"b976d55e-3783-41b5-b951-4d33b13ae6e8","01a0aed7-0d9a-7a6b-8a04-4be7497a61b8","5c013340-720b-49ee-b638-991128aa63b9","1","","False"
"0e4c9397-aa80-4052-812a-4df441ec7628","01a0aed7-0d9a-7e1e-ab4f-4a0dbf5e5725","0a59bb20-92b7-41ca-9e46-bbcdce2eb253","1","","False"
"0f7dbfa1-eb56-44d1-a657-4fba5aa86f06","01a0aed7-0d97-713e-9026-a81fbca28fde","9a0f4ff1-ef7c-4785-99e3-f3a67d83b2b2","1","","False"
"0fa94b0a-be04-4a41-b1d2-4fe9873f6a19","01a0aed7-0d94-7a0c-abe6-35677c726f9b","86fce682-5db9-47a7-b01d-80f818f7e34e","1","","False"
"f5de1437-b2bc-422c-9d2a-50898e82b753","01a0aed7-0d9a-7915-bf2e-3083dcc9ceec","0840443d-c093-4896-893d-b9efc8468b33","1","","False"
"e4d648a6-1454-4d4f-b7d9-51d34e0ec5a6","01a0aed7-0d98-7f86-abb1-6999c8315175","6c28eb20-810a-468b-83d8-6424c52e4f1a","1","","False"
"0d50f2bc-878e-42b7-8030-536f9f805ec5","01a0aed7-0d9a-717b-a650-97709f8eb915","f1f0bc66-588f-46b1-b3bb-dd124b0efce2","1","","False"
"b69b1d8a-fa46-443a-b49e-5426921631d9","01a0aed7-0d9c-7472-884e-698d5d2b6d49","0ff9a740-06ca-46e4-ab91-3d88a31b77a3","1","","False"
"7921240c-7772-470c-8b8b-54503f58bd46","01a0aed7-0d92-729a-b033-2e1c985d856a","aba7a058-00ca-4813-814c-9c109d88e177","1","","False"
"be21cc00-668b-4af8-b864-55d05c9d514f","01a0aed7-0d99-7511-93f1-11e9ff2e7d11","d54eccd3-6ba6-4bbf-9cd3-c02a6024cc3e","1","","False"
"3d358042-5f2d-4f67-bd70-5752e67a39ef","01a0aed7-0d99-7233-8039-dae448f23b23","70b47734-caf2-4e1f-b8c6-465d5d543982","1","","False"
"1d61e5a1-4b5d-4ea2-b1da-577a0698b2c4","01a0aed7-0d9a-7250-b9b3-37e2455e7ec1","d8d85fe8-9479-4f10-b731-591713982537","1","","False"
"80970a45-7b70-444e-910c-57b23c7ac874","01a0aed7-0d94-7a0c-abe6-35677c726f9b","6595b174-2aeb-4be7-9964-e52f760ecc5f","1","","False"
"a227a0e9-c836-4a21-958d-59f1bbad2bc2","01a0aed7-0d99-7772-8a6c-b5ebb29d233f","e0826497-19d4-45c4-9192-38c450a80d84","1","","False"
"fbaa2c48-2c26-4849-a745-5a3996cd327d","01a0aed7-0d98-770b-bd75-ca1211c3992f","103d5776-150d-4dc5-bcd5-c0809ae59e15","1","","False"
"ec5361a9-0d13-4b7a-b7d1-5aa39487ef13","01a0aed7-0d99-7b61-837b-daa90d7bf28a","2cbef7ab-4e2e-4147-9e5e-7a46deb187b9","1","","False"
"55f6d20b-a583-4e68-a058-5acf938acdcc","01a0aed7-0d99-7efc-bf8d-6277bf43e00b","69473c09-e1b3-4322-ad30-a8a3cb82039a","1","","False"
"c21a27b5-7548-49e4-98a6-5b4e0fb644e4","01a0aed7-0d95-70b9-907b-98866babf5c7","dfb69779-213d-4eaf-8557-279d77cff727","1","","False"
"fbd79929-abf7-4521-9e8c-5bec527196a0","01a0aed7-0d9c-7414-a009-947c1b2be929","c7a31595-61d6-43ca-bbc8-87d7d673cde1","1","","False"
"9a526514-f66d-4af1-a0f0-5c033cefc6ef","01a0aed7-0d9a-7e40-bfd5-1447ae4bc8b3","ead79de9-8795-459d-b477-252ef01fe8ca","1","","False"
"ea48ccdc-2cea-4c16-8cf2-5c0be169e1f7","01a0aed7-0d92-7024-8adb-ed675e83a918","6d4c8e33-c541-4567-8e4e-c6b4e833a48c","1","","False"
"385c6541-cf16-4377-8167-5ca050e8a6f6","01a0aed7-0d9c-7a2a-b238-29f69896c672","50ec1e20-877c-4476-98d5-c98db0f4dacd","1","","False"
"8e387530-522e-4880-b7df-5db5b1e28b8e","01a0aed7-0d99-7d07-9b44-e0628fe301e2","a5333f81-0dd4-4708-8b59-4a0aee613aba","1","","False"
"0b755c8a-49b3-4d6e-836b-5e9ea3fa8a4f","01a0aed7-0d94-75bd-82fc-ff1d3ffd751a","ccf87677-42fe-4fee-bc8c-2190ffe53159","1","","False"
"b3829b7e-f4df-4604-9ded-5ebf38d981cb","01a0aed7-0d98-7a7f-b6ec-17d03ff87111","b1625a9e-afe6-49ae-806b-25d628188521","1","","False"
"895ae246-b62c-4c7e-9a7f-5eee514be925","01a0aed7-0d96-7b68-9b98-125cc77c2f3e","e6490792-4a1e-4034-acdd-e8c55dc9f760","1","","False"
"b3528f06-e84a-4e54-9ca2-60ec585fd3d1","01a0aed7-0d94-7d9b-be01-68ff408b2cd9","6ff2aa43-c15d-4b10-bd33-e2a3bbbe7f45","1","","False"
"fcea7b43-e214-41c1-ae56-61d21304f142","01a0aed7-0d92-7024-8adb-ed675e83a918","e554af27-9478-4a46-a145-ba263463e200","1","","False"
"0bf5e2cd-df2e-43cb-93d8-6368f5835452","01a0aed7-0d9a-73bd-b321-40e3b9a1e80e","baad4ec1-e67e-4de4-8998-eab5cfc8ffce","1","","False"
"3b80ef9d-344f-4d8c-bf57-64f6395c071b","01a0aed7-0d92-7020-9a99-1026f54bb7bc","20429304-4d9f-437c-9854-822ffba06542","1","","False"
"5740cc27-f994-489b-b99d-65593c276798","01a0aed7-0d94-74dd-9622-831730282fbc","996f12c6-ea3b-4155-8e95-d9cc7256e7ee","1","","False"
"58a5a6d9-c3a5-49f5-a8ab-6595ba1807c0","01a0aed7-0d97-7487-8545-0d9e0d771712","0d54438a-7d8e-459c-b62c-05bbfc9a8827","1","","False"
"c94a21fb-62eb-4950-b3a3-65cfa0e086a4","01a0aed7-0d9a-717b-a650-97709f8eb915","12a180fd-6678-4f1e-9516-a6e4c835838d","1","","False"
"9fa5a241-0894-45c9-9e40-65fdfd470a9b","01a0aed7-0d9b-7d5f-88ac-d6496cd106c2","f9f7ef86-1f9c-4b62-8358-b94cd413f73d","1","","False"
"c99c0417-1e00-435c-9d36-66644f9fb193","01a0aed7-0d98-7b77-b79c-6b56398fe88b","a086738c-5dcb-4345-a2b0-71d9d549fe3d","1","","False"
"cc8c0c70-99fe-4cb0-9646-6822e89b6e09","01a0aed7-0d9c-7ac6-9eb2-68b9ba8c7b01","0f6c5577-7e9c-43fd-8c65-45da0baa1401","1","","False"
"df11d465-f4ed-48b9-b7c4-68c3e7ee1f18","01a0aed7-0d99-766b-a181-e9fc787dbc8c","c15df8a1-7003-46ce-a1de-93d2c21228a9","1","","False"
"4e62e4ee-4847-4443-8f16-6906c5f087d3","01a0aed7-0d97-7ac8-aee0-b449b08998f9","e12573ca-91b5-4508-971e-17ba3ad9bd5a","1","","False"
"a572c744-af7d-4ca7-a7aa-69825b57c18f","01a0aed7-0d99-7a48-8913-9b7b1707b32a","e12aead4-a54e-49c8-bf4d-391ae4f52d47","1","","False"
"ea8622fe-4c8d-4deb-a2c1-69aa4774f927","01a0aed7-0d9b-71af-b9b9-65821dd175ef","901369c7-8af8-4447-a3f8-fd22387bb3ff","1","","False"
"4da9bba8-c021-40c1-aa38-6a783807eb15","01a0aed7-0d93-76be-a997-6465db5d5586","824fc344-5c62-4c90-9b24-977aad9b3105","1","","False"
"313747b4-32e3-42a8-a8c6-6cd581c713a3","01a0aed7-0d94-76c9-afd0-238e1a81c0f0","71cc4986-118d-4fec-b775-385f0a549b10","1","","False"
"b9800120-4fe1-4699-808c-6e95def6da36","01a0aed7-0d9b-755b-84cc-752ec69f8077","25961c8f-d93e-4676-a12c-a5be3c945dcc","1","","False"
"b43d22f2-7196-40ec-9e95-703cb57e0c9d","01a0aed7-0d9a-7250-b9b3-37e2455e7ec1","f78ea9e9-e057-4062-9e17-ba16c57674d8","1","","False"
"d16422ce-f3f0-4697-b088-71d118e064ee","01a0aed7-0d9b-792c-af14-f247c014a7b6","e5df3d98-9846-4c0b-847a-3a25942b55d8","1","","False"
"0a3b2dbb-a7a9-4ac4-9ead-72381f263ac5","01a0aed7-0d9b-787f-b503-9998df1cd456","1d5af58c-0320-4ccb-9cd2-3d8380c3b3fd","1","","False"
"08b9cf41-1d1a-4188-b89a-7795087dfed5","01a0aed7-0d9c-7fd9-aaa1-deea97af03b3","fc7c89fc-d9ee-46ec-aae3-77f254c712fc","1","","False"
"1c8d088c-97c2-469f-b7a9-7837e65f9497","01a0aed7-0d93-7d1a-b7e2-b7c2a245cacb","f048e605-4a0d-424b-b23d-3055279031a0","1","","False"
"6cef5819-b21d-4438-9320-78a871f32e5b","01a0aed7-0d94-78e7-937d-0d074f7a781a","e3195d34-f0ec-446f-999b-26a0e215a438","1","","False"
"17e00c3e-c4c4-49dc-8df0-7bd3f0ebe949","01a0aed7-0d98-7cbc-bd90-44c1754d1208","87954890-a9ab-4bc8-b0ca-e03e562f785d","1","","False"
"8bee1a53-08c6-4c55-a65d-7db5f51a2b13","01a0aed7-0d98-7c6b-bf66-f008f4f29863","a1e332cc-7612-4e35-b3f3-14dac0d52093","1","","False"
"83acdd4e-bdd4-48c2-b15a-7dc0870d3c47","01a0aed7-0d9b-737e-b313-a389b27b7f62","a7afa31c-7417-4b63-82dc-5410ef870c0f","1","","False"
"2e5a8ac9-0d59-4a57-af82-7e38edf8308e","01a0aed7-0d99-79d8-9865-ef116527959a","777cd1bb-775b-4fb9-83db-2ac28b583b6e","1","","False"
"0e1fdd1e-7ec9-4061-8130-8135a88b339a","01a0aed7-0d9b-74e5-b7bb-3f744fbdd384","15c5f2ee-13fa-4c13-98c6-5d4ad9f6ecce","1","","False"
"6e85f38c-4819-4750-a8bb-81a43522ce0b","01a0aed7-0d9c-7554-9136-050caff0c15d","0cf1091f-73d9-4c89-9844-dc7409fc1475","1","","False"
"7172cf7e-922b-45d5-8906-83d5c874ee0d","01a0aed7-0d98-7cb2-99af-87442c033528","fdee97a8-3e55-4363-809d-913aa05fe242","1","","False"
"6a111cb9-6527-4e8e-b945-843022131320","01a0aed7-0d98-7efa-b4d7-ea61dd6d200b","d0e81dae-0176-4005-8010-fe488e2a2ca6","1","","False"
"111fcc78-3039-47b1-9c77-886313b41812","01a0aed7-0d9b-7450-ba29-d8a8195fe86e","9d7e1660-aecc-4e8c-99c3-15734e40e2a8","1","","False"
"b62041a6-f113-44e4-a53e-892f257a492d","01a0aed7-0d91-786a-8107-eeb3b44d51cf","7c0e8f84-b0ed-462a-9a2b-170973cb5326","1","","False"
"2a1862d7-05b6-42a4-a294-8a37201dd558","01a0aed7-0d9b-7fa1-b6f7-e611fe298fd6","3a93f4cd-5917-4a2b-b5b4-aa748977552e","1","","False"
"f82429dc-2d65-4396-b496-8b58b1a8f36e","01a0aed7-0d9b-7c57-8a81-43b6d3585311","24727c56-4d87-463b-9ea4-4bf5ab094fe8","1","","False"
"752c89fe-4523-4a92-a37a-8beb4b874e9a","01a0aed7-0d94-7099-93ef-27b0c5e26b89","b9fb1936-c078-4877-bad0-f25c7f60e4b3","1","","False"
"cebb70dd-7559-45c6-9f6c-8c42921ea0b6","01a0aed7-0d9b-7a32-ae9c-8ecd55b7e793","db338f3d-366d-4a24-af4f-a545a116f349","1","","False"
"65408364-b0e4-4d7c-b9d8-8d3fb97c305b","01a0aed7-0d99-7233-8039-dae448f23b23","2f17a005-9574-4671-bac1-fbd959f5839e","1","","False"
"a417ec42-2a46-4a7c-a244-8fba364e081a","01a0aed7-0d9a-7c7f-8371-55a35c71140a","c4f71e14-df75-423f-a088-81575ec4aeae","1","","False"
"c1ea5b69-976b-40ab-a05d-93bedcb740a1","01a0aed7-0d95-7451-bf36-738eb1f1b948","66b28e48-fa05-4843-9582-57f4e817a749","1","","False"
"bc981397-2c17-4c38-a39c-947ccbbb7499","01a0aed7-0d9a-7a6b-8a04-4be7497a61b8","619e06a7-56a0-40d0-b32c-aed86a5c30b8","1","","False"
"6da9655b-4e2c-438c-aca8-94b303281cfe","01a0aed7-0d92-73ef-94c7-73b4ff88c5bf","6e8202cd-30a9-4ed4-a106-81fc34f455ea","1","","False"
"c6a4e79c-1b55-491e-966d-96c51445f2ad","01a0aed7-0d9c-7e08-971c-a3272534a3f7","3b00acac-411a-4499-858d-28e066fde4ed","1","","False"
"6a29779f-e8e6-49ff-8b22-9768e96f3dc5","01a0aed7-0d9a-7e32-8431-41021c2359ea","d32ed725-06fb-456e-ad88-39456809d641","1","","False"
"a2425f78-fe26-47e1-8753-9785174a4cbb","01a0aed7-0d95-7e0c-b020-fbf634f7af2d","dd5feb59-f508-45cc-8253-23322dbeb018","1","","False"
"80cef3c6-c964-4695-9547-990d17216516","01a0aed7-0d99-79d8-9865-ef116527959a","1f232c7b-f07b-4c07-8db7-7b9576b535e4","1","","False"
"45d9edc3-13fe-480d-bb55-99fac22e0c01","01a0aed7-0d9a-7470-8255-3ff6d49b32e5","1295a10c-c742-40d1-9bb2-0b9de32bb239","1","","False"
"cc389f93-948a-4057-95e1-9a67f7a10802","01a0aed7-0d9c-765f-a2fb-f9e6ecca8b4e","987e4219-2347-4e3e-9fb1-165174a48718","1","","False"
"3a747a2a-011d-477b-b6c1-9a986ce0925c","01a0aed7-0d9c-71a7-a631-aa430ad32e66","14b1218c-52d1-4880-baf6-ac4f93fce3d9","1","","False"
"bea2dfeb-6f76-48e3-98d3-9b522c94d2a3","01a0aed7-0d94-7e6d-bed9-4e26aa656462","a8fa8bb9-109e-4cbf-b5ac-3379d8a3e450","1","","False"
"c0ddacf0-3183-44cc-8bf1-9c611c90dfa2","01a0aed7-0d98-7252-8fee-6f60da71062a","de708c2f-927c-48ea-8242-843657baa323","1","","False"
"73928a7c-906b-46bd-ad02-9cb6a7f5911b","01a0aed7-0d9b-78e7-83d8-a429a25aa5ea","eff1b58d-2550-4f26-8da8-969eaa8fa8e9","1","","False"
"f427906a-28db-407b-8815-9cb8018f33e2","01a0aed7-0d9a-7f31-b2e6-322d26993e22","39cac8c3-354f-4a9c-919f-1ad4eb2268e2","1","","False"
"19c1db3c-de43-4ad9-b1bb-9d3cc9ada805","01a0aed7-0d98-79f9-ab2b-df182bb68c9c","323b4368-33e1-4089-afb7-86db85b1776a","1","","False"
"c3fda28d-39c2-4370-9284-9dbc6ec49169","01a0aed7-0d9b-7057-a9b9-e2cc3f6a333f","2b372c56-2f8a-4a7b-b060-a9b174b4345f","1","","False"
"a1f3031a-fe20-4ab6-8d4b-9e19ed9fa8af","01a0aed7-0d99-76b4-9d89-3777a4b85199","a530230e-ec44-496e-ad63-e62841e49a5b","1","","False"
"85d8d96a-469d-4de0-8963-9eaf2712c408","01a0aed7-0d9a-7b8f-89f7-30fd8e8888b3","1982405c-14fa-4091-b91b-e9ffd4c51afa","1","","False"
"0745fb17-4a1d-4fa5-b3f0-9f2b16b393b4","01a0aed7-0d94-78e7-937d-0d074f7a781a","a91d9c13-3e96-4120-888d-d4d9bf5afcea","1","","False"
"0c1996f7-81bc-4326-bf20-9fcec9d22742","01a0aed7-0d98-7f25-869b-1747c8d0cc70","f2749ea3-0e8e-4288-a983-05e73ea5fcd8","1","","False"
"1fd58b43-39e7-47fb-85d3-a12e12934d42","01a0aed7-0d92-7020-9a99-1026f54bb7bc","3b2bda8f-53cc-4f40-b8b8-75af526ba5bf","1","","False"
"f4339627-ecb5-4fea-a443-a29dd9f915f8","01a0aed7-0d9a-7e1e-ab4f-4a0dbf5e5725","915880be-9d80-40f0-8e30-9808252ac881","1","","False"
"43a5a226-8566-4068-b33f-a3290972aa55","01a0aed7-0d94-7188-9255-e6f7161b61bf","326dad70-2eb5-45d7-b070-9f1e192d2aa0","1","","False"
"ccf6adae-89eb-43fb-8575-a4099ab61b6e","01a0aed7-0d94-7188-9255-e6f7161b61bf","b8924994-41d6-4bba-a939-cda73455bdfc","1","","False"
"c58a66d2-fd40-40f4-935f-a4aaeae561c4","01a0aed7-0d98-79f9-ab2b-df182bb68c9c","058b42e3-1586-4cfa-86d6-c081209fb4d0","1","","False"
"cb794b9d-1e08-4860-920a-a4c3f00d4df2","01a0aed7-0d9a-7f31-b2e6-322d26993e22","b236d8fe-0ebf-4566-86fc-b17f48e9a1e5","1","","False"
"e8d142e3-669f-4903-b502-a6480ff20b1a","01a0aed7-0d9a-7163-97cd-80f6cd770902","5400bfe1-4a86-469d-a480-2746147d4246","1","","False"
"d4e6751b-b1ed-4251-ae4b-a7e0915f501f","01a0aed7-0d9c-7ac6-9eb2-68b9ba8c7b01","57ec443d-82eb-4af9-b2df-cf0ca7f21b71","1","","False"
"f043ddb0-c5fc-47cf-bba9-a85c87d0cdaf","01a0aed7-0d98-75a3-8624-01d83e15a106","e2901c6d-cadc-476c-bbf2-e167fce0174b","1","","False"
"3912fdff-3c84-4156-90e4-a85d132a21a4","01a0aed7-0d9c-7ece-bd82-b861de8e976f","c62a081f-55fe-4837-bfe4-79235b1bb200","1","","False"
"d7323719-4505-46bb-a526-aa3b3db10b44","01a0aed7-0d9c-7abb-b8e4-63f672000429","b0bbb6b9-4590-44c5-8368-7291a6311e9f","1","","False"
"d64ca635-867d-4f8e-9573-aad34bded391","01a0aed7-0d9c-7b41-920d-51a6f69b6193","36800bd0-159a-4a4f-a88c-9b7bd70a84d1","1","","False"
"fd49632d-6bd9-40ff-85f2-afa9bee2e223","01a0aed7-0d9c-7472-884e-698d5d2b6d49","fbd80ece-0891-44a4-a4cf-f26a68d8c8fa","1","","False"
"9e855da6-08dd-4829-a6e2-b36956616f60","01a0aed7-0d99-766b-a181-e9fc787dbc8c","0aa68111-13e8-466a-825d-5f32ac8d41ac","1","","False"
"66e0074f-253a-4e51-a303-b3bc19adefc8","01a0aed7-0d99-74c3-af5c-bb39aadfca8f","06c4c124-3056-4c07-b49f-2eafd762227d","1","","False"
"f8ebcf08-6ee5-4031-bd02-b42658a242d4","01a0aed7-0d9a-7163-97cd-80f6cd770902","c09847c8-148c-4cf1-adf0-617e2fca28f4","1","","False"
"72e47c55-3663-4ffc-9493-b43b2ec4ea5b","01a0aed7-0d9c-7ab1-97bb-12fa5f12a6e4","53cdb2a2-3462-43cd-a31a-190ff1963e18","1","","False"
"417922d0-5431-4e2d-aa0e-b45f9d78c99e","01a0aed7-0d92-7280-b239-113fb91479c9","33461db4-5465-45e5-9615-679911898a59","1","","False"
"27ead053-1ea5-42eb-a193-b4b76c1d4b1b","01a0aed7-0d9c-77d2-bb2d-fa9a5a78e9d2","104a3f72-3381-474c-a020-8916c2764c0a","1","","False"
"7f4539f8-1bf2-4d57-ba2b-b4eb5238a02f","01a0aed7-0d95-7aa0-9a11-4699b0f66ea0","69aa0c47-667d-4f42-ae73-2cf0244a46f0","1","","False"
"bb34e771-47ae-47aa-a1c0-b704a678ce33","01a0aed7-0d95-73ae-81e8-ee1a62ef0d29","d6743454-8a6b-4ff3-851b-cd1b10d2ee8e","1","","False"
"51bc52a2-480c-4589-a41e-b808ea23e01a","01a0aed7-0d96-7fea-a03d-65965b3e7f39","da884f02-da8a-48c5-b6a4-abe3eeb35160","1","","False"
"fe1d0288-3a15-4437-ac15-b8494215c0d3","01a0aed7-0d97-7487-8545-0d9e0d771712","f97f480b-c6c2-4fe5-8c35-11631492e08c","1","","False"
"0fbb24b3-aa19-4aa8-bda3-b900fb9a1916","01a0aed7-0d96-712f-bcda-99b3f22ea933","8b513c56-78f2-4917-8a79-a2f81ce38279","1","","False"
"23f25e62-2e0d-4f84-9e72-b9d39dab3a07","01a0aed7-0d9b-79ad-b820-2f46af24290e","2fac291e-24e3-45ee-9290-c04ca714ca22","1","","False"
"7e19b55b-882d-4442-8446-b9fa2383adb9","01a0aed7-0d9b-792c-af14-f247c014a7b6","d857f3de-dab3-497d-823e-d4e64309e12f","1","","False"
"41b64c80-cce8-4402-93d7-ba7a25406aff","01a0aed7-0d9c-7554-9136-050caff0c15d","978be9a2-da3e-4fd7-bf5a-d5c0be13ec26","1","","False"
"06208802-f5a4-44e0-a800-bace051028be","01a0aed7-0d9c-76ab-b692-0061f41da7d7","ba739dc7-63d6-4a95-8dfc-37a479e0bc46","1","","False"
"1ae6641f-f175-464f-9419-bd0e39a3d597","01a0aed7-0d98-7b77-b79c-6b56398fe88b","145ea63e-3c7c-46ce-b3f9-4f945c507ed0","1","","False"
"960c8601-a4f9-4d37-8e74-beb68dd11a3b","01a0aed7-0d96-7f2f-b159-022ca4485cec","1fd55a2d-5e06-4e2b-a701-f006e1bd6431","1","","False"
"4ec78869-2fcf-4e75-8bd8-c15f22ae5269","01a0aed7-0d9a-7eef-bdf0-fd522e395982","6ce13fe0-9172-4018-a27b-b61f153ad438","1","","False"
"715f6ea4-ca25-4efd-b005-c2232ac3c330","01a0aed7-0d9b-7af1-bead-ca4465fda246","031c3589-9a99-4dc5-b9b5-44cc4022d2c4","1","","False"
"91ece0cd-bb7f-4e5d-a201-c2c3e1294526","01a0aed7-0d9b-7893-b3cf-4e64a24aa333","7beadcdd-c50c-4c62-ae7b-e01a5b8b8fe5","1","","False"
"6f1e9a9b-6f56-43db-8252-c3448ce5b8d4","01a0aed7-0d95-7e0c-b020-fbf634f7af2d","81c37d46-e865-40be-8c3b-f5c1317dd1be","1","","False"
"b8649131-f635-4599-a6c4-c355e9487f8f","01a0aed7-0d94-78e2-b73a-a01bc07d62f1","ea0130f1-35e3-4bbc-ac91-3909adb26e3c","1","","False"
"a71695dc-e0b8-480e-b60b-c3d9777cae39","01a0aed7-0d9b-7699-a492-cf94f2c5dca3","407443a4-b4e0-4366-9b95-098de2f1ed4a","1","","False"
"3b40cd66-bf15-4aeb-8c1d-c445a9f7f35b","01a0aed7-0d9a-79af-afe9-1b97f72c8450","d96b09db-092f-46ee-a8b0-a614a91d7776","1","","False"
"33845790-1304-45f7-9f9c-c45c35405686","01a0aed7-0d9b-755b-84cc-752ec69f8077","8d4ec140-bbec-4f9b-a087-bbc2cb5debab","1","","False"
"dce471cb-f5a0-4232-813c-c465da72ad9f","01a0aed7-0d9c-74ef-846f-3c7a627395bb","a3169317-5dfd-4a15-b3ce-2511213c3b51","1","","False"
"3398eee9-de7a-4b5f-ac9c-c5993a6e9eea","01a0aed7-0d95-73ae-81e8-ee1a62ef0d29","f1395c07-2834-4aed-addb-3daf6acbde6c","1","","False"
"8a8c5f5e-2442-4018-8f9b-c674a572308a","01a0aed7-0d98-7447-bc67-9a010b3dd946","461c5259-392d-4898-9f2d-d14618c00957","1","","False"
"d504b9d4-10ce-43a0-a871-c9047ac951ca","01a0aed7-0d98-7cbc-bd90-44c1754d1208","079cfdc0-5d1c-4e43-8269-0b871945df3f","1","","False"
"535e264f-9869-47a9-b61b-ca4d2d8abf67","01a0aed7-0d94-7d9b-be01-68ff408b2cd9","fa16bc80-b77e-4302-a2c9-900656635efc","1","","False"
"6932cd1a-aec9-4325-ab0a-ca67bbf76f6e","01a0aed7-0d9b-71af-b9b9-65821dd175ef","de191764-2244-49ed-b7eb-530c09d5da49","1","","False"
"fab9f3cd-f280-4839-b52c-cb1f91a0d3bf","01a0aed7-0d94-74dd-9622-831730282fbc","1bdb6321-acc7-4347-846b-4ee899068aab","1","","False"
"f58248fd-ee0f-479b-a2fa-cbf98404ae19","01a0aed7-0d96-7fea-a03d-65965b3e7f39","e2bc84cf-f441-415d-bf2d-b6e724dc88ac","1","","False"
"8ab7a7ff-2ee3-4957-bee1-ccb0fa8090fb","01a0aed7-0d99-7efc-bf8d-6277bf43e00b","136af332-84d5-47da-923c-f163408d91f0","1","","False"
"f8bc0a4f-cf7b-4dc0-9f94-ccde1f1bde36","01a0aed7-0d98-768c-9de4-38adf1e6334a","f22121f2-0aaa-4a66-8b4d-45e23e95a89d","1","","False"
"57f6e927-5986-4b9d-80b1-cd4081836b0d","01a0aed7-0d94-75bd-82fc-ff1d3ffd751a","53f21989-507e-4805-88e8-0de72973b470","1","","False"
"077be9b4-6850-4358-a8d7-cd79e6859d02","01a0aed7-0d92-7508-a27a-901c19003f69","b4ffe12f-e481-4762-aa08-5e7da0126f59","1","","False"
"d009008b-6705-4e9a-b062-ce798917b23f","01a0aed7-0d99-7ed2-91bb-e05b2c522f77","77d77698-ed05-417f-a7a9-43378a835693","1","","False"
"a7d715b6-27d5-44ba-bda9-cf0e4d60f442","01a0aed7-0d9b-7a30-a90c-106a62cd62f8","1166d186-d5e5-4dc4-afa6-0022739cd199","1","","False"
"8d6afcd2-e9d2-4590-a4b7-cfebc11c628a","01a0aed7-0d9c-71a7-a631-aa430ad32e66","8e39f993-f2f4-4e75-9b4e-ebe2a1af67c9","1","","False"
"23026e16-5818-41b9-bc33-d02b5050c097","01a0aed7-0d99-77eb-9c75-a5720482dc7d","b1bae37f-d953-45dc-857e-056d0a5fab79","1","","False"
"7dffab7e-8673-42ef-b891-d1335e197a94","01a0aed7-0d94-7099-93ef-27b0c5e26b89","9ed7cda8-e04f-4b4f-92c2-9863b110a41c","1","","False"
"013a4bbe-37ed-4267-a8eb-d13d556ed92b","01a0aed7-0d93-76be-a997-6465db5d5586","a13a7959-4522-45bd-bdc4-2f4a4cecf655","1","","False"
"950189b4-2e07-490d-994a-d27733352932","01a0aed7-0d9b-78e7-83d8-a429a25aa5ea","922b65ad-d8ed-4e49-a4f7-5ac130aad2fe","1","","False"
"c888921d-2b1b-49db-8489-d4e32aaf80de","01a0aed7-0d9a-7d02-850c-6ecf997cedca","c59212e7-9d5f-4935-bf56-146d7a0d7870","1","","False"
"504b5642-b6e6-42e7-a023-d955d6a12415","01a0aed7-0d99-7eb9-a414-ebcce7d8ce49","dcd73bf4-a9dd-49ba-b30f-9c533d08461c","1","","False"
"08497108-80f6-4090-bc9b-d968bfd3e2fc","01a0aed7-0d92-7645-9b04-50c1c92a413e","26be2eae-5dde-416f-948c-78a4d6fb1b0a","1","","False"
"bb2b8e4d-3186-48ba-b5a4-d9fc8e512968","01a0aed7-0d9c-77d6-a6bb-ab30c2242301","1292a5cc-428b-4623-8162-b8c5309b7521","1","","False"
"a516ce4e-6fa5-44e0-be30-da49ef6dd0a6","01a0aed7-0d92-7645-9b04-50c1c92a413e","cfba1781-89a4-4df3-9aaa-73511ce1b332","1","","False"
"90a61353-4274-419e-8663-dcdf45bae0c3","01a0aed7-0d9b-7d5f-88ac-d6496cd106c2","ee5dbfaf-b885-4cb7-92bf-5b48278242e1","1","","False"
"bb70f4b4-9028-4ad3-a799-dd604d5e6f80","01a0aed7-0d9c-7c21-aba3-cae876591761","193eb6fb-1e10-4ebd-8d12-915350ac52f2","1","","False"
"863af69b-5296-4d05-9c27-df40f4607e6e","01a0aed7-0d9b-7a4c-a325-da6db71de414","bdfcc697-aa13-42b6-b399-a2554ffcdb50","1","","False"
"ab7f5f72-09a6-4823-a6fb-dfa817480f8a","01a0aed7-0d9a-7342-87e6-6a6d7940df03","10491c9d-5581-48f2-93f8-661b578b1a09","1","","False"
"90d2e16c-7529-49b5-88fe-e0382f7475d1","01a0aed7-0d98-7a7f-b6ec-17d03ff87111","3aab15e8-4210-4d81-8177-4ea1fb14b6d5","1","","False"
"a1eb8101-a739-4f34-a45e-e1b304dc2398","01a0aed7-0d98-7252-8fee-6f60da71062a","4ed4aa94-6ac3-4489-be20-63558eac87a4","1","","False"
"7a48809f-9ae3-4af8-acd5-e26d6a16d07b","01a0aed7-0d92-73ef-94c7-73b4ff88c5bf","9d7c20a5-6478-47e9-8f68-d4e207cdab10","1","","False"
"914bacb0-0ecb-442e-b15c-e345755ce651","01a0aed7-0d9b-7ff4-af2e-fc74b20f20f9","026de49e-cffb-4048-8b33-a9741baf7b80","1","","False"
"1b90fe89-de85-416f-8857-e5cc674501d9","01a0aed7-0d99-7b70-a156-0173e1576638","374ace7a-65ec-487b-8be3-d870affc4849","1","","False"
"45bb662d-50dc-45ca-bbc3-e62d69dbf045","01a0aed7-0d9b-7e44-b7b4-f6b65c889430","20407141-a9b0-4040-a8ef-4ef4cfd15150","1","","False"
"90e86210-abd1-4e5a-a880-e6a730d10eb1","01a0aed7-0d95-73ae-81e8-ee1a62ef0d29","f2c59a50-9d24-4d83-9437-5d404f72783f","1","","False"
"fe12142b-5427-4a25-93b0-e7058a2cae3e","01a0aed7-0d9b-7893-b3cf-4e64a24aa333","7bd4eff6-f3cc-47d4-878d-fa43a20802e6","1","","False"
"98698bd5-a0b3-49ea-bd8a-e791d790bacc","01a0aed7-0d9b-7699-a492-cf94f2c5dca3","0964b091-f9d6-4c88-b268-6fba015e6334","1","","False"
"26ebd573-cbab-48ff-8ab1-e87db2ea4d46","01a0aed7-0d98-7efa-b4d7-ea61dd6d200b","6f6b589e-674d-430a-8216-7f993483f6c2","1","","False"
"3ce44243-2b66-4fc7-97b0-e8dbcbb37c58","01a0aed7-0d9c-7f60-9948-133c13ff10fd","43d9a39d-d8b6-4342-8b45-a1280dc63076","1","","False"
"23303760-4889-49b3-9316-e9f5e0a72f17","01a0aed7-0d92-73ef-94c7-73b4ff88c5bf","4033ee27-30dc-4726-9a7b-8142db482f1c","1","","False"
"c56eb115-222d-4c81-82af-ebd07d54ba7e","01a0aed7-0d94-75bd-82fc-ff1d3ffd751a","1d41a0ee-a86e-47d7-8de7-9eb2c28c3d3d","1","","False"
"571182ac-578e-482e-88c9-ed00f8703fb7","01a0aed7-0d98-770b-bd75-ca1211c3992f","74d8a5dc-cfa9-488e-a179-707470e96b6b","1","","False"
"84153552-64b5-484c-8bcd-ee759756e2b6","01a0aed7-0d9b-787f-bf54-837f749652fe","7caad0b4-e9c5-4b3e-8d58-447fc316aa82","1","","False"
"8dd0bad6-831f-4645-96cf-ef375937bd58","01a0aed7-0d94-76c9-afd0-238e1a81c0f0","1a94b9b6-31a3-4808-ba80-27719ee16eeb","1","","False"
"83130b21-09d4-437f-a8a5-ef3ccd9e6f65","01a0aed7-0d95-7451-bf36-738eb1f1b948","f4ecf939-c9cd-4976-a01d-820af96de702","1","","False"
"7ab9fb94-b462-432a-b007-efcb8d9f7375","01a0aed7-0d9c-738d-b33b-3ab44394a971","adcfda29-360f-42b1-bea1-044a67edfece","1","","False"
"4a42fff4-8c1e-48b7-8e67-f1141b1ffc68","01a0aed7-0d99-7b61-837b-daa90d7bf28a","538bfa7d-5de8-46a4-8fd9-cf41fa227c7d","1","","False"
"b6d5f62a-9165-4272-ba12-f2a9a93453e8","01a0aed7-0d98-79fd-92df-e4d1b39d05e5","88ce7d0f-0208-477e-8c34-ca0daedd5d48","1","","False"
"3e8134cd-e4b4-40d1-9b95-f394fc5b859a","01a0aed7-0d9b-7450-ba29-d8a8195fe86e","d6e64dbb-3f6c-45e9-adde-208d54a5e748","1","","False"
"e6e0a082-9077-46bc-be52-f55046dce42c","01a0aed7-0d94-7188-9255-e6f7161b61bf","92cb5bcc-440d-4ae7-8180-86f02c98990f","1","","False"
"45623ef1-b61f-48e7-bb31-f68967022368","01a0aed7-0d9a-74dc-9a1e-010305b2407e","fb7330e2-db9a-480a-8a26-7753679f744c","1","","False"
"91c5b2f4-7d57-4dc0-89a0-f726cd973eee","01a0aed7-0d96-712f-bcda-99b3f22ea933","09ac58f5-3304-458e-ac8c-44c8a07587b4","1","","False"
"7a90acbe-15a8-4fe9-9928-f8459f70f419","01a0aed7-0d98-768b-a9ca-7ca2379d95ff","8033ec57-6ba1-49a6-8d01-868bf766850a","1","","False"
"e959fe79-90a2-4892-9e9d-f85ed5f953b6","01a0aed7-0d92-7585-8486-b6056a53f0b3","7e4dbb47-2d34-4981-bb50-49eddbb6e784","1","","False"
"cf80300b-1a6d-4bbf-b742-f8c4de7ac972","01a0aed7-0d9a-7b8f-89f7-30fd8e8888b3","20475fc3-152f-4da7-bf8c-36a8e2a41b91","1","","False"
"67d31424-e6e5-4dad-adab-fd1ab77863eb","01a0aed7-0d99-7d07-b5af-beafd791a0a5","c4a3a7c4-c4f4-4e1d-bdea-5b4524d5c326","1","","False"
"b2b84b5e-b851-4556-bd7f-fd700c8deceb","01a0aed7-0d96-7d3e-ae2f-f09c58173e44","a6e83d57-4e7c-4bef-8cc7-296f871627a9","1","","False"
"c1029436-824f-4712-8930-fdc346cfce00","01a0aed7-0d9b-7e43-9a73-201cbdd3b43b","ba9c0b09-a22e-478c-b6b8-d3ccb8528630","1","","False"
"3ecffeab-6f7a-4ddb-836e-ff44bf1489c1","01a0aed7-0d9b-79ad-b820-2f46af24290e","197d6e4c-f45f-4430-80a2-a505498c35a5","1","","False"
