"Id","SerialNumber","PlateNumberAr","PlateNumberEn","SponsorId","OperatingCityId","VehicleType","CurrentOperationalStatus","IsDeleted"
"01a0aed7-0d92-7e81-9465-0031add56b39","900642220","ه ا 2453","H A 2453","019c18d5-62e1-7000-8000-000000000041","019c18d5-62e1-7000-8000-000000000003","1","2","False"
"01a0aed7-0d9c-76ab-b692-0061f41da7d7","82223220","ا ط ن 4283","A T N 4283","019c18d5-62e1-7000-8000-000000000041","019c18d5-62e1-7000-8000-000000000003","2","1","False"
"01a0aed7-0d9a-74dc-9a1e-010305b2407e","663953220","ا ط د 3596","A T D 3596","019c18d5-62e1-7000-8000-000000000042","019c18d5-62e1-7000-8000-000000000003","2","2","False"
"01a0aed7-0d95-75ec-b906-01189a2ca524","65445020","ك ع 289","K E 289","019c18d5-62e1-7000-8000-000000000041","019c18d5-62e1-7000-8000-000000000003","1","1","False"
"01a0aed7-0d99-7b70-a156-0173e1576638","503153220","ا ط د 3398","A T D 3398","019c18d5-62e1-7000-8000-000000000042","019c18d5-62e1-7000-8000-000000000003","2","2","False"
"01a0aed7-0d94-7fca-8511-01c3ba1be2b1","478473220","ه ا 2978","H A 2978","019c18d5-62e1-7000-8000-000000000041","019c18d5-62e1-7000-8000-000000000003","1","2","False"
"01a0aed7-0d98-75a3-8624-01d83e15a106","413438120","ا ص س 2314","A X S 2314","019c18d5-62e1-7000-8000-000000000042","019c18d5-62e1-7000-8000-000000000003","2","2","False"
"01a0aed7-0d96-7f2f-b159-022ca4485cec","947506020","ط ا 6519","T A 6519","019c18d5-62e1-7000-8000-000000000041","019c18d5-62e1-7000-8000-000000000003","1","1","False"
"01a0aed7-0d95-7213-acb6-039462cb1a9d","896717220","ق ب 6963","G B 6963","019c18d5-62e1-7000-8000-000000000041","019c18d5-62e1-7000-8000-000000000005","1","1","False"
"01a0aed7-0d93-7e61-838f-03f370137fba","961973220","ه ا 3043","H A 3043","019c18d5-62e1-7000-8000-000000000041","019c18d5-62e1-7000-8000-000000000003","1","2","False"
"01a0aed7-0d9c-7554-9136-050caff0c15d","484223220","ا ط ن 3451","A T N 3451","019c18d5-62e1-7000-8000-000000000041","019c18d5-62e1-7000-8000-000000000003","2","2","False"
"01a0aed7-0d93-7758-a5ef-05233fae1252","828473220","ه ا 2973","H A 2973","019c18d5-62e1-7000-8000-000000000041","019c18d5-62e1-7000-8000-000000000003","1","2","False"
"01a0aed7-0d92-7f41-bda9-05954c6b310d","297435120","ح ب 1042","J B 1042","019c18d5-62e1-7000-8000-000000000041","019c18d5-62e1-7000-8000-000000000003","1","2","False"
"01a0aed7-0d9b-7f9c-bd5a-07123285f3a2","289404220","ا ط ط 1037","A T T 1037","019c18d5-62e1-7000-8000-000000000042","019c18d5-62e1-7000-8000-000000000005","2","7","False"
"01a0aed7-0d1a-7367-94af-07dfb1a9b82e","48426910","ا ط ب 2255","A T B 2255","019c18d5-62e1-7000-8000-000000000042","019c18d5-62e1-7000-8000-000000000005","2","1","False"
"01a0aed7-0d9d-78bc-bbc7-085ab4941b06","30223220","س ح د 5166","S J D 5166","019c18d5-62e1-7000-8000-000000000040","019c18d5-62e1-7000-8000-000000000003","2","2","False"
"01a0aed7-0d9c-79bd-b614-08c9a0870b57","591033220","ا ط ن 4236","A T N 4236","019c18d5-62e1-7000-8000-000000000041","019c18d5-62e1-7000-8000-000000000003","2","2","False"
"01a0aed7-0d96-71bd-8834-08dc7fc121fb","170586220","ه ا 9018","H A 9018","019c18d5-62e1-7000-8000-000000000041","019c18d5-62e1-7000-8000-000000000003","1","2","False"
"01a0aed7-0d98-7221-b843-097ac9b28941","213153220","ا ط د 3399","A T D 3399","019c18d5-62e1-7000-8000-000000000042","019c18d5-62e1-7000-8000-000000000003","2","1","False"
"01a0aed7-0d9a-7ce7-a7d9-09d233082532","792493220","س ب و 5461","S B U 5461","019c18d5-62e1-7000-8000-000000000042","019c18d5-62e1-7000-8000-000000000003","2","2","False"
"01a0aed7-0d9c-7821-9741-09e3d0f3e9b5","210223220","س ح د 5163","S J D 5163","019c18d5-62e1-7000-8000-000000000041","019c18d5-62e1-7000-8000-000000000003","2","2","False"
"01a0aed7-0d92-7852-b15e-09fbcfd74865","589694220","ه ا 3727","H A 3727","019c18d5-62e1-7000-8000-000000000041","019c18d5-62e1-7000-8000-000000000003","1","2","False"
"01a0aed7-0d9a-7c47-8ac2-0ac06d4e74e7","480353220","ا ط د 3362","A T D 3362","019c18d5-62e1-7000-8000-000000000042","019c18d5-62e1-7000-8000-000000000003","2","2","False"
"01a0aed7-0d96-73ee-b1dc-0b82d049f812","41727220","ق ب 6499","G B 6499","019c18d5-62e1-7000-8000-000000000041","019c18d5-62e1-7000-8000-000000000003","1","3","False"
"01a0aed7-0d94-78e7-937d-0d074f7a781a","820947020","ط ا 6665","T A 6665","019c18d5-62e1-7000-8000-000000000041","019c18d5-62e1-7000-8000-000000000003","1","2","False"
"01a0aed7-0d9c-78de-a743-0d1526db6751","754223220","س ح د 5276","S J D 5276","019c18d5-62e1-7000-8000-000000000041","019c18d5-62e1-7000-8000-000000000003","2","2","False"
"01a0aed7-0d92-7c54-be40-0d348a5ffc7d","727722120","د ا 3964","D A 3964","019c18d5-62e1-7000-8000-000000000041","019c18d5-62e1-7000-8000-000000000003","1","2","False"
"01a0aed7-0d97-7487-8545-0d9e0d771712","484862710","ا ع ا 3107","A E A 3107","019c18d5-62e1-7000-8000-000000000042","019c18d5-62e1-7000-8000-000000000005","2","2","False"
"01a0aed7-0d96-709f-a212-0de87becb90c","90573220","ه ا 2991","H A 2991","019c18d5-62e1-7000-8000-000000000041","019c18d5-62e1-7000-8000-000000000003","1","2","False"
"01a0aed7-0d93-7433-bd98-0decee2f9db8","209722120","د ا 3967","D A 3967","019c18d5-62e1-7000-8000-000000000041","019c18d5-62e1-7000-8000-000000000003","1","2","False"
"01a0aed7-0d93-7a85-82d0-0e2637a92a6e","992605220","ه ا 5804","H A 5804","019c18d5-62e1-7000-8000-000000000041","019c18d5-62e1-7000-8000-000000000003","1","2","False"
"01a0aed7-0d9a-70ab-afe7-0ea08f307fd0","844304220","س ب ن 5148","S B N 5148","019c18d5-62e1-7000-8000-000000000042","019c18d5-62e1-7000-8000-000000000003","2","4","False"
"01a0aed7-0d9c-7a80-aea9-0f46d5fed3bb","714123220","س ح د 5117","S J D 5117","019c18d5-62e1-7000-8000-000000000041","019c18d5-62e1-7000-8000-000000000003","2","2","False"
"01a0aed7-0d96-7108-808c-0f6a0644cb19","621242220","ه ا 2414","H A 2414","019c18d5-62e1-7000-8000-000000000041","019c18d5-62e1-7000-8000-000000000003","1","2","False"
"01a0aed7-0d98-7cd3-94de-0f7ff278a3cd","840438120","ا ص س 2330","A X S 2330","019c18d5-62e1-7000-8000-000000000042","019c18d5-62e1-7000-8000-000000000003","2","7","False"
"01a0aed7-0d91-7ebd-9b4d-0fc5a269ce6b","659694220","ه ا 3731","H A 3731","019c18d5-62e1-7000-8000-000000000041","019c18d5-62e1-7000-8000-000000000003","1","2","False"
"01a0aed7-0d98-764e-9847-0fe153f27033","659338120","ا ص س 2319","A X S 2319","019c18d5-62e1-7000-8000-000000000042","019c18d5-62e1-7000-8000-000000000003","2","1","False"
"01a0aed7-0d92-7020-9a99-1026f54bb7bc","459001120","ا ب 6065","A B 6065","019c18d5-62e1-7000-8000-000000000041","019c18d5-62e1-7000-8000-000000000003","1","6","False"
"01a0aed7-0d9b-7a30-a90c-106a62cd62f8","980604220","ا ط س 1082","A T S 1082","019c18d5-62e1-7000-8000-000000000042","019c18d5-62e1-7000-8000-000000000003","2","2","False"
"01a0aed7-0d9c-7d53-8ae2-107073497076","760223220","س ح د 5167","S J D 5167","019c18d5-62e1-7000-8000-000000000041","019c18d5-62e1-7000-8000-000000000003","2","2","False"
"01a0aed7-0d97-7491-a65a-10ed561a2696","9426910","ا ط ب 2286","A T B 2286","019c18d5-62e1-7000-8000-000000000040","019c18d5-62e1-7000-8000-000000000005","2","2","False"
"01a0aed7-0d9c-7026-8729-1107acfa349d","970223220","س ح د 5168","S J D 5168","019c18d5-62e1-7000-8000-000000000041","019c18d5-62e1-7000-8000-000000000005","2","2","False"
"01a0aed7-0d92-7280-b239-113fb91479c9","21101120","ا ب 6099","A B 6099","019c18d5-62e1-7000-8000-000000000041","019c18d5-62e1-7000-8000-000000000003","1","6","False"
"01a0aed7-0d93-7064-b98f-11892bc1e23c","423727220","ق ب 6471","G B 6471","019c18d5-62e1-7000-8000-000000000041","019c18d5-62e1-7000-8000-000000000003","1","3","False"
"01a0aed7-0d99-7511-93f1-11e9ff2e7d11","925123220","ا ط س 4137","A T S 4137","019c18d5-62e1-7000-8000-000000000042","019c18d5-62e1-7000-8000-000000000003","2","2","False"
"01a0aed7-0d94-7f03-8cea-12195d4738b6","769473220","ه ا 2984","H A 2984","019c18d5-62e1-7000-8000-000000000041","019c18d5-62e1-7000-8000-000000000003","1","2","False"
"01a0aed7-0d96-7b68-9b98-125cc77c2f3e","441765020","ك ع 853","K E 853","019c18d5-62e1-7000-8000-000000000041","019c18d5-62e1-7000-8000-000000000003","1","1","False"
"01a0aed7-0d94-7f6a-b46c-129cf83630e2","950573220","ه ا 2988","H A 2988","019c18d5-62e1-7000-8000-000000000041","019c18d5-62e1-7000-8000-000000000003","1","2","False"
"01a0aed7-0d9c-7ab1-97bb-12fa5f12a6e4","415123220","ا ط ي 3909","A T V 3909","019c18d5-62e1-7000-8000-000000000041","019c18d5-62e1-7000-8000-000000000003","2","2","False"
"01a0aed7-0d9c-7f60-9948-133c13ff10fd","146123220","ا ط ي 3038","A T V 3038","019c18d5-62e1-7000-8000-000000000041","019c18d5-62e1-7000-8000-000000000003","2","2","False"
"01a0aed7-0d96-73f1-bfcc-141ddbe962bb","129282020","ح ا 7056","J A 7056","019c18d5-62e1-7000-8000-000000000041","019c18d5-62e1-7000-8000-000000000003","1","6","False"
"01a0aed7-0d93-7309-b5f4-1429ca1c559c","679542220","ه ا 2450","H A 2450","019c18d5-62e1-7000-8000-000000000041","019c18d5-62e1-7000-8000-000000000003","1","2","False"
"01a0aed7-0d9a-7e40-bfd5-1447ae4bc8b3","102604220","ا ط س 1092","A T S 1092","019c18d5-62e1-7000-8000-000000000042","019c18d5-62e1-7000-8000-000000000003","2","2","False"
"01a0aed7-0d93-7a2f-9988-15a5e4bcc9d9","60136220","ه ا 6658","H A 6658","019c18d5-62e1-7000-8000-000000000041","019c18d5-62e1-7000-8000-000000000003","1","2","False"
"01a0aed7-0d97-788e-a6d5-165ff521f54f","529323710","ا ع ا 3102","A E A 3102","019c18d5-62e1-7000-8000-000000000040","019c18d5-62e1-7000-8000-000000000005","2","2","False"
"01a0aed7-0d95-7815-ae65-170efbee1cbd","721586220","ه ا 9051","H A 9051","019c18d5-62e1-7000-8000-000000000041","019c18d5-62e1-7000-8000-000000000003","1","2","False"
"01a0aed7-0d98-7f25-869b-1747c8d0cc70","303438120","ا ص س 2313","A X S 2313","019c18d5-62e1-7000-8000-000000000042","019c18d5-62e1-7000-8000-000000000003","2","2","False"
"01a0aed7-0d98-7a7f-b6ec-17d03ff87111","379338120","ا ص س 2321","A X S 2321","019c18d5-62e1-7000-8000-000000000042","019c18d5-62e1-7000-8000-000000000003","2","2","False"
"01a0aed7-0d93-706a-8b6c-18d1d94c19bd","282973220","ه ا 3048","H A 3048","019c18d5-62e1-7000-8000-000000000041","019c18d5-62e1-7000-8000-000000000003","1","2","False"
"01a0aed7-0d92-7cca-af0a-18f6ada8f7d7","125727220","ق ب 6481","G B 6481","019c18d5-62e1-7000-8000-000000000041","019c18d5-62e1-7000-8000-000000000003","1","3","False"
"01a0aed7-0d98-730d-90a4-192042ef1a62","419123220","ا ط س 4133","A T S 4133","019c18d5-62e1-7000-8000-000000000042","019c18d5-62e1-7000-8000-000000000003","2","2","False"
"01a0aed7-0d9c-75d0-abb2-19e99dfb3b29","163223220","س ح د 5271","S J D 5271","019c18d5-62e1-7000-8000-000000000041","019c18d5-62e1-7000-8000-000000000003","2","2","False"
"01a0aed7-0d92-7580-9ba1-1a6d636f8ce6","329694220","ه ا 3687","H A 3687","019c18d5-62e1-7000-8000-000000000041","019c18d5-62e1-7000-8000-000000000003","1","2","False"
"01a0aed7-0d95-7819-a4e0-1b2ab5fa5318","954727220","ق ب 6476","G B 6476","019c18d5-62e1-7000-8000-000000000041","019c18d5-62e1-7000-8000-000000000003","1","3","False"
"01a0aed7-0d99-79d8-9c14-1b8b7611c7e0","357404220","س ب ن 5165","S B N 5165","019c18d5-62e1-7000-8000-000000000042","019c18d5-62e1-7000-8000-000000000003","2","2","False"
"01a0aed7-0d9a-79af-afe9-1b97f72c8450","774953220","ا ط د 3599","A T D 3599","019c18d5-62e1-7000-8000-000000000042","019c18d5-62e1-7000-8000-000000000003","2","2","False"
"01a0aed7-0d94-7bba-9346-1bc8b3a813eb","698315220","ه ا 5794","H A 5794","019c18d5-62e1-7000-8000-000000000041","019c18d5-62e1-7000-8000-000000000003","1","2","False"
"01a0aed7-0d97-73d8-a5d9-1d03e567a979","469323710","ا ط ي 7708","A T V 7708","019c18d5-62e1-7000-8000-000000000040","019c18d5-62e1-7000-8000-000000000005","2","1","False"
"01a0aed7-0d96-7079-ac96-1d7220f1011c","851973220","ه ا 3042","H A 3042","019c18d5-62e1-7000-8000-000000000041","019c18d5-62e1-7000-8000-000000000003","1","2","False"
"01a0aed7-0d97-77af-879d-1f6edc9d028b","591528120","ر ه ي 9935","R H V 9935","019c18d5-62e1-7000-8000-000000000042","019c18d5-62e1-7000-8000-000000000003","2","2","False"
"01a0aed7-0d96-74da-99f1-201c67c27586","820005220","ه ا 5776","H A 5776","019c18d5-62e1-7000-8000-000000000041","019c18d5-62e1-7000-8000-000000000003","1","2","False"
"01a0aed7-0d9b-7e43-9a73-201cbdd3b43b","560604220","ا ط س 1079","A T S 1079","019c18d5-62e1-7000-8000-000000000042","019c18d5-62e1-7000-8000-000000000003","2","2","False"
"01a0aed7-0d95-7b2f-8b16-208933c713c0","409473220","ه ا 2979","H A 2979","019c18d5-62e1-7000-8000-000000000041","019c18d5-62e1-7000-8000-000000000003","1","2","False"
"01a0aed7-0d96-7716-807e-228ca5ce98fd","700994220","ه ا 5768","H A 5768","019c18d5-62e1-7000-8000-000000000041","019c18d5-62e1-7000-8000-000000000003","1","2","False"
"01a0aed7-0d95-7317-8231-22d842ba9505","308217220","ق ب 6348","G B 6348","019c18d5-62e1-7000-8000-000000000041","019c18d5-62e1-7000-8000-000000000005","1","2","False"
"01a0aed7-0d94-789a-8e35-22f7f7f16c9a","70573220","ه ا 2989","H A 2989","019c18d5-62e1-7000-8000-000000000041","019c18d5-62e1-7000-8000-000000000003","1","2","False"
"01a0aed7-0d94-76c9-afd0-238e1a81c0f0","630947020","ط ا 6333","T A 6333","019c18d5-62e1-7000-8000-000000000041","019c18d5-62e1-7000-8000-000000000003","1","6","False"
"01a0aed7-0d96-7ee5-adb4-23a64b9c7563","199473220","ه ا 2987","H A 2987","019c18d5-62e1-7000-8000-000000000041","019c18d5-62e1-7000-8000-000000000003","1","2","False"
"01a0aed7-0d95-7369-b426-23be2fd17c49","361586220","ه ا 9053","H A 9053","019c18d5-62e1-7000-8000-000000000041","019c18d5-62e1-7000-8000-000000000003","1","2","False"
"01a0aed7-0d95-7a38-948c-23e9867a734a","59694220","ه ا 3644","H A 3644","019c18d5-62e1-7000-8000-000000000041","019c18d5-62e1-7000-8000-000000000003","1","2","False"
"01a0aed7-0d98-7390-868e-266b1af2fb21","889338120","ا ص س 2324","A X S 2324","019c18d5-62e1-7000-8000-000000000042","019c18d5-62e1-7000-8000-000000000003","2","6","False"
"01a0aed7-0d92-7624-8dd9-272fb99ae1ef","734717220","ق ب 6955","G B 6955","019c18d5-62e1-7000-8000-000000000041","019c18d5-62e1-7000-8000-000000000003","1","3","False"
"01a0aed7-0d94-7df7-a69e-27910df330ed","17722120","د ا 3963","D A 3963","019c18d5-62e1-7000-8000-000000000041","019c18d5-62e1-7000-8000-000000000003","1","2","False"
"01a0aed7-0d94-7099-93ef-27b0c5e26b89","831101120","ا ب 6098","A B 6098","019c18d5-62e1-7000-8000-000000000041","019c18d5-62e1-7000-8000-000000000003","1","1","False"
"01a0aed7-0d95-7a41-98dc-285349a8789d","856594220","ق ب 5737","G B 5737","019c18d5-62e1-7000-8000-000000000041","019c18d5-62e1-7000-8000-000000000005","1","1","False"
"01a0aed7-0d99-7962-b288-2954a2aae621","182304220","س ب ن 5139","S B N 5139","019c18d5-62e1-7000-8000-000000000042","019c18d5-62e1-7000-8000-000000000003","2","2","False"
"01a0aed7-0d9c-7a2a-b238-29f69896c672","534123220","ا ط ي 3908","A T V 3908","019c18d5-62e1-7000-8000-000000000041","019c18d5-62e1-7000-8000-000000000003","2","6","False"
"01a0aed7-0d9c-7865-9506-2a707a39591d","107123220","ا ط ي 3036","A T V 3036","019c18d5-62e1-7000-8000-000000000041","019c18d5-62e1-7000-8000-000000000003","2","2","False"
"01a0aed7-0d95-7236-8353-2a8fa33e16f8","569205020","د ا 1910","D A 1910","019c18d5-62e1-7000-8000-000000000041","019c18d5-62e1-7000-8000-000000000003","1","2","False"
"01a0aed7-0d92-7690-95dd-2aad4a3b514e","882189020","ر ا 1419","R A 1419","019c18d5-62e1-7000-8000-000000000041","019c18d5-62e1-7000-8000-000000000003","1","2","False"
"01a0aed7-0d9b-77b5-ada5-2b569a247e08","570504220","س ب ن 5194","S B N 5194","019c18d5-62e1-7000-8000-000000000042","019c18d5-62e1-7000-8000-000000000005","2","2","False"
"01a0aed7-0d99-7628-97fd-2c9abc4fe50f","388404220","س ب ن 5176","S B N 5176","019c18d5-62e1-7000-8000-000000000042","019c18d5-62e1-7000-8000-000000000005","2","2","False"
"01a0aed7-0d95-78e0-8d85-2d854c134381","274727220","ق ب 6477","G B 6477","019c18d5-62e1-7000-8000-000000000041","019c18d5-62e1-7000-8000-000000000003","1","3","False"
"01a0aed7-0d92-729a-b033-2e1c985d856a","277229810","ا ص ه 6194","A X H 6194","019c18d5-62e1-7000-8000-000000000041","019c18d5-62e1-7000-8000-000000000003","2","6","False"
"01a0aed7-0d94-7cd3-89a5-2ed629a196e5","622699020","ر ا 1553","R A 1553","019c18d5-62e1-7000-8000-000000000041","019c18d5-62e1-7000-8000-000000000003","1","6","False"
"01a0aed7-0d96-75ec-9954-2efba1fb0614","372189020","ر ا 1418","R A 1418","019c18d5-62e1-7000-8000-000000000041","019c18d5-62e1-7000-8000-000000000003","1","6","False"
"01a0aed7-0d9b-79ad-b820-2f46af24290e","280604220","ا ط س 1081","A T S 1081","019c18d5-62e1-7000-8000-000000000042","019c18d5-62e1-7000-8000-000000000003","2","2","False"
"01a0aed7-0d91-7596-b567-2f5e741fedb2","703189020","ر ا 1423","R A 1423","019c18d5-62e1-7000-8000-000000000041","019c18d5-62e1-7000-8000-000000000003","1","2","False"
"01a0aed7-0d9b-7eb8-9500-2fcaeb55215e","540504220","س ب ن 5191","S B N 5191","019c18d5-62e1-7000-8000-000000000042","019c18d5-62e1-7000-8000-000000000005","2","2","False"
"01a0aed7-0d9a-7915-bf2e-3083dcc9ceec","132604220","ا ط س 1095","A T S 1095","019c18d5-62e1-7000-8000-000000000042","019c18d5-62e1-7000-8000-000000000003","2","2","False"
"01a0aed7-0d9a-7b8f-89f7-30fd8e8888b3","443953220","ا ط د 3595","A T D 3595","019c18d5-62e1-7000-8000-000000000042","019c18d5-62e1-7000-8000-000000000003","2","2","False"
"01a0aed7-0d92-768f-8e40-31775711c9d4","989542220","ه ا 2451","H A 2451","019c18d5-62e1-7000-8000-000000000041","019c18d5-62e1-7000-8000-000000000003","1","2","False"
"01a0aed7-0d9d-7c44-a5cc-321d4eb83c2f","341223220","س ح د 5173","S J D 5173","019c18d5-62e1-7000-8000-000000000040","019c18d5-62e1-7000-8000-000000000003","2","2","False"
"01a0aed7-0d9a-7f31-b2e6-322d26993e22","881353220","ا ط د 3411","A T D 3411","019c18d5-62e1-7000-8000-000000000042","019c18d5-62e1-7000-8000-000000000003","2","2","False"
"01a0aed7-0d94-722b-a4df-338d178ec1b2","629605220","ه ا 5812","H A 5812","019c18d5-62e1-7000-8000-000000000041","019c18d5-62e1-7000-8000-000000000003","1","2","False"
"01a0aed7-0d92-7b2f-b09f-342ec7e5ee73","372873120","ط ب 4168","T B 4168","019c18d5-62e1-7000-8000-000000000041","019c18d5-62e1-7000-8000-000000000003","1","2","False"
"01a0aed7-0d9a-7f4b-9899-3435d6f48a40","974304220","س ب ن 5152","S B N 5152","019c18d5-62e1-7000-8000-000000000042","019c18d5-62e1-7000-8000-000000000003","2","2","False"
"01a0aed7-0d9c-7b4c-9980-34747bb39c58","520223220","ا ط ن 4287","A T N 4287","019c18d5-62e1-7000-8000-000000000041","019c18d5-62e1-7000-8000-000000000003","2","2","False"
"01a0aed7-0d96-7258-ad41-34b0bd35e597","69894220","ه ا 5764","H A 5764","019c18d5-62e1-7000-8000-000000000041","019c18d5-62e1-7000-8000-000000000003","1","6","False"
"01a0aed7-0d9a-744d-8ad8-351f24e0a187","490353220","ا ط د 3363","A T D 3363","019c18d5-62e1-7000-8000-000000000042","019c18d5-62e1-7000-8000-000000000003","2","7","False"
"01a0aed7-0d97-7f52-9727-354594c2090d","87426910","ا ط ب 2284","A T B 2284","019c18d5-62e1-7000-8000-000000000040","019c18d5-62e1-7000-8000-000000000005","2","2","False"
"01a0aed7-0d94-7a0c-abe6-35677c726f9b","387506020","ط ا 6521","T A 6521","019c18d5-62e1-7000-8000-000000000041","019c18d5-62e1-7000-8000-000000000003","1","1","False"
"01a0aed7-0d92-7bbb-ad8f-35e3a2e88e11","397894220","ه ا 5762","H A 5762","019c18d5-62e1-7000-8000-000000000041","019c18d5-62e1-7000-8000-000000000003","1","2","False"
"01a0aed7-0d99-76b4-9d89-3777a4b85199","613153220","ا ط د 3400","A T D 3400","019c18d5-62e1-7000-8000-000000000042","019c18d5-62e1-7000-8000-000000000003","2","2","False"
"01a0aed7-0d9a-7250-b9b3-37e2455e7ec1","629404220","ا ط ط 1026","A T T 1026","019c18d5-62e1-7000-8000-000000000042","019c18d5-62e1-7000-8000-000000000005","2","2","False"
"01a0aed7-0d91-70df-abac-37fade6f414d","439694220","ه ا 3693","H A 3693","019c18d5-62e1-7000-8000-000000000041","019c18d5-62e1-7000-8000-000000000003","1","2","False"
"01a0aed7-0d91-7c91-af59-381acb3fef48","554717220","ق ب 6956","G B 6956","019c18d5-62e1-7000-8000-000000000041","019c18d5-62e1-7000-8000-000000000005","1","1","False"
"01a0aed7-0d99-77ea-ab5f-3831a5502a2d","887123220","ا ع س 2595","A E S 2595","019c18d5-62e1-7000-8000-000000000042","019c18d5-62e1-7000-8000-000000000003","2","4","False"
"01a0aed7-0d96-7dda-8866-386a07a98e36","790627220","ق ب 6301","G B 6301","019c18d5-62e1-7000-8000-000000000041","019c18d5-62e1-7000-8000-000000000003","1","3","False"
"01a0aed7-0d98-768c-9de4-38adf1e6334a","43153220","ا ط د 3320","A T D 3320","019c18d5-62e1-7000-8000-000000000042","019c18d5-62e1-7000-8000-000000000003","2","1","False"
"01a0aed7-0d9a-73bd-9aa9-396666b7d62b","822304220","ا ط ط 1036","A T T 1036","019c18d5-62e1-7000-8000-000000000042","019c18d5-62e1-7000-8000-000000000005","2","2","False"
"01a0aed7-0d9c-738d-b33b-3ab44394a971","328123220","ا ط ن 4288","A T N 4288","019c18d5-62e1-7000-8000-000000000041","019c18d5-62e1-7000-8000-000000000003","2","2","False"
"01a0aed7-0d96-792f-ab44-3aff1af3b24b","453727220","ق ب 6473","G B 6473","019c18d5-62e1-7000-8000-000000000041","019c18d5-62e1-7000-8000-000000000003","1","3","False"
"01a0aed7-0d94-7806-8d6b-3b0b61e13dae","777217220","ق ب 6347","G B 6347","019c18d5-62e1-7000-8000-000000000041","019c18d5-62e1-7000-8000-000000000003","1","3","False"
"01a0aed7-0d93-7998-94d0-3bcb5e64e6de","761032020","ح ا 6162","J A 6162","019c18d5-62e1-7000-8000-000000000041","019c18d5-62e1-7000-8000-000000000003","1","2","False"
"01a0aed7-0d9c-74ef-846f-3c7a627395bb","396123220","ا ط ي 3906","A T V 3906","019c18d5-62e1-7000-8000-000000000041","019c18d5-62e1-7000-8000-000000000003","2","2","False"
"01a0aed7-0d9c-7260-8f00-3cf04e38117b","797123220","س ح د 5146","S J D 5146","019c18d5-62e1-7000-8000-000000000041","019c18d5-62e1-7000-8000-000000000003","2","2","False"
"01a0aed7-0d92-74a5-95bf-3d937c0738fd","540416220","ه ا 6485","H A 6485","019c18d5-62e1-7000-8000-000000000041","019c18d5-62e1-7000-8000-000000000003","1","2","False"
"01a0aed7-0d9b-7508-9ef8-3dfdbce89914","641504220","س ب ن 5203","S B N 5203","019c18d5-62e1-7000-8000-000000000042","019c18d5-62e1-7000-8000-000000000003","2","2","False"
"01a0aed7-0d93-78ac-a090-3e530737bb97","405931020","ح ا 4766","J A 4766","019c18d5-62e1-7000-8000-000000000041","019c18d5-62e1-7000-8000-000000000003","1","6","False"
"01a0aed7-0d9b-74e5-b7bb-3f744fbdd384","771604220","ا ط س 1090","A T S 1090","019c18d5-62e1-7000-8000-000000000042","019c18d5-62e1-7000-8000-000000000003","2","2","False"
"01a0aed7-0d9a-7470-8255-3ff6d49b32e5","452304220","ا ط ط 1035","A T T 1035","019c18d5-62e1-7000-8000-000000000042","019c18d5-62e1-7000-8000-000000000005","2","2","False"
"01a0aed7-0d97-7fa0-98a4-401047cf31a7","843489910","ر س 864","R S 864","019c18d5-62e1-7000-8000-000000000042","019c18d5-62e1-7000-8000-000000000003","1","7","False"
"01a0aed7-0d9a-73bd-b321-40e3b9a1e80e","583953220","ا ط د 3600","A T D 3600","019c18d5-62e1-7000-8000-000000000042","019c18d5-62e1-7000-8000-000000000003","2","2","False"
"01a0aed7-0d9a-7e32-8431-41021c2359ea","700353220","ا ط د 3370","A T D 3370","019c18d5-62e1-7000-8000-000000000042","019c18d5-62e1-7000-8000-000000000003","2","2","False"
"01a0aed7-0d9b-7b0b-90ac-4119948b5eae","830604220","ا ط س 1076","A T S 1076","019c18d5-62e1-7000-8000-000000000042","019c18d5-62e1-7000-8000-000000000005","2","2","False"
"01a0aed7-0d97-765d-8e1c-411abc42e240","638472810","ه ص 587","H X 587","019c18d5-62e1-7000-8000-000000000042","019c18d5-62e1-7000-8000-000000000003","1","7","False"
"01a0aed7-0d99-7fa7-9f28-4149b008ff84","875123220","س ح د 5126","S J D 5126","019c18d5-62e1-7000-8000-000000000042","019c18d5-62e1-7000-8000-000000000003","2","2","False"
"01a0aed7-0d93-72d3-b9d6-41e09f144091","625242220","ه ا 2429","H A 2429","019c18d5-62e1-7000-8000-000000000041","019c18d5-62e1-7000-8000-000000000003","1","2","False"
"01a0aed7-0d95-74b8-ae32-4287ffd93718","435242220","ه ا 2430","H A 2430","019c18d5-62e1-7000-8000-000000000041","019c18d5-62e1-7000-8000-000000000003","1","2","False"
"01a0aed7-0d91-797f-9a59-42ffda8e3fff","658627220","ق ب 6488","G B 6488","019c18d5-62e1-7000-8000-000000000041","019c18d5-62e1-7000-8000-000000000003","1","3","False"
"01a0aed7-0d94-7b24-8115-432f5477d123","869994220","ه ا 5771","H A 5771","019c18d5-62e1-7000-8000-000000000041","019c18d5-62e1-7000-8000-000000000003","1","5","False"
"01a0aed7-0d9c-7b80-b6fe-43a6882b37d5","777123220","س ح د 5143","S J D 5143","019c18d5-62e1-7000-8000-000000000041","019c18d5-62e1-7000-8000-000000000003","2","2","False"
"01a0aed7-0d9b-7c57-8a81-43b6d3585311","752604220","ا ط س 1097","A T S 1097","019c18d5-62e1-7000-8000-000000000042","019c18d5-62e1-7000-8000-000000000003","2","2","False"
"01a0aed7-0d98-7cbc-bd90-44c1754d1208","750438120","ا ص س 2331","A X S 2331","019c18d5-62e1-7000-8000-000000000042","019c18d5-62e1-7000-8000-000000000003","2","6","False"
"01a0aed7-0d9d-7f94-825a-450b48f1c233","349123220","س ح د 5158","S J D 5158","019c18d5-62e1-7000-8000-000000000040","019c18d5-62e1-7000-8000-000000000003","2","7","False"
"01a0aed7-0d9b-7f27-9a27-452f4f7af394","692604220","ا ط س 1100","A T S 1100","019c18d5-62e1-7000-8000-000000000042","019c18d5-62e1-7000-8000-000000000003","2","7","False"
"01a0aed7-0d95-7683-8667-453232075d6a","551699020","ر ا 1557","R A 1557","019c18d5-62e1-7000-8000-000000000041","019c18d5-62e1-7000-8000-000000000003","1","2","False"
"01a0aed7-0d96-7adb-9302-463858c9777a","421627220","ق ب 6992","G B 6992","019c18d5-62e1-7000-8000-000000000041","019c18d5-62e1-7000-8000-000000000003","1","3","False"
"01a0aed7-0d93-7c4d-9fc3-465d0d560db0","641627220","ق ب 6993","G B 6993","019c18d5-62e1-7000-8000-000000000041","019c18d5-62e1-7000-8000-000000000003","1","3","False"
"01a0aed7-0d95-7aa0-9a11-4699b0f66ea0","277506020","ط ا 6520","T A 6520","019c18d5-62e1-7000-8000-000000000041","019c18d5-62e1-7000-8000-000000000003","1","6","False"
"01a0aed7-0d94-7a16-8b4f-4757fa4e4fc3","800705220","ه ا 5813","H A 5813","019c18d5-62e1-7000-8000-000000000041","019c18d5-62e1-7000-8000-000000000003","1","2","False"
"01a0aed7-0d95-7d27-9cd6-4785cfa21b43","584110120","ر ا 1676","R A 1676","019c18d5-62e1-7000-8000-000000000041","019c18d5-62e1-7000-8000-000000000003","1","1","False"
"01a0aed7-0d93-75f5-924f-48c5cc689ab9","745994220","ه ا 5758","H A 5758","019c18d5-62e1-7000-8000-000000000041","019c18d5-62e1-7000-8000-000000000003","1","2","False"
"01a0aed7-0d92-714e-b71b-497388be269c","77473220","ه ا 2972","H A 2972","019c18d5-62e1-7000-8000-000000000041","019c18d5-62e1-7000-8000-000000000003","1","2","False"
"01a0aed7-0d95-7b07-9f17-49cd623a59ff","294897510","د ا و 3911","D A U 3911","019c18d5-62e1-7000-8000-000000000041","019c18d5-62e1-7000-8000-000000000005","2","6","False"
"01a0aed7-0d9a-7e1e-ab4f-4a0dbf5e5725","950353220","ا ط د 3361","A T D 3361","019c18d5-62e1-7000-8000-000000000042","019c18d5-62e1-7000-8000-000000000003","2","2","False"
"01a0aed7-0d94-7e0f-a7a2-4a9fabe4aa65","239627220","ق ب 6492","G B 6492","019c18d5-62e1-7000-8000-000000000041","019c18d5-62e1-7000-8000-000000000003","1","3","False"
"01a0aed7-0d94-7d1a-877b-4ac50ca6f50e","485717220","ق ب 6960","G B 6960","019c18d5-62e1-7000-8000-000000000041","019c18d5-62e1-7000-8000-000000000005","1","2","False"
"01a0aed7-0d9a-7a6b-8a04-4be7497a61b8","42604220","ا ط س 1096","A T S 1096","019c18d5-62e1-7000-8000-000000000042","019c18d5-62e1-7000-8000-000000000005","2","2","False"
"01a0aed7-0d94-76ef-8a14-4cc814fd5ef4","186594220","ق ب 5739","G B 5739","019c18d5-62e1-7000-8000-000000000041","019c18d5-62e1-7000-8000-000000000005","1","2","False"
"01a0aed7-0d97-7831-bb72-4d5589340a7e","113489910","ر س 866","R S 866","019c18d5-62e1-7000-8000-000000000042","019c18d5-62e1-7000-8000-000000000003","1","7","False"
"01a0aed7-0d94-7e6d-bed9-4e26aa656462","457229810","ا ص ه 5193","A X H 5193","019c18d5-62e1-7000-8000-000000000041","019c18d5-62e1-7000-8000-000000000003","2","6","False"
"01a0aed7-0d94-75aa-96a4-4e54cbcfce37","696594220","ق ب 5742","G B 5742","019c18d5-62e1-7000-8000-000000000041","019c18d5-62e1-7000-8000-000000000005","1","5","False"
"01a0aed7-0d95-7cb3-8f68-4e5fe00d30c6","1586220","ه ا 3676","H A 3676","019c18d5-62e1-7000-8000-000000000041","019c18d5-62e1-7000-8000-000000000003","1","2","False"
"01a0aed7-0d9b-7893-b3cf-4e64a24aa333","67229810","ا ص ه 5194","A X H 5194","019c18d5-62e1-7000-8000-000000000040","019c18d5-62e1-7000-8000-000000000003","2","6","False"
"01a0aed7-0d94-72f2-866b-4e82eafb77bd","95705220","ه ا 5820","H A 5820","019c18d5-62e1-7000-8000-000000000041","019c18d5-62e1-7000-8000-000000000003","1","2","False"
"01a0aed7-0d9d-76ca-beda-4f0803329e39","503223220","س ح د 5268","S J D 5268","019c18d5-62e1-7000-8000-000000000040","019c18d5-62e1-7000-8000-000000000003","2","2","False"
"01a0aed7-0d91-74cc-9392-4f14ad871287","301573220","ه ا 2993","H A 2993","019c18d5-62e1-7000-8000-000000000041","019c18d5-62e1-7000-8000-000000000003","1","2","False"
"01a0aed7-0d99-7404-8caf-4ff331aca20b","232304220","ا ط ط 1031","A T T 1031","019c18d5-62e1-7000-8000-000000000042","019c18d5-62e1-7000-8000-000000000005","2","7","False"
"01a0aed7-0d94-7080-9df0-50869559ff45","960500120","ر ا 1565","R A 1565","019c18d5-62e1-7000-8000-000000000041","019c18d5-62e1-7000-8000-000000000003","1","2","False"
"01a0aed7-0d92-7645-9b04-50c1c92a413e","25445020","ك ع 292","K E 292","019c18d5-62e1-7000-8000-000000000041","019c18d5-62e1-7000-8000-000000000003","1","6","False"
"01a0aed7-0d99-79b8-beeb-51216d901521","640353220","ا ط د 3360","A T D 3360","019c18d5-62e1-7000-8000-000000000042","019c18d5-62e1-7000-8000-000000000003","2","2","False"
"01a0aed7-0d95-7a13-b10b-515017cb540a","232242220","ه ا 2417","H A 2417","019c18d5-62e1-7000-8000-000000000041","019c18d5-62e1-7000-8000-000000000003","1","2","False"
"01a0aed7-0d93-78c9-b721-51953362ba43","26933020","ح ا 8330","J A 8330","019c18d5-62e1-7000-8000-000000000041","019c18d5-62e1-7000-8000-000000000003","1","2","False"
"01a0aed7-0d93-7e17-8abd-519fce571ffb","334994220","ه ا 5769","H A 5769","019c18d5-62e1-7000-8000-000000000041","019c18d5-62e1-7000-8000-000000000003","1","2","False"
"01a0aed7-0d9c-7b41-920d-51a6f69b6193","906123220","ا ع د 7892","A E D 7892","019c18d5-62e1-7000-8000-000000000041","019c18d5-62e1-7000-8000-000000000003","2","1","False"
"01a0aed7-0d9a-77d2-96e7-52c32d28fc64","897404220","س ب ن 5169","S B N 5169","019c18d5-62e1-7000-8000-000000000042","019c18d5-62e1-7000-8000-000000000003","2","2","False"
"01a0aed7-0d9b-78d8-a474-54a086e26268","851504220","ا ع د 7894","A E D 7894","019c18d5-62e1-7000-8000-000000000042","019c18d5-62e1-7000-8000-000000000003","2","6","False"
"01a0aed7-0d9b-75d7-9242-54f80faf31b4","701504220","س ب ن 5198","S B N 5198","019c18d5-62e1-7000-8000-000000000042","019c18d5-62e1-7000-8000-000000000003","2","2","False"
"01a0aed7-0d94-7ab4-87b1-5563c9a4a7fe","480242220","ه ا 2413","H A 2413","019c18d5-62e1-7000-8000-000000000041","019c18d5-62e1-7000-8000-000000000003","1","2","False"
"01a0aed7-0d97-784c-a62e-55a0ba9820cd","730526910","ا ط ب 2285","A T B 2285","019c18d5-62e1-7000-8000-000000000040","019c18d5-62e1-7000-8000-000000000005","2","2","False"
"01a0aed7-0d9a-7c7f-8371-55a35c71140a","571353220","ا ط د 3410","A T D 3410","019c18d5-62e1-7000-8000-000000000042","019c18d5-62e1-7000-8000-000000000003","2","2","False"
"01a0aed7-0d93-790c-9b15-56a4ef2ea2db","855043120","د ب 9967","D B 9967","019c18d5-62e1-7000-8000-000000000041","019c18d5-62e1-7000-8000-000000000003","1","2","False"
"01a0aed7-0d9c-7a25-aec7-56a8c60c37aa","17123220","س ح د 5136","S J D 5136","019c18d5-62e1-7000-8000-000000000040","019c18d5-62e1-7000-8000-000000000003","2","2","False"
"01a0aed7-0d94-75e6-81b4-570a086287e8","205994220","ه ا 5751","H A 5751","019c18d5-62e1-7000-8000-000000000041","019c18d5-62e1-7000-8000-000000000003","1","2","False"
"01a0aed7-0d91-7c38-b3f4-57dae12ee34c","459473220","ه ا 2983","H A 2983","019c18d5-62e1-7000-8000-000000000041","019c18d5-62e1-7000-8000-000000000003","1","2","False"
"01a0aed7-0d93-7932-a85b-57f0bd7759ff","310994220","ق ب 5746","G B 5746","019c18d5-62e1-7000-8000-000000000041","019c18d5-62e1-7000-8000-000000000005","1","1","False"
"01a0aed7-0d95-79a6-9277-58662a368aad","479694220","ه ا 3729","H A 3729","019c18d5-62e1-7000-8000-000000000041","019c18d5-62e1-7000-8000-000000000003","1","2","False"
"01a0aed7-0d93-703d-9743-588dfb7c7d9c","105242220","ه ا 2427","H A 2427","019c18d5-62e1-7000-8000-000000000041","019c18d5-62e1-7000-8000-000000000003","1","2","False"
"01a0aed7-0d98-78cd-943b-58fe4b7d8ffb","282438120","ا ص س 2312","A X S 2312","019c18d5-62e1-7000-8000-000000000042","019c18d5-62e1-7000-8000-000000000003","2","2","False"
"01a0aed7-0d98-7c39-a2e1-598aad5a130c","812528120","ر ه ي 9936","R H V 9936","019c18d5-62e1-7000-8000-000000000042","019c18d5-62e1-7000-8000-000000000003","2","2","False"
"01a0aed7-0d93-7be9-897b-59ed0502f15b","993605220","ه ا 5806","H A 5806","019c18d5-62e1-7000-8000-000000000041","019c18d5-62e1-7000-8000-000000000003","1","2","False"
"01a0aed7-0d96-7fd5-8b6d-5b097a8db6c6","729679020","ر ا 1392","R A 1392","019c18d5-62e1-7000-8000-000000000041","019c18d5-62e1-7000-8000-000000000003","1","1","False"
"01a0aed7-0d9d-7fe5-893d-5c020e6256a5","418123220","ا ع د 7891","A E D 7891","019c18d5-62e1-7000-8000-000000000040","019c18d5-62e1-7000-8000-000000000003","2","2","False"
"01a0aed7-0d97-7755-a8ca-5c0c222eebb2","309679020","ر ا 1388","R A 1388","019c18d5-62e1-7000-8000-000000000042","019c18d5-62e1-7000-8000-000000000003","1","5","False"
"01a0aed7-0d91-78cf-ac29-5c260a320f95","21973220","ه ا 3037","H A 3037","019c18d5-62e1-7000-8000-000000000041","019c18d5-62e1-7000-8000-000000000003","1","2","False"
"01a0aed7-0d95-70fe-9f86-5c8c3b4b98f3","901586220","ه ا 9049","H A 9049","019c18d5-62e1-7000-8000-000000000041","019c18d5-62e1-7000-8000-000000000003","1","2","False"
"01a0aed7-0d96-7f82-aa52-5c8ca7ee95c0","962242220","ه ا 2418","H A 2418","019c18d5-62e1-7000-8000-000000000041","019c18d5-62e1-7000-8000-000000000003","1","2","False"
"01a0aed7-0d96-7058-b63a-5cf87063ad34","42642220","ه ا 2362","H A 2362","019c18d5-62e1-7000-8000-000000000041","019c18d5-62e1-7000-8000-000000000003","1","2","False"
"01a0aed7-0d9d-73a1-b5e4-5d3a3bb70add","76123220","س ح د 5132","S J D 5132","019c18d5-62e1-7000-8000-000000000040","019c18d5-62e1-7000-8000-000000000003","2","6","False"
"01a0aed7-0d93-7833-9a57-5ee587fd9bc1","767435120","ح ب 1041","J B 1041","019c18d5-62e1-7000-8000-000000000041","019c18d5-62e1-7000-8000-000000000003","1","2","False"
"01a0aed7-0d93-7231-993b-5f43817c6be5","654705220","ه ا 5816","H A 5816","019c18d5-62e1-7000-8000-000000000041","019c18d5-62e1-7000-8000-000000000003","1","1","False"
"01a0aed7-0d9b-7828-875c-5fb2dbbb3111","253223220","ا ط ن 4281","A T N 4281","019c18d5-62e1-7000-8000-000000000041","019c18d5-62e1-7000-8000-000000000003","2","2","False"
"01a0aed7-0d93-7381-8703-607df53829b5","750500120","ر ا 1608","R A 1608","019c18d5-62e1-7000-8000-000000000041","019c18d5-62e1-7000-8000-000000000003","1","2","False"
"01a0aed7-0d91-774b-94a4-60a05abb365e","218773120","ط ب 4174","T B 4174","019c18d5-62e1-7000-8000-000000000041","019c18d5-62e1-7000-8000-000000000003","1","2","False"
"01a0aed7-0d9d-700c-b363-60ffe6693828","724223220","س ح د 5274","S J D 5274","019c18d5-62e1-7000-8000-000000000040","019c18d5-62e1-7000-8000-000000000003","2","1","False"
"01a0aed7-0d99-7efc-bf8d-6277bf43e00b","533153220","ا ط د 3319","A T D 3319","019c18d5-62e1-7000-8000-000000000042","019c18d5-62e1-7000-8000-000000000003","2","2","False"
"01a0aed7-0d9a-76d7-9972-632ce778cdfb","619404220","س ب ن 5181","S B N 5181","019c18d5-62e1-7000-8000-000000000042","019c18d5-62e1-7000-8000-000000000003","2","2","False"
"01a0aed7-0d93-74f0-8ae4-633598b7caf4","631765020","ك ع 854","K E 854","019c18d5-62e1-7000-8000-000000000041","019c18d5-62e1-7000-8000-000000000003","1","2","False"
"01a0aed7-0d9c-7abb-b8e4-63f672000429","167123220","ا ط ي 3039","A T V 3039","019c18d5-62e1-7000-8000-000000000041","019c18d5-62e1-7000-8000-000000000003","2","2","False"
"01a0aed7-0d9a-79dd-b0af-64026687b5e3","558404220","س ب ن 5173","S B N 5173","019c18d5-62e1-7000-8000-000000000042","019c18d5-62e1-7000-8000-000000000003","2","2","False"
"01a0aed7-0d95-709d-9598-643b2ac39cc6","252189020","ر ا 1414","R A 1414","019c18d5-62e1-7000-8000-000000000041","019c18d5-62e1-7000-8000-000000000003","1","6","False"
"01a0aed7-0d99-75ed-a727-6465b0f94d99","651438120","ا ص س 2305","A X S 2305","019c18d5-62e1-7000-8000-000000000042","019c18d5-62e1-7000-8000-000000000003","2","2","False"
"01a0aed7-0d93-76be-a997-6465db5d5586","235445020","ك ع 291","K E 291","019c18d5-62e1-7000-8000-000000000041","019c18d5-62e1-7000-8000-000000000003","1","6","False"
"01a0aed7-0d9b-7740-b217-6508c213daa6","722604220","ا ط س 1094","A T S 1094","019c18d5-62e1-7000-8000-000000000042","019c18d5-62e1-7000-8000-000000000005","2","2","False"
"01a0aed7-0d93-7757-b3f6-654973cff838","937217220","ق ب 6346","G B 6346","019c18d5-62e1-7000-8000-000000000041","019c18d5-62e1-7000-8000-000000000003","1","3","False"
"01a0aed7-0d9b-71af-b9b9-65821dd175ef","282604220","ا ط س 1099","A T S 1099","019c18d5-62e1-7000-8000-000000000042","019c18d5-62e1-7000-8000-000000000005","2","2","False"
"01a0aed7-0d96-7fea-a03d-65965b3e7f39","110947020","ط ا 6606","T A 6606","019c18d5-62e1-7000-8000-000000000041","019c18d5-62e1-7000-8000-000000000003","1","1","False"
"01a0aed7-0d99-7094-802c-67d3101b5c8c","902438120","ا ص س 2322","A X S 2322","019c18d5-62e1-7000-8000-000000000042","019c18d5-62e1-7000-8000-000000000003","2","2","False"
"01a0aed7-0d97-7b22-bb90-67f300fa2c8e","112675610","د ر و 8223","D R U 8223","019c18d5-62e1-7000-8000-000000000040","019c18d5-62e1-7000-8000-000000000005","2","2","False"
"2d793da2-3c3e-44e6-b312-689c67bf9f8a","380942120","ا ص ن 4030","A S N 4030","019c18d5-62e1-7000-8000-000000000041","019c18d5-62e1-7000-8000-000000000005","2","1","False"
"01a0aed7-0d9c-7ac6-9eb2-68b9ba8c7b01","355123220","ا ط ي 3040","A T V 3040","019c18d5-62e1-7000-8000-000000000041","019c18d5-62e1-7000-8000-000000000003","2","2","False"
"01a0aed7-0d96-71e0-9bf5-68c90c997e48","509315220","ه ا 5793","H A 5793","019c18d5-62e1-7000-8000-000000000041","019c18d5-62e1-7000-8000-000000000003","1","2","False"
"01a0aed7-0d94-752a-8a75-68cac36f075a","275043120","د ب 9969","D B 9969","019c18d5-62e1-7000-8000-000000000041","019c18d5-62e1-7000-8000-000000000003","1","2","False"
"01a0aed7-0d94-7d9b-be01-68ff408b2cd9","40947020","ط ا 6999","T A 6999","019c18d5-62e1-7000-8000-000000000041","019c18d5-62e1-7000-8000-000000000003","1","1","False"
"01a0aed7-0d96-772b-8216-69150c5c75cd","273605220","ه ا 5805","H A 5805","019c18d5-62e1-7000-8000-000000000041","019c18d5-62e1-7000-8000-000000000003","1","2","False"
"01a0aed7-0d9c-7472-884e-698d5d2b6d49","287123220","ا ط ي 3910","A T V 3910","019c18d5-62e1-7000-8000-000000000041","019c18d5-62e1-7000-8000-000000000003","2","2","False"
"01a0aed7-0d98-7f86-abb1-6999c8315175","141438120","ا ص س 2304","A X S 2304","019c18d5-62e1-7000-8000-000000000042","019c18d5-62e1-7000-8000-000000000003","2","2","False"
"01a0aed7-0d9a-7342-87e6-6a6d7940df03","801353220","ا ط د 3364","A T D 3364","019c18d5-62e1-7000-8000-000000000042","019c18d5-62e1-7000-8000-000000000003","2","2","False"
"01a0aed7-0d93-7a1a-873b-6a9a3e965162","915994220","ه ا 5753","H A 5753","019c18d5-62e1-7000-8000-000000000041","019c18d5-62e1-7000-8000-000000000003","1","2","False"
"01a0aed7-0d94-7231-9f91-6b175e42a11c","194035120","ح ب 1032","J B 1032","019c18d5-62e1-7000-8000-000000000041","019c18d5-62e1-7000-8000-000000000003","1","2","False"
"01a0aed7-0d98-7b77-b79c-6b56398fe88b","29404220","ا ط ط 1039","A T T 1039","019c18d5-62e1-7000-8000-000000000042","019c18d5-62e1-7000-8000-000000000005","2","2","False"
"01a0aed7-0d93-71f2-b1cb-6bae5421ae57","223242220","ه ا 2425","H A 2425","019c18d5-62e1-7000-8000-000000000041","019c18d5-62e1-7000-8000-000000000003","1","2","False"
"01a0aed7-0d9a-7e9c-95b9-6cf8f6fcad33","948404220","ا ع د 8011","A E D 8011","019c18d5-62e1-7000-8000-000000000042","019c18d5-62e1-7000-8000-000000000003","2","6","False"
"01a0aed7-0d9c-7a6e-9c35-6d6aaa636fc2","4123220","س ح د 5116","S J D 5116","019c18d5-62e1-7000-8000-000000000040","019c18d5-62e1-7000-8000-000000000003","2","2","False"
"01a0aed7-0d93-7ccb-9ec5-6db5d374fdfd","549473220","ه ا 2982","H A 2982","019c18d5-62e1-7000-8000-000000000041","019c18d5-62e1-7000-8000-000000000003","1","2","False"
"01a0aed7-0d9a-7d02-850c-6ecf997cedca","41604220","ا ط س 1087","A T S 1087","019c18d5-62e1-7000-8000-000000000042","019c18d5-62e1-7000-8000-000000000003","2","2","False"
"01a0aed7-0d98-7252-8fee-6f60da71062a","132438120","ا ص س 2309","A X S 2309","019c18d5-62e1-7000-8000-000000000042","019c18d5-62e1-7000-8000-000000000003","2","2","False"
"01a0aed7-0d96-706d-b793-6fe33c3ec100","100005220","ه ا 5773","H A 5773","019c18d5-62e1-7000-8000-000000000041","019c18d5-62e1-7000-8000-000000000003","1","2","False"
"01a0aed7-0d98-7e47-a0b4-707748bbe1b9","730438120","ا ص س 2329","A X S 2329","019c18d5-62e1-7000-8000-000000000042","019c18d5-62e1-7000-8000-000000000005","2","6","False"
"01a0aed7-0d97-7fd6-88a9-70b218c60953","631386910","ا ع 647","A E 647","019c18d5-62e1-7000-8000-000000000042","019c18d5-62e1-7000-8000-000000000003","1","6","False"
"01a0aed7-0d91-7c90-8234-7118c43d863c","894110120","ر ا 1674","R A 1674","019c18d5-62e1-7000-8000-000000000041","019c18d5-62e1-7000-8000-000000000003","1","7","False"
"01a0aed7-0d95-7726-9602-722e85a6e01d","498722120","د ا 3966","D A 3966","019c18d5-62e1-7000-8000-000000000041","019c18d5-62e1-7000-8000-000000000003","1","2","False"
"01a0aed7-0d99-77f5-b880-72693bdd2bd5","277404220","س ب ن 5167","S B N 5167","019c18d5-62e1-7000-8000-000000000042","019c18d5-62e1-7000-8000-000000000003","2","2","False"
"01a0aed7-0d9a-734a-9a4c-72ae86af0917","514304220","س ب ن 5146","S B N 5146","019c18d5-62e1-7000-8000-000000000042","019c18d5-62e1-7000-8000-000000000003","2","2","False"
"01a0aed7-0d94-7dd3-bbdd-72dc8412b6ba","888627220","ق ب 6489","G B 6489","019c18d5-62e1-7000-8000-000000000041","019c18d5-62e1-7000-8000-000000000003","1","3","False"
"01a0aed7-0d95-7e1e-870d-737b305a3ba3","760416220","ه ا 6487","H A 6487","019c18d5-62e1-7000-8000-000000000041","019c18d5-62e1-7000-8000-000000000003","1","5","False"
"01a0aed7-0d95-7451-bf36-738eb1f1b948","147229810","ا ص ه 6196","A X H 6196","019c18d5-62e1-7000-8000-000000000041","019c18d5-62e1-7000-8000-000000000003","2","6","False"
"01a0aed7-0d92-73ef-94c7-73b4ff88c5bf","261765020","ك ع 851","K E 851","019c18d5-62e1-7000-8000-000000000041","019c18d5-62e1-7000-8000-000000000003","1","2","False"
"01a0aed7-0d93-7371-8995-73b52ddf1285","682242220","ه ا 2420","H A 2420","019c18d5-62e1-7000-8000-000000000041","019c18d5-62e1-7000-8000-000000000003","1","2","False"
"01a0aed7-0d94-715d-b756-7444b6b7a84f","268717220","ق ب 6965","G B 6965","019c18d5-62e1-7000-8000-000000000041","019c18d5-62e1-7000-8000-000000000005","1","2","False"
"01a0aed7-0d94-7664-b26b-74ba3409b865","215035120","ح ب 1029","J B 1029","019c18d5-62e1-7000-8000-000000000041","019c18d5-62e1-7000-8000-000000000003","1","2","False"
"01a0aed7-0d9b-755b-84cc-752ec69f8077","610604220","ا ط س 1075","A T S 1075","019c18d5-62e1-7000-8000-000000000042","019c18d5-62e1-7000-8000-000000000005","2","2","False"
"01a0aed7-0d92-7c35-b46f-7604f87db6fa","649400120","ر ا 1609","R A 1609","019c18d5-62e1-7000-8000-000000000041","019c18d5-62e1-7000-8000-000000000003","1","2","False"
"01a0aed7-0d9c-7931-97d1-77b328868271","595123220","س ح د 5127","S J D 5127","019c18d5-62e1-7000-8000-000000000041","019c18d5-62e1-7000-8000-000000000003","2","2","False"
"01a0aed7-0d91-76ca-a59a-77bedcffab52","821973220","ه ا 3038","H A 3038","019c18d5-62e1-7000-8000-000000000041","019c18d5-62e1-7000-8000-000000000003","1","2","False"
"01a0aed7-0d97-7bc7-9ac5-77e29336efcf","387494810","ا ط ي 7707","A T V 7707","019c18d5-62e1-7000-8000-000000000040","019c18d5-62e1-7000-8000-000000000005","2","2","False"
"01a0aed7-0d97-7bdc-bfa5-78b877b2b326","142494810","ا ط ي 7703","A T V 7703","019c18d5-62e1-7000-8000-000000000040","019c18d5-62e1-7000-8000-000000000005","2","6","False"
"01a0aed7-0d97-761a-98b6-78ecef34a253","654035120","ح ب 1036","J B 1036","019c18d5-62e1-7000-8000-000000000042","019c18d5-62e1-7000-8000-000000000003","1","5","False"
"fc47f34e-c617-4ecb-9783-792b6bc7f9a4","938547020","ر ك ه 4043","R K H 4043","019c18d5-62e1-7000-8000-000000000041","019c18d5-62e1-7000-8000-000000000005","2","1","False"
"01a0aed7-0d93-76d0-aecc-7a2186f62ae4","177817220","ق ب 6975","G B 6975","019c18d5-62e1-7000-8000-000000000041","019c18d5-62e1-7000-8000-000000000005","1","1","False"
"01a0aed7-0d94-7705-a333-7a2c6c3adef1","309773120","ط ب 4173","T B 4173","019c18d5-62e1-7000-8000-000000000041","019c18d5-62e1-7000-8000-000000000003","1","6","False"
"01a0aed7-0d99-7361-b2c5-7adf19ad3289","364304220","س ب ن 5150","S B N 5150","019c18d5-62e1-7000-8000-000000000042","019c18d5-62e1-7000-8000-000000000003","2","6","False"
"01a0aed7-0d9d-749c-b6f5-7b736478fa4d","483223220","س ح د 5273","S J D 5273","019c18d5-62e1-7000-8000-000000000040","019c18d5-62e1-7000-8000-000000000003","2","2","False"
"01a0aed7-0d92-77aa-9960-7bc1b0d992f3","898679020","ر ا 1389","R A 1389","019c18d5-62e1-7000-8000-000000000041","019c18d5-62e1-7000-8000-000000000003","1","2","False"
"01a0aed7-0d98-72c1-8c4b-7bf7d894e3d4","52438120","ا ص س 2310","A X S 2310","019c18d5-62e1-7000-8000-000000000042","019c18d5-62e1-7000-8000-000000000003","2","1","False"
"01a0aed7-0d96-791c-8f3e-7c7f79f4a7fd","264306220","ه ا 6381","H A 6381","019c18d5-62e1-7000-8000-000000000041","019c18d5-62e1-7000-8000-000000000003","1","2","False"
"01a0aed7-0d98-768b-a9ca-7ca2379d95ff","241353220","ا ط د 3368","A T D 3368","019c18d5-62e1-7000-8000-000000000042","019c18d5-62e1-7000-8000-000000000003","2","2","False"
"01a0aed7-0d93-7162-85aa-7cef5cad26df","287266710","ا ط ي 4954","A T V 4954","019c18d5-62e1-7000-8000-000000000041","019c18d5-62e1-7000-8000-000000000003","2","6","False"
"01a0aed7-0d97-7bda-a4cf-7d62f8bb98e2","869323710","ا ط ي 7705","A T V 7705","019c18d5-62e1-7000-8000-000000000040","019c18d5-62e1-7000-8000-000000000005","2","6","False"
"7ab2fe16-31bf-4c43-8fc6-7d7329d272d6","322629020","ا ص س 5142","A S S 5142","019c18d5-62e1-7000-8000-000000000041","019c18d5-62e1-7000-8000-000000000005","2","1","False"
"01a0aed7-0d97-7092-b5b6-7d8800c81b0d","960699020","ر ا 1558","R A 1558","019c18d5-62e1-7000-8000-000000000042","019c18d5-62e1-7000-8000-000000000003","1","5","False"
"01a0aed7-0d95-7936-b2e3-7da12b0c0c95","864035120","ح ب 1034","J B 1034","019c18d5-62e1-7000-8000-000000000041","019c18d5-62e1-7000-8000-000000000003","1","1","False"
"01a0aed7-0d93-73d1-964f-7e07bcf2334a","503089020","ر ا 1424","R A 1424","019c18d5-62e1-7000-8000-000000000041","019c18d5-62e1-7000-8000-000000000003","1","7","False"
"01a0aed7-0d9d-7133-a0f3-7e1b7e18c420","177123220","س ح د 5142","S J D 5142","019c18d5-62e1-7000-8000-000000000040","019c18d5-62e1-7000-8000-000000000003","2","2","False"
"01a0aed7-0d96-7f80-97a1-7e6bf05c65ea","51973220","ه ا 3041","H A 3041","019c18d5-62e1-7000-8000-000000000041","019c18d5-62e1-7000-8000-000000000003","1","2","False"
"01a0aed7-0d9a-72c1-a73d-7e9f29f1b22f","637404220","س ب ن 5163","S B N 5163","019c18d5-62e1-7000-8000-000000000042","019c18d5-62e1-7000-8000-000000000005","2","2","False"
"01a0aed7-0d92-7bad-bce8-7f0cca9939f1","549694220","ه ا 3646","H A 3646","019c18d5-62e1-7000-8000-000000000041","019c18d5-62e1-7000-8000-000000000003","1","2","False"
"01a0aed7-0d92-7b32-8354-8090b5c62fe3","267817220","ق ب 6974","G B 6974","019c18d5-62e1-7000-8000-000000000041","019c18d5-62e1-7000-8000-000000000003","1","3","False"
"01a0aed7-0d91-745e-9ff6-8091b338960c","639473220","ه ا 2981","H A 2981","019c18d5-62e1-7000-8000-000000000041","019c18d5-62e1-7000-8000-000000000003","1","2","False"
"01a0aed7-0d9a-7163-97cd-80f6cd770902","411353220","ا ط د 3365","A T D 3365","019c18d5-62e1-7000-8000-000000000042","019c18d5-62e1-7000-8000-000000000003","2","2","False"
"01a0aed7-0d99-70dc-a440-81d86a8d71dc","812353220","ا ط د 3414","A T D 3414","019c18d5-62e1-7000-8000-000000000042","019c18d5-62e1-7000-8000-000000000003","2","1","False"
"01a0aed7-0d9b-7db7-ab4a-81debe727d48","969404220","س ب ن 5186","S B N 5186","019c18d5-62e1-7000-8000-000000000042","019c18d5-62e1-7000-8000-000000000003","2","2","False"
"01a0aed7-0d94-74dd-9622-831730282fbc","251765020","ك ع 852","K E 852","019c18d5-62e1-7000-8000-000000000041","019c18d5-62e1-7000-8000-000000000003","1","6","False"
"01a0aed7-0d9b-787f-bf54-837f749652fe","270604220","ا ط س 1080","A T S 1080","019c18d5-62e1-7000-8000-000000000042","019c18d5-62e1-7000-8000-000000000005","2","2","False"
"01a0aed7-0d93-7e57-9ea1-846c7f93f1be","486594220","ق ب 5740","G B 5740","019c18d5-62e1-7000-8000-000000000041","019c18d5-62e1-7000-8000-000000000005","1","1","False"
"01a0aed7-0d96-7c7a-9df6-84f0b4696d29","728217220","ق ب 6349","G B 6349","019c18d5-62e1-7000-8000-000000000041","019c18d5-62e1-7000-8000-000000000005","1","2","False"
"01a0aed7-0d97-7247-aa75-85f0981548cf","115752810","د ه س 2646","D H S 2646","019c18d5-62e1-7000-8000-000000000040","019c18d5-62e1-7000-8000-000000000005","2","2","False"
"01a0aed7-0d9d-7756-b05b-863dc071158f","138123220","س ح د 5150","S J D 5150","019c18d5-62e1-7000-8000-000000000040","019c18d5-62e1-7000-8000-000000000003","2","2","False"
"01a0aed7-0d96-7acd-8441-8680c7d87cf1","692189020","ر ا 1421","R A 1421","019c18d5-62e1-7000-8000-000000000041","019c18d5-62e1-7000-8000-000000000003","1","2","False"
"01a0aed7-0d93-7367-bfc5-868ca3e174ce","745043120","د ب 9965","D B 9965","019c18d5-62e1-7000-8000-000000000041","019c18d5-62e1-7000-8000-000000000003","1","6","False"
"01a0aed7-0d98-7cb2-99af-87442c033528","222153220","ا ط د 3389","A T D 3389","019c18d5-62e1-7000-8000-000000000042","019c18d5-62e1-7000-8000-000000000003","2","2","False"
"01a0aed7-0d8f-797a-b9e6-886d4caccbc9","645342810","ا ط ب 1732","A T B 1732","019c18d5-62e1-7000-8000-000000000042","019c18d5-62e1-7000-8000-000000000005","2","2","False"
"01a0aed7-0d9b-713b-becc-890434383e8e","911504220","س ب ن 5199","S B N 5199","019c18d5-62e1-7000-8000-000000000042","019c18d5-62e1-7000-8000-000000000003","2","2","False"
"01a0aed7-0d97-7aa2-8d5c-8af0333bacbd","669400120","ر ا 1634","R A 1634","019c18d5-62e1-7000-8000-000000000042","019c18d5-62e1-7000-8000-000000000003","1","5","False"
"01a0aed7-0d9b-7606-80e4-8b0fd327c50f","928338120","ا ص س 2318","A X S 2318","019c18d5-62e1-7000-8000-000000000042","019c18d5-62e1-7000-8000-000000000003","2","6","False"
"01a0aed7-0d92-706f-9f7c-8b8a84a102d2","62189020","ر ا 1415","R A 1415","019c18d5-62e1-7000-8000-000000000041","019c18d5-62e1-7000-8000-000000000003","1","2","False"
"01a0aed7-0d95-7c0c-8874-8b8d28194e25","959205020","د ا 1909","D A 1909","019c18d5-62e1-7000-8000-000000000041","019c18d5-62e1-7000-8000-000000000003","1","2","False"
"01a0aed7-0d9c-7f52-bd25-8c60bcc29fa4","864223220","س ح د 5277","S J D 5277","019c18d5-62e1-7000-8000-000000000041","019c18d5-62e1-7000-8000-000000000003","2","2","False"
"01a0aed7-0d9b-75a3-8b51-8d81c29fbcc6","539404220","س ب ن 5184","S B N 5184","019c18d5-62e1-7000-8000-000000000042","019c18d5-62e1-7000-8000-000000000003","2","2","False"
"01a0aed7-0d9a-749b-85aa-8e10b00b37b7","687404220","س ب ن 5168","S B N 5168","019c18d5-62e1-7000-8000-000000000042","019c18d5-62e1-7000-8000-000000000003","2","2","False"
"01a0aed7-0d9b-7a32-ae9c-8ecd55b7e793","801604220","ا ط س 1084","A T S 1084","019c18d5-62e1-7000-8000-000000000042","019c18d5-62e1-7000-8000-000000000003","2","7","False"
"01a0aed7-0d92-7508-a27a-901c19003f69","613750710","ا ط ط 8687","A T T 8687","019c18d5-62e1-7000-8000-000000000041","019c18d5-62e1-7000-8000-000000000005","2","7","False"
"01a0aed7-0d94-795b-b18e-91404e38ae0b","771699020","ر ا 1556","R A 1556","019c18d5-62e1-7000-8000-000000000041","019c18d5-62e1-7000-8000-000000000003","1","2","False"
"01a0aed7-0d94-7ca6-b981-9264f437e60a","873717220","ق ب 6954","G B 6954","019c18d5-62e1-7000-8000-000000000041","019c18d5-62e1-7000-8000-000000000003","1","3","False"
"01a0aed7-0d96-7c55-b2ae-9301912ad702","368217220","ق ب 6350","G B 6350","019c18d5-62e1-7000-8000-000000000041","019c18d5-62e1-7000-8000-000000000005","1","1","False"
"01a0aed7-0d9c-7e82-9edf-933d8d388831","563123220","س ح د 5113","S J D 5113","019c18d5-62e1-7000-8000-000000000041","019c18d5-62e1-7000-8000-000000000003","2","7","False"
"01a0aed7-0d95-7754-8c08-9370dc0cee05","84705220","ه ا 5817","H A 5817","019c18d5-62e1-7000-8000-000000000041","019c18d5-62e1-7000-8000-000000000003","1","2","False"
"01a0aed7-0d9c-7414-a009-947c1b2be929","269123220","ا ط ن 4289","A T N 4289","019c18d5-62e1-7000-8000-000000000041","019c18d5-62e1-7000-8000-000000000003","2","2","False"
"01a0aed7-0d97-790a-a1d4-95082971b87c","937342810","د ه ك 5043","D H K 5043","019c18d5-62e1-7000-8000-000000000040","019c18d5-62e1-7000-8000-000000000005","2","6","False"
"01a0aed7-0d94-7b95-9ac2-959cde533b8b","203242220","ه ا 2422","H A 2422","019c18d5-62e1-7000-8000-000000000041","019c18d5-62e1-7000-8000-000000000003","1","6","False"
"01a0aed7-0d9c-7c66-abc4-9650fe87edd4","109123220","س ح د 5153","S J D 5153","019c18d5-62e1-7000-8000-000000000041","019c18d5-62e1-7000-8000-000000000003","2","6","False"
"01a0aed7-0d9c-7408-859b-9682f5403fa0","713123220","ا ط ن 4250","A T N 4250","019c18d5-62e1-7000-8000-000000000041","019c18d5-62e1-7000-8000-000000000003","2","4","False"
"01a0aed7-0d9b-7c4f-ba3c-9690ac918d51","190504220","س ب ن 5196","S B N 5196","019c18d5-62e1-7000-8000-000000000042","019c18d5-62e1-7000-8000-000000000005","2","2","False"
"01a0aed7-0d96-7fc6-a633-96c37dd44616","192194220","ق ب 5704","G B 5704","019c18d5-62e1-7000-8000-000000000041","019c18d5-62e1-7000-8000-000000000005","1","1","False"
"01a0aed7-0d9a-717b-a650-97709f8eb915","573953220","ا ط د 3597","A T D 3597","019c18d5-62e1-7000-8000-000000000042","019c18d5-62e1-7000-8000-000000000003","2","2","False"
"01a0aed7-0d95-7300-9d2d-9819d51025d9","372605220","ه ا 5803","H A 5803","019c18d5-62e1-7000-8000-000000000041","019c18d5-62e1-7000-8000-000000000003","1","2","False"
"01a0aed7-0d96-745b-8d04-985fda7e0bad","648473220","ه ا 2975","H A 2975","019c18d5-62e1-7000-8000-000000000041","019c18d5-62e1-7000-8000-000000000003","1","2","False"
"01a0aed7-0d95-70b9-907b-98866babf5c7","670424710","ا ط ي 4445","A T V 4445","019c18d5-62e1-7000-8000-000000000041","019c18d5-62e1-7000-8000-000000000003","2","1","False"
"01a0aed7-0d99-7a0a-88ff-9889306fa0db","335304220","س ب ن 5156","S B N 5156","019c18d5-62e1-7000-8000-000000000042","019c18d5-62e1-7000-8000-000000000005","2","2","False"
"01a0aed7-0d93-7810-9546-99297ffbefdc","90032020","ح ا 6158","J A 6158","019c18d5-62e1-7000-8000-000000000041","019c18d5-62e1-7000-8000-000000000003","1","1","False"
"01a0aed7-0d95-79fa-a5e0-998d7db9f17c","734035120","ح ب 1024","J B 1024","019c18d5-62e1-7000-8000-000000000041","019c18d5-62e1-7000-8000-000000000003","1","6","False"
"01a0aed7-0d9b-787f-b503-9998df1cd456","350604220","ا ط س 1078","A T S 1078","019c18d5-62e1-7000-8000-000000000042","019c18d5-62e1-7000-8000-000000000005","2","2","False"
"01a0aed7-0d96-712f-bcda-99b3f22ea933","155445020","ك ع 290","K E 290","019c18d5-62e1-7000-8000-000000000041","019c18d5-62e1-7000-8000-000000000003","1","1","False"
"01a0aed7-0d98-7447-bc67-9a010b3dd946","400438120","ا ص س 2325","A X S 2325","019c18d5-62e1-7000-8000-000000000042","019c18d5-62e1-7000-8000-000000000003","2","2","False"
"01a0aed7-0d96-7243-9a17-9a49c3d8fb96","899542220","ه ا 2452","H A 2452","019c18d5-62e1-7000-8000-000000000041","019c18d5-62e1-7000-8000-000000000003","1","2","False"
"01a0aed7-0d95-7945-9fc3-9b6427945cef","102242220","ه ا 2416","H A 2416","019c18d5-62e1-7000-8000-000000000041","019c18d5-62e1-7000-8000-000000000003","1","2","False"
"01a0aed7-0d99-7a48-8913-9b7b1707b32a","594223220","ا ط ل 7223","A T L 7223","019c18d5-62e1-7000-8000-000000000042","019c18d5-62e1-7000-8000-000000000003","2","2","False"
"01a0aed7-0d97-70dc-a448-9b8f6d993311","383327910","ب ع 241","B E 241","019c18d5-62e1-7000-8000-000000000042","019c18d5-62e1-7000-8000-000000000003","1","6","False"
"01a0aed7-0d92-7744-b7ca-9d6682da881a","405727220","ق ب 6480","G B 6480","019c18d5-62e1-7000-8000-000000000041","019c18d5-62e1-7000-8000-000000000003","1","3","False"
"01a0aed7-0d94-704f-8014-9d6bfe17573c","986594220","ق ب 5741","G B 5741","019c18d5-62e1-7000-8000-000000000041","019c18d5-62e1-7000-8000-000000000005","1","1","False"
"01a0aed7-0d92-7770-b5b8-9d6e5d2f80a4","513873120","ط ب 4166","T B 4166","019c18d5-62e1-7000-8000-000000000041","019c18d5-62e1-7000-8000-000000000003","1","2","False"
"01a0aed7-0d95-777e-9451-9dd3968b526d","492242220","ه ا 2421","H A 2421","019c18d5-62e1-7000-8000-000000000041","019c18d5-62e1-7000-8000-000000000003","1","2","False"
"01a0aed7-0d91-75a5-bd31-9eb21c19e6fd","768473220","ه ا 2977","H A 2977","019c18d5-62e1-7000-8000-000000000041","019c18d5-62e1-7000-8000-000000000003","1","2","False"
"01a0aed7-0d94-70ff-b6bd-9f95a6ed6f45","572242220","ه ا 2419","H A 2419","019c18d5-62e1-7000-8000-000000000041","019c18d5-62e1-7000-8000-000000000003","1","2","False"
"01a0aed7-0d9c-7284-ac3a-9fd250726469","131223220","س ح د 5172","S J D 5172","019c18d5-62e1-7000-8000-000000000041","019c18d5-62e1-7000-8000-000000000003","2","4","False"
"01a0aed7-0d94-78e2-b73a-a01bc07d62f1","505445020","ك ع 293","K E 293","019c18d5-62e1-7000-8000-000000000041","019c18d5-62e1-7000-8000-000000000003","1","1","False"
"01a0aed7-0d9c-748b-bab9-a0f7ff953d48","980223220","س ح د 5169","S J D 5169","019c18d5-62e1-7000-8000-000000000041","019c18d5-62e1-7000-8000-000000000003","2","2","False"
"01a0aed7-0d9c-7baa-850e-a155d055dd5d","301223220","س ح د 5170","S J D 5170","019c18d5-62e1-7000-8000-000000000041","019c18d5-62e1-7000-8000-000000000003","2","2","False"
"01a0aed7-0d9c-792a-9850-a175b8f12f38","674223220","س ح د 5278","S J D 5278","019c18d5-62e1-7000-8000-000000000041","019c18d5-62e1-7000-8000-000000000003","2","2","False"
"4d66daf5-ef0a-4715-b034-a269bd2e58ae","609547020","ر ك ه 4045","R K H 4045","019c18d5-62e1-7000-8000-000000000041","019c18d5-62e1-7000-8000-000000000005","2","1","False"
"01a0aed7-0d9c-7e08-971c-a3272534a3f7","339123220","ا ط ن 4286","A T N 4286","019c18d5-62e1-7000-8000-000000000041","019c18d5-62e1-7000-8000-000000000005","2","2","False"
"01a0aed7-0d9b-737e-b313-a389b27b7f62","289504220","ا ط س 1072","A T S 1072","019c18d5-62e1-7000-8000-000000000042","019c18d5-62e1-7000-8000-000000000005","2","2","False"
"01a0aed7-0d9a-7886-a8e5-a3daac387803","952304220","ا ط ط 1034","A T T 1034","019c18d5-62e1-7000-8000-000000000042","019c18d5-62e1-7000-8000-000000000005","2","7","False"
"01a0aed7-0d94-7e1f-90c2-a404f698ac67","915035120","ح ب 1028","J B 1028","019c18d5-62e1-7000-8000-000000000041","019c18d5-62e1-7000-8000-000000000003","1","2","False"
"01a0aed7-0d92-727b-a322-a405202f2ba2","964306220","ه ا 6379","H A 6379","019c18d5-62e1-7000-8000-000000000041","019c18d5-62e1-7000-8000-000000000003","1","2","False"
"01a0aed7-0d9b-78e7-83d8-a429a25aa5ea","361604220","ا ط س 1089","A T S 1089","019c18d5-62e1-7000-8000-000000000042","019c18d5-62e1-7000-8000-000000000005","2","1","False"
"01a0aed7-0d98-755d-9c5b-a48d10991f71","310438120","ا ص س 2326","A X S 2326","019c18d5-62e1-7000-8000-000000000042","019c18d5-62e1-7000-8000-000000000003","2","2","False"
"01a0aed7-0d99-77eb-9c75-a5720482dc7d","882123220","ا ط س 4135","A T S 4135","019c18d5-62e1-7000-8000-000000000042","019c18d5-62e1-7000-8000-000000000005","2","2","False"
"01a0aed7-0d92-76c7-8586-a6a9f350ec16","303189020","ر ا 1422","R A 1422","019c18d5-62e1-7000-8000-000000000041","019c18d5-62e1-7000-8000-000000000003","1","6","False"
"01a0aed7-0d9a-7180-bd48-a70c406cc3da","983304220","س ب ن 5145","S B N 5145","019c18d5-62e1-7000-8000-000000000042","019c18d5-62e1-7000-8000-000000000005","2","2","False"
"01a0aed7-0d92-70a6-bbd8-a7a03b25e5a3","17627220","ق ب 6989","G B 6989","019c18d5-62e1-7000-8000-000000000041","019c18d5-62e1-7000-8000-000000000003","1","3","False"
"01a0aed7-0d97-713e-9026-a81fbca28fde","515342810","ا ط ب 1848","A T B 1848","019c18d5-62e1-7000-8000-000000000040","019c18d5-62e1-7000-8000-000000000005","2","2","False"
"01a0aed7-0d92-703e-aa5f-a87804bcb362","488722120","د ا 3965","D A 3965","019c18d5-62e1-7000-8000-000000000041","019c18d5-62e1-7000-8000-000000000003","1","2","False"
"01a0aed7-0d9a-7185-98bc-a91158b5f1de","927404220","س ب ن 5162","S B N 5162","019c18d5-62e1-7000-8000-000000000042","019c18d5-62e1-7000-8000-000000000003","2","2","False"
"01a0aed7-0d9c-71a7-a631-aa430ad32e66","43123220","ا ط ن 4229","A T N 4229","019c18d5-62e1-7000-8000-000000000041","019c18d5-62e1-7000-8000-000000000005","2","2","False"
"01a0aed7-0d96-711b-8d0e-aa77b730ad58","970573220","ه ا 2990","H A 2990","019c18d5-62e1-7000-8000-000000000041","019c18d5-62e1-7000-8000-000000000003","1","2","False"
"01a0aed7-0d9b-789a-b1c2-aab56d6aead1","660504220","س ب ن 5193","S B N 5193","019c18d5-62e1-7000-8000-000000000042","019c18d5-62e1-7000-8000-000000000003","2","6","False"
"01a0aed7-0d9b-77ed-bc06-ab23c94c8977","949404220","س ب ن 5185","S B N 5185","019c18d5-62e1-7000-8000-000000000042","019c18d5-62e1-7000-8000-000000000003","2","2","False"
"01a0aed7-0d9c-77d6-a6bb-ab30c2242301","29123220","ا ط ن 4285","A T N 4285","019c18d5-62e1-7000-8000-000000000041","019c18d5-62e1-7000-8000-000000000003","2","2","False"
"01a0aed7-0d94-745f-8605-ab3e69705230","438973910","ب س ل 4783","B S L 4783","019c18d5-62e1-7000-8000-000000000041","019c18d5-62e1-7000-8000-000000000005","2","2","False"
"01a0aed7-0d99-7879-8af4-ab424094e023","305304220","س ب ن 5153","S B N 5153","019c18d5-62e1-7000-8000-000000000042","019c18d5-62e1-7000-8000-000000000005","2","2","False"
"01a0aed7-0d96-75ea-a765-ab4535b59124","715242220","ه ا 2428","H A 2428","019c18d5-62e1-7000-8000-000000000041","019c18d5-62e1-7000-8000-000000000003","1","2","False"
"01a0aed7-0d92-7dc1-9be6-abcf129a3517","689473220","ه ا 2986","H A 2986","019c18d5-62e1-7000-8000-000000000041","019c18d5-62e1-7000-8000-000000000003","1","2","False"
"01a0aed7-0d97-7428-957f-ac3b94687ba6","33489910","ر س 867","R S 867","019c18d5-62e1-7000-8000-000000000042","019c18d5-62e1-7000-8000-000000000003","1","7","False"
"01a0aed7-0d96-7f40-9c56-adc2f525c4b0","233242220","ه ا 2426","H A 2426","019c18d5-62e1-7000-8000-000000000041","019c18d5-62e1-7000-8000-000000000003","1","2","False"
"01a0aed7-0d95-7816-aff0-ae51faed07df","15110120","ر ا 1673","R A 1673","019c18d5-62e1-7000-8000-000000000041","019c18d5-62e1-7000-8000-000000000003","1","2","False"
"01a0aed7-0d9a-77ec-b1a3-aebd6ee2efd9","534304220","س ب ن 5147","S B N 5147","019c18d5-62e1-7000-8000-000000000042","019c18d5-62e1-7000-8000-000000000003","2","2","False"
"01a0aed7-0d9a-7451-97e8-aeebd8da7b9c","668404220","1986 أ ع س","1986 S E A","019c18d5-62e1-7000-8000-000000000042","019c18d5-62e1-7000-8000-000000000003","2","1","False"
"01a0aed7-0d99-7444-8ec1-af203c94ef40","265304220","س ب ن 5158","S B N 5158","019c18d5-62e1-7000-8000-000000000042","019c18d5-62e1-7000-8000-000000000003","2","2","False"
"01a0aed7-0d9d-7fd7-b4b9-af27f509ca55","732223220","س ح د 5264","S J D 5264","019c18d5-62e1-7000-8000-000000000040","019c18d5-62e1-7000-8000-000000000003","2","2","False"
"01a0aed7-0d95-731d-8b68-b01d117bb64b","189994220","ه ا 5772","H A 5772","019c18d5-62e1-7000-8000-000000000041","019c18d5-62e1-7000-8000-000000000003","1","2","False"
"01a0aed7-0d91-779f-bf73-b1291082cad1","411242220","ه ا 2415","H A 2415","019c18d5-62e1-7000-8000-000000000041","019c18d5-62e1-7000-8000-000000000003","1","1","False"
"01a0aed7-0d99-71c7-a1db-b12b9fd0f780","633438120","ا ص س 2315","A X S 2315","019c18d5-62e1-7000-8000-000000000042","019c18d5-62e1-7000-8000-000000000003","2","4","False"
"01a0aed7-0d9a-73b8-a1ee-b1371735a040","817404220","س ب ن 5161","S B N 5161","019c18d5-62e1-7000-8000-000000000042","019c18d5-62e1-7000-8000-000000000003","2","7","False"
"01a0aed7-0d9a-7f15-8964-b13dd24271b3","654304220","1988 أ ع س","1988 S E A","019c18d5-62e1-7000-8000-000000000042","019c18d5-62e1-7000-8000-000000000003","2","2","False"
"01a0aed7-0d95-71bb-be22-b1a85c382b8c","681973220","ه ا 3044","H A 3044","019c18d5-62e1-7000-8000-000000000041","019c18d5-62e1-7000-8000-000000000003","1","2","False"
"01a0aed7-0d93-7cd8-94f2-b2258fd65d74","162642220","ه ا 2396","H A 2396","019c18d5-62e1-7000-8000-000000000041","019c18d5-62e1-7000-8000-000000000003","1","1","False"
"01a0aed7-0d96-7521-9d4f-b2b959360d1f","710705220","ه ا 5814","H A 5814","019c18d5-62e1-7000-8000-000000000041","019c18d5-62e1-7000-8000-000000000003","1","2","False"
"01a0aed7-0d99-7825-9b7a-b2d4c63dae1e","242304220","س ب ن 5135","S B N 5135","019c18d5-62e1-7000-8000-000000000042","019c18d5-62e1-7000-8000-000000000003","2","2","False"
"01a0aed7-0d97-7ac8-aee0-b449b08998f9","865666510","ا ط ي 7704","A T V 7704","019c18d5-62e1-7000-8000-000000000040","019c18d5-62e1-7000-8000-000000000003","2","6","False"
"01a0aed7-0d97-7e0b-80a8-b464ce8f489c","92733810","د و ع 9057","D U E 9057","019c18d5-62e1-7000-8000-000000000040","019c18d5-62e1-7000-8000-000000000005","2","2","False"
"01a0aed7-0d99-79ec-bd53-b47a909c81a1","92304220","س ب ن 5140","S B N 5140","019c18d5-62e1-7000-8000-000000000042","019c18d5-62e1-7000-8000-000000000003","2","2","False"
"01a0aed7-0d9b-7278-8fed-b49826135029","631504220","س ب ن 5202","S B N 5202","019c18d5-62e1-7000-8000-000000000042","019c18d5-62e1-7000-8000-000000000003","2","2","False"
"01a0aed7-0d94-732d-b055-b4ea63d891ec","320642220","ه ا 2454","H A 2454","019c18d5-62e1-7000-8000-000000000041","019c18d5-62e1-7000-8000-000000000003","1","2","False"
"01a0aed7-0d9b-7f98-a44a-b4eeb39d3873","510504220","ا ط ط 1038","A T T 1038","019c18d5-62e1-7000-8000-000000000042","019c18d5-62e1-7000-8000-000000000005","2","1","False"
"01a0aed7-0d92-7ad2-92c6-b54e75220017","781727220","ق ب 6462","G B 6462","019c18d5-62e1-7000-8000-000000000041","019c18d5-62e1-7000-8000-000000000003","1","3","False"
"01a0aed7-0d99-7772-8a6c-b5ebb29d233f","322304220","ا ط ط 1030","A T T 1030","019c18d5-62e1-7000-8000-000000000042","019c18d5-62e1-7000-8000-000000000005","2","2","False"
"01a0aed7-0d92-7585-8486-b6056a53f0b3","658125710","ا ط ط 8659","A T T 8659","019c18d5-62e1-7000-8000-000000000041","019c18d5-62e1-7000-8000-000000000003","2","6","False"
"01a0aed7-0d93-7d1a-b7e2-b7c2a245cacb","614471810","ا ط ط 8686","A T T 8686","019c18d5-62e1-7000-8000-000000000041","019c18d5-62e1-7000-8000-000000000003","2","2","False"
"01a0aed7-0d9a-73f9-924a-b81953941bc7","678404220","س ب ن 5175","S B N 5175","019c18d5-62e1-7000-8000-000000000042","019c18d5-62e1-7000-8000-000000000003","2","2","False"
"01a0aed7-0d92-77e6-beb7-b835929b6015","239717220","ق ب 6967","G B 6967","019c18d5-62e1-7000-8000-000000000041","019c18d5-62e1-7000-8000-000000000005","1","2","False"
"01a0aed7-0d9c-7ece-bd82-b861de8e976f","54123220","ا ط ن 4282","A T N 4282","019c18d5-62e1-7000-8000-000000000041","019c18d5-62e1-7000-8000-000000000003","2","2","False"
"01a0aed7-0d93-7f87-89c5-b87f6eab5076","968894220","ه ا 5763","H A 5763","019c18d5-62e1-7000-8000-000000000041","019c18d5-62e1-7000-8000-000000000003","1","2","False"
"01a0aed7-0d9b-7422-bf60-b98078ec45aa","212604220","ا ط س 1093","A T S 1093","019c18d5-62e1-7000-8000-000000000042","019c18d5-62e1-7000-8000-000000000003","2","2","False"
"01a0aed7-0d93-7377-b3bf-bb191c375d20","769694220","ه ا 3730","H A 3730","019c18d5-62e1-7000-8000-000000000041","019c18d5-62e1-7000-8000-000000000003","1","2","False"
"01a0aed7-0d99-74c3-af5c-bb39aadfca8f","656123220","ا ط س 4132","A T S 4132","019c18d5-62e1-7000-8000-000000000042","019c18d5-62e1-7000-8000-000000000003","2","2","False"
"01a0aed7-0d92-7ff8-8225-bb7918e7fd61","664306220","ه ا 6380","H A 6380","019c18d5-62e1-7000-8000-000000000041","019c18d5-62e1-7000-8000-000000000003","1","2","False"
"01a0aed7-0d96-7569-acde-bbcdcf6dbe36","379473220","ه ا 2985","H A 2985","019c18d5-62e1-7000-8000-000000000041","019c18d5-62e1-7000-8000-000000000003","1","5","False"
"01a0aed7-0d91-7889-bdd4-bbcfbb210239","53627220","ق ب 6998","G B 6998","019c18d5-62e1-7000-8000-000000000041","019c18d5-62e1-7000-8000-000000000003","1","3","False"
"01a0aed7-0d96-759e-a81b-bcbdf70351f3","82642220","ه ا 2410","H A 2410","019c18d5-62e1-7000-8000-000000000041","019c18d5-62e1-7000-8000-000000000003","1","2","False"
"01a0aed7-0d95-7e97-b1d1-bdc256233a67","411032020","ح ا 6159","J A 6159","019c18d5-62e1-7000-8000-000000000041","019c18d5-62e1-7000-8000-000000000003","1","2","False"
"01a0aed7-0d94-7dc9-adb0-be2c63ef49c8","910005220","ه ا 5774","H A 5774","019c18d5-62e1-7000-8000-000000000041","019c18d5-62e1-7000-8000-000000000003","1","2","False"
"01a0aed7-0d99-7d07-b5af-beafd791a0a5","1604220","ا ط س 1083","A T S 1083","019c18d5-62e1-7000-8000-000000000042","019c18d5-62e1-7000-8000-000000000003","2","2","False"
"01a0aed7-0d97-75b1-9b2a-bf64d36125ff","183185710","ا ع ا 3101","A E A 3101","019c18d5-62e1-7000-8000-000000000040","019c18d5-62e1-7000-8000-000000000005","2","1","False"
"01a0aed7-0d93-7c75-a91d-c0bb61278039","413242220","ه ا 2423","H A 2423","019c18d5-62e1-7000-8000-000000000041","019c18d5-62e1-7000-8000-000000000003","1","2","False"
"01a0aed7-0d91-76cf-a4b8-c158facd97a7","271727220","ق ب 6463","G B 6463","019c18d5-62e1-7000-8000-000000000041","019c18d5-62e1-7000-8000-000000000003","1","3","False"
"01a0aed7-0d9a-77ae-9e93-c35bcedefa60","647404220","س ب ن 5164","S B N 5164","019c18d5-62e1-7000-8000-000000000042","019c18d5-62e1-7000-8000-000000000005","2","7","False"
"01a0aed7-0d9b-7a01-9287-c4625ed77138","21223220","ا ط ن 4228","A T N 4228","019c18d5-62e1-7000-8000-000000000041","019c18d5-62e1-7000-8000-000000000005","2","2","False"
"01a0aed7-0d93-7887-bd17-c51b492bc499","690305020","د ا 1911","D A 1911","019c18d5-62e1-7000-8000-000000000041","019c18d5-62e1-7000-8000-000000000003","1","2","False"
"01a0aed7-0d9b-7788-a97d-c53c316508ee","790504220","ا ع س 2431","A E S 2431","019c18d5-62e1-7000-8000-000000000042","019c18d5-62e1-7000-8000-000000000003","2","4","False"
"01a0aed7-0d9d-752b-8e7a-c56f9328bd43","527123220","س ح د 5137","S J D 5137","019c18d5-62e1-7000-8000-000000000040","019c18d5-62e1-7000-8000-000000000003","2","2","False"
"01a0aed7-0d93-7bd5-9e21-c66663c12c19","346717220","ق ب 6961","G B 6961","019c18d5-62e1-7000-8000-000000000041","019c18d5-62e1-7000-8000-000000000005","1","1","False"
"01a0aed7-0d98-74d4-8ed9-c6c002b27f3d","669338120","ا ص س 2320","A X S 2320","019c18d5-62e1-7000-8000-000000000042","019c18d5-62e1-7000-8000-000000000003","2","2","False"
"01a0aed7-0d9c-73bd-943f-c8428b261c3e","547123220","س ح د 5139","S J D 5139","019c18d5-62e1-7000-8000-000000000041","019c18d5-62e1-7000-8000-000000000003","2","1","False"
"01a0aed7-0d93-7c0f-bde0-c8cc81f92a94","419679020","ر ا 1380","R A 1380","019c18d5-62e1-7000-8000-000000000041","019c18d5-62e1-7000-8000-000000000003","1","6","False"
"01a0aed7-0d93-7bc3-80ed-c9c28f999313","391699020","ر ا 1554","R A 1554","019c18d5-62e1-7000-8000-000000000041","019c18d5-62e1-7000-8000-000000000003","1","2","False"
"01a0aed7-0d98-770b-bd75-ca1211c3992f","31353220","ا ط د 3367","A T D 3367","019c18d5-62e1-7000-8000-000000000042","019c18d5-62e1-7000-8000-000000000003","2","2","False"
"01a0aed7-0d9b-7af1-bead-ca4465fda246","400504220","ا ع د 8536","A E D 8536","019c18d5-62e1-7000-8000-000000000042","019c18d5-62e1-7000-8000-000000000005","2","2","False"
"01a0aed7-0d9c-7c21-aba3-cae876591761","486123220","ا ط ي 3907","A T V 3907","019c18d5-62e1-7000-8000-000000000041","019c18d5-62e1-7000-8000-000000000003","2","2","False"
"01a0aed7-0d96-77b4-8f76-cb14145eff0c","740699020","ر ا 1559","R A 1559","019c18d5-62e1-7000-8000-000000000041","019c18d5-62e1-7000-8000-000000000003","1","2","False"
"01a0aed7-0d93-7a33-a2a4-cb3fbc5ffdf1","117817220","ق ب 6972","G B 6972","019c18d5-62e1-7000-8000-000000000041","019c18d5-62e1-7000-8000-000000000003","1","3","False"
"01a0aed7-0d99-7587-a72e-cb458781652e","119404220","س ب ن 5180","S B N 5180","019c18d5-62e1-7000-8000-000000000042","019c18d5-62e1-7000-8000-000000000003","2","2","False"
"01a0aed7-0d92-79dc-989c-cbf35a0b383d","527229810","ا ص ي 1912","A X V 1912","019c18d5-62e1-7000-8000-000000000041","019c18d5-62e1-7000-8000-000000000003","2","6","False"
"01a0aed7-0d92-7035-8300-cc981022e9b9","359205020","د ا 1907","D A 1907","019c18d5-62e1-7000-8000-000000000041","019c18d5-62e1-7000-8000-000000000003","1","1","False"
"01a0aed7-0d94-793f-b0ca-ccbcfda1b9d9","376594220","ق ب 5738","G B 5738","019c18d5-62e1-7000-8000-000000000041","019c18d5-62e1-7000-8000-000000000005","1","5","False"
"01a0aed7-0d93-7fb4-94ff-cdb04949f37b","687773120","ط ب 4175","T B 4175","019c18d5-62e1-7000-8000-000000000041","019c18d5-62e1-7000-8000-000000000003","1","1","False"
"01a0aed7-0d91-7d09-8351-cdccfc585516","771873120","ط ب 4169","T B 4169","019c18d5-62e1-7000-8000-000000000041","019c18d5-62e1-7000-8000-000000000003","1","2","False"
"01a0aed7-0d95-7c56-a7c2-cdd6708d63f6","605035120","ح ب 1031","J B 1031","019c18d5-62e1-7000-8000-000000000041","019c18d5-62e1-7000-8000-000000000003","1","2","False"
"01a0aed7-0d94-74b5-8d7a-cea06c49a4af","744035120","ح ب 1035","J B 1035","019c18d5-62e1-7000-8000-000000000041","019c18d5-62e1-7000-8000-000000000003","1","5","False"
"01a0aed7-0d92-7643-b55e-cef2c945f96a","986817220","ق ب 6971","G B 6971","019c18d5-62e1-7000-8000-000000000041","019c18d5-62e1-7000-8000-000000000003","1","3","False"
"01a0aed7-0d97-73d4-a455-cf6971a2c2a6","833489910","ر س 865","R S 865","019c18d5-62e1-7000-8000-000000000042","019c18d5-62e1-7000-8000-000000000003","1","7","False"
"01a0aed7-0d9b-7699-a492-cf94f2c5dca3","581604220","ا ط س 1091","A T S 1091","019c18d5-62e1-7000-8000-000000000042","019c18d5-62e1-7000-8000-000000000003","2","2","False"
"01a0aed7-0d93-7b5c-a66e-cfc12c40fd7f","844727220","ق ب 6475","G B 6475","019c18d5-62e1-7000-8000-000000000041","019c18d5-62e1-7000-8000-000000000003","1","3","False"
"01a0aed7-0d97-7d80-9581-d08de1748493","116113810","ا ط ي 7706","A T V 7706","019c18d5-62e1-7000-8000-000000000040","019c18d5-62e1-7000-8000-000000000005","2","1","False"
"01a0aed7-0d92-7734-85a5-d0acdeeecc7a","93839910","ب ص ي 4486","B X V 4486","019c18d5-62e1-7000-8000-000000000041","019c18d5-62e1-7000-8000-000000000003","2","1","False"
"01a0aed7-0d91-736b-8d5a-d14f3e367bad","45933020","ح ا 8332","J A 8332","019c18d5-62e1-7000-8000-000000000041","019c18d5-62e1-7000-8000-000000000003","1","2","False"
"01a0aed7-0d96-77fa-a981-d15d1083bf1e","248473220","ه ا 2974","H A 2974","019c18d5-62e1-7000-8000-000000000041","019c18d5-62e1-7000-8000-000000000003","1","2","False"
"01a0aed7-0d9a-77de-bf6e-d21aaa91bb88","643304220","س ب ن 5143","S B N 5143","019c18d5-62e1-7000-8000-000000000042","019c18d5-62e1-7000-8000-000000000003","2","2","False"
"01a0aed7-0d9c-759e-ab74-d2fa5e260376","637123220","س ح د 5138","S J D 5138","019c18d5-62e1-7000-8000-000000000041","019c18d5-62e1-7000-8000-000000000003","2","2","False"
"01a0aed7-0d95-75aa-a298-d32fc4a7866d","874035120","ح ب 1033","J B 1033","019c18d5-62e1-7000-8000-000000000041","019c18d5-62e1-7000-8000-000000000003","1","2","False"
"01a0aed7-0d9b-749c-846b-d35ab22bc9a5","861504220","س ب ن 5205","S B N 5205","019c18d5-62e1-7000-8000-000000000042","019c18d5-62e1-7000-8000-000000000003","2","2","False"
"01a0aed7-0d95-78de-8418-d3fe0d88a5cb","754306220","ه ا 6382","H A 6382","019c18d5-62e1-7000-8000-000000000041","019c18d5-62e1-7000-8000-000000000003","1","2","False"
"01a0aed7-0d9a-7489-a0a2-d4a5e04f9b7c","832304220","س ب ن 5134","S B N 5134","019c18d5-62e1-7000-8000-000000000042","019c18d5-62e1-7000-8000-000000000005","2","7","False"
"01a0aed7-0d94-7fdd-911e-d50eb896e1c3","969894220","ه ا 5765","H A 5765","019c18d5-62e1-7000-8000-000000000041","019c18d5-62e1-7000-8000-000000000003","1","2","False"
"01a0aed7-0d97-7329-be0e-d517f11960e5","866032810","د ه ب 5635","D H B 5635","019c18d5-62e1-7000-8000-000000000040","019c18d5-62e1-7000-8000-000000000005","2","1","False"
"01a0aed7-0d9b-7d5f-88ac-d6496cd106c2","231604220","ا ط س 1086","A T S 1086","019c18d5-62e1-7000-8000-000000000042","019c18d5-62e1-7000-8000-000000000003","2","2","False"
"01a0aed7-0d95-777d-ae69-d6c3f666cbf9","500994220","ق ب 5744","G B 5744","019c18d5-62e1-7000-8000-000000000041","019c18d5-62e1-7000-8000-000000000005","1","1","False"
"17e5e0fa-ac2a-4326-989d-d6c4b2c0d1e1","299842120","ر م ي 1125","R M Y 1125","019c18d5-62e1-7000-8000-000000000041","019c18d5-62e1-7000-8000-000000000005","2","2","False"
"01a0aed7-0d95-795c-9c51-d7bb0faf7a5b","49694220","ه ا 3695","H A 3695","019c18d5-62e1-7000-8000-000000000041","019c18d5-62e1-7000-8000-000000000003","1","2","False"
"01a0aed7-0d9a-72e9-86a6-d8665260dcee","522353220","ا ط د 3403","A T D 3403","019c18d5-62e1-7000-8000-000000000042","019c18d5-62e1-7000-8000-000000000003","2","2","False"
"4a36d5e3-15fe-4552-a594-d89556a01732","979842120","ر م ي 1124","R M Y 1124","019c18d5-62e1-7000-8000-000000000041","019c18d5-62e1-7000-8000-000000000005","2","1","False"
"01a0aed7-0d9b-7450-ba29-d8a8195fe86e","399504220","ا ط س 1073","A T S 1073","019c18d5-62e1-7000-8000-000000000042","019c18d5-62e1-7000-8000-000000000005","2","2","False"
"01a0aed7-0d97-7df0-8419-d9da61d5a7b9","707342810","د ه ك 5039","D H K 5039","019c18d5-62e1-7000-8000-000000000040","019c18d5-62e1-7000-8000-000000000005","2","2","False"
"01a0aed7-0d93-7127-a35f-d9db8a0a02de","271032020","ح ا 6163","J A 6163","019c18d5-62e1-7000-8000-000000000041","019c18d5-62e1-7000-8000-000000000003","1","2","False"
"01a0aed7-0d9b-7a4c-a325-da6db71de414","740604220","ا ط س 1077","A T S 1077","019c18d5-62e1-7000-8000-000000000042","019c18d5-62e1-7000-8000-000000000005","2","2","False"
"01a0aed7-0d99-7b61-837b-daa90d7bf28a","202353220","ا ط د 3412","A T D 3412","019c18d5-62e1-7000-8000-000000000042","019c18d5-62e1-7000-8000-000000000003","2","2","False"
"01a0aed7-0d95-76de-a474-daae932c4263","747717220","ق ب 6964","G B 6964","019c18d5-62e1-7000-8000-000000000041","019c18d5-62e1-7000-8000-000000000003","1","3","False"
"01a0aed7-0d99-7233-8039-dae448f23b23","473438120","ا ص س 2316","A X S 2316","019c18d5-62e1-7000-8000-000000000042","019c18d5-62e1-7000-8000-000000000003","2","2","False"
"01a0aed7-0d99-7115-863e-daf9e5c2715b","375304220","1985 أ ع س","1985 S E A","019c18d5-62e1-7000-8000-000000000042","019c18d5-62e1-7000-8000-000000000003","2","2","False"
"01a0aed7-0d91-79d5-8e8a-db3c9eecd72c","920705220","ه ا 5815","H A 5815","019c18d5-62e1-7000-8000-000000000041","019c18d5-62e1-7000-8000-000000000003","1","2","False"
"01a0aed7-0d9b-7b4b-a880-dc4b13ed270e","650504220","س ب ن 5192","S B N 5192","019c18d5-62e1-7000-8000-000000000042","019c18d5-62e1-7000-8000-000000000003","2","2","False"
"01a0aed7-0d96-7c1c-b638-dca7da15c50e","76717220","ق ب 6962","G B 6962","019c18d5-62e1-7000-8000-000000000041","019c18d5-62e1-7000-8000-000000000003","1","3","False"
"01a0aed7-0d93-73f0-b6f4-dd1745b8f4f2","115994220","ه ا 5752","H A 5752","019c18d5-62e1-7000-8000-000000000041","019c18d5-62e1-7000-8000-000000000003","1","2","False"
"01a0aed7-0d98-7d57-b35e-de085c9a2be1","31438120","ا ص س 2303","A X S 2303","019c18d5-62e1-7000-8000-000000000042","019c18d5-62e1-7000-8000-000000000003","2","4","False"
"01a0aed7-0d9c-7fd9-aaa1-deea97af03b3","508123220","ا ط ن 4235","A T N 4235","019c18d5-62e1-7000-8000-000000000041","019c18d5-62e1-7000-8000-000000000005","2","2","False"
"01a0aed7-0d98-79f9-ab2b-df182bb68c9c","171438120","ا ص س 2306","A X S 2306","019c18d5-62e1-7000-8000-000000000042","019c18d5-62e1-7000-8000-000000000003","2","2","False"
"01a0aed7-0d97-7c10-b755-df77b57b4306","529710020","ح ا 2889","J A 2889","019c18d5-62e1-7000-8000-000000000042","019c18d5-62e1-7000-8000-000000000003","1","5","False"
"01a0aed7-0d97-7a40-a0b4-e000b89b6915","732609710","د م ا 1592","D Z A 1592","019c18d5-62e1-7000-8000-000000000040","019c18d5-62e1-7000-8000-000000000005","2","1","False"
"01a0aed7-0d99-7ed2-91bb-e05b2c522f77","333953220","ا ط د 3665","A T D 3665","019c18d5-62e1-7000-8000-000000000042","019c18d5-62e1-7000-8000-000000000003","2","2","False"
"01a0aed7-0d99-7d07-9b44-e0628fe301e2","205573220","ا ط ح 1247","A T J 1247","019c18d5-62e1-7000-8000-000000000042","019c18d5-62e1-7000-8000-000000000003","2","2","False"
"01a0aed7-0d9c-7f7a-8084-e0c3e58d7c65","20233220","س ح د 5524","S J D 5524","019c18d5-62e1-7000-8000-000000000040","019c18d5-62e1-7000-8000-000000000003","2","2","False"
"01a0aed7-0d95-7a36-be24-e0e12cfb67a5","979694220","ه ا 3728","H A 3728","019c18d5-62e1-7000-8000-000000000041","019c18d5-62e1-7000-8000-000000000003","1","2","False"
"01a0aed7-0d99-7b52-a8b9-e0edfe911be0","272304220","ا ط ط 1027","A T T 1027","019c18d5-62e1-7000-8000-000000000042","019c18d5-62e1-7000-8000-000000000005","2","7","False"
"01a0aed7-0d9a-71ac-b48d-e1167c743fc4","738404220","س ب ن 5171","S B N 5171","019c18d5-62e1-7000-8000-000000000042","019c18d5-62e1-7000-8000-000000000003","2","3","False"
"01a0aed7-0d99-7d82-bd54-e151afb2b84e","355304220","س ب ن 5157","S B N 5157","019c18d5-62e1-7000-8000-000000000042","019c18d5-62e1-7000-8000-000000000003","2","4","False"
"01a0aed7-0d93-7a9b-b640-e19dc339672a","219605220","ه ا 5811","H A 5811","019c18d5-62e1-7000-8000-000000000041","019c18d5-62e1-7000-8000-000000000003","1","2","False"
"01a0aed7-0d95-7d99-b0e2-e1a6065fe0a1","98605220","ه ا 5810","H A 5810","019c18d5-62e1-7000-8000-000000000041","019c18d5-62e1-7000-8000-000000000003","1","2","False"
"01a0aed7-0d9d-7f61-8005-e1af792e330c","799123220","س ح د 5160","S J D 5160","019c18d5-62e1-7000-8000-000000000040","019c18d5-62e1-7000-8000-000000000003","2","2","False"
"01a0aed7-0d96-7697-931d-e20682dd7f6e","231873120","ط ب 4170","T B 4170","019c18d5-62e1-7000-8000-000000000041","019c18d5-62e1-7000-8000-000000000003","1","1","False"
"01a0aed7-0d98-7aa2-8f94-e20b82306514","701438120","ا ص س 2302","A X S 2302","019c18d5-62e1-7000-8000-000000000042","019c18d5-62e1-7000-8000-000000000003","2","2","False"
"01a0aed7-0d91-737c-bfaa-e22a5e301b6b","551032020","ح ا 6160","J A 6160","019c18d5-62e1-7000-8000-000000000041","019c18d5-62e1-7000-8000-000000000003","1","6","False"
"01a0aed7-0d95-7591-a096-e24851f9fff0","319627220","ق ب 6491","G B 6491","019c18d5-62e1-7000-8000-000000000041","019c18d5-62e1-7000-8000-000000000003","1","3","False"
"01a0aed7-0d95-7224-b4c0-e2c923774f26","939205020","د ا 1908","D A 1908","019c18d5-62e1-7000-8000-000000000041","019c18d5-62e1-7000-8000-000000000003","1","1","False"
"01a0aed7-0d9b-7057-a9b9-e2cc3f6a333f","291438120","ا ص س 2308","A X S 2308","019c18d5-62e1-7000-8000-000000000042","019c18d5-62e1-7000-8000-000000000003","2","4","False"
"01a0aed7-0d9b-7903-889e-e3e883eccc13","399404220","س ب ن 5188","S B N 5188","019c18d5-62e1-7000-8000-000000000042","019c18d5-62e1-7000-8000-000000000003","2","2","False"
"01a0aed7-0d96-73d6-8c65-e404b8159c7d","89894220","ه ا 5766","H A 5766","019c18d5-62e1-7000-8000-000000000041","019c18d5-62e1-7000-8000-000000000003","1","2","False"
"01a0aed7-0d98-79fd-92df-e4d1b39d05e5","890438120","ا ص س 2301","A X S 2301","019c18d5-62e1-7000-8000-000000000042","019c18d5-62e1-7000-8000-000000000003","2","2","False"
"01a0aed7-0d92-7a82-9d70-e563485fe5e4","591973220","ه ا 3045","H A 3045","019c18d5-62e1-7000-8000-000000000041","019c18d5-62e1-7000-8000-000000000003","1","2","False"
"01a0aed7-0d9b-7fa1-b6f7-e611fe298fd6","300223220","ا ط ن 4284","A T N 4284","019c18d5-62e1-7000-8000-000000000041","019c18d5-62e1-7000-8000-000000000003","2","2","False"
"01a0aed7-0d92-78e9-b91f-e629680fde7f","255043120","د ب 9966","D B 9966","019c18d5-62e1-7000-8000-000000000041","019c18d5-62e1-7000-8000-000000000003","1","2","False"
"01a0aed7-0d94-7188-9255-e6f7161b61bf","410947020","ط ا 6611","T A 6611","019c18d5-62e1-7000-8000-000000000041","019c18d5-62e1-7000-8000-000000000003","1","6","False"
"01a0aed7-0d94-74aa-9745-e7abfec9b453","619473220","ه ا 2980","H A 2980","019c18d5-62e1-7000-8000-000000000041","019c18d5-62e1-7000-8000-000000000003","1","2","False"
"01a0aed7-0d95-7c0b-b801-e8a23e0ef449","535705220","ه ا 5818","H A 5818","019c18d5-62e1-7000-8000-000000000041","019c18d5-62e1-7000-8000-000000000003","1","7","False"
"01a0aed7-0d97-7b37-8e8d-e8d3476fb8c8","597170810","د ن ع 5071","D N E 5071","019c18d5-62e1-7000-8000-000000000041","019c18d5-62e1-7000-8000-000000000005","2","6","False"
"01a0aed7-0d97-7a97-a22c-e97dbd477e80","857426910","ا ط ب 2254","A T B 2254","019c18d5-62e1-7000-8000-000000000040","019c18d5-62e1-7000-8000-000000000005","2","2","False"
"01a0aed7-0d9a-7e38-9c4c-e9e1f6958eae","788404220","س ب ن 5177","S B N 5177","019c18d5-62e1-7000-8000-000000000042","019c18d5-62e1-7000-8000-000000000003","2","2","False"
"01a0aed7-0d99-766b-a181-e9fc787dbc8c","971438120","ا ص س 2307","A X S 2307","019c18d5-62e1-7000-8000-000000000042","019c18d5-62e1-7000-8000-000000000005","2","2","False"
"01a0aed7-0d98-7efa-b4d7-ea61dd6d200b","32153220","ا ط د 3390","A T D 3390","019c18d5-62e1-7000-8000-000000000042","019c18d5-62e1-7000-8000-000000000003","2","2","False"
"01a0aed7-0d9c-78b5-b01b-ea86e47f8be8","633223220","س ح د 5269","S J D 5269","019c18d5-62e1-7000-8000-000000000041","019c18d5-62e1-7000-8000-000000000003","2","2","False"
"01a0aed7-0d99-7eb9-a414-ebcce7d8ce49","526123220","ا ط س 4134","A T S 4134","019c18d5-62e1-7000-8000-000000000042","019c18d5-62e1-7000-8000-000000000005","2","2","False"
"01a0aed7-0d95-7801-b0c1-ec872932876e","825035120","ح ب 1027","J B 1027","019c18d5-62e1-7000-8000-000000000041","019c18d5-62e1-7000-8000-000000000003","1","2","False"
"01a0aed7-0d99-711a-b582-ec8b76840628","215304220","س ب ن 5154","S B N 5154","019c18d5-62e1-7000-8000-000000000042","019c18d5-62e1-7000-8000-000000000003","2","2","False"
"01a0aed7-0d91-7dd5-9b1b-ed11c824bad2","455705220","ه ا 5819","H A 5819","019c18d5-62e1-7000-8000-000000000041","019c18d5-62e1-7000-8000-000000000003","1","1","False"
"01a0aed7-0d92-7024-8adb-ed675e83a918","410101120","ا ب 6134","A B 6134","019c18d5-62e1-7000-8000-000000000041","019c18d5-62e1-7000-8000-000000000003","1","1","False"
"01a0aed7-0d9d-7359-afe7-ed8515bd7b5d","835123220","س ح د 5123","S J D 5123","019c18d5-62e1-7000-8000-000000000040","019c18d5-62e1-7000-8000-000000000003","2","2","False"
"01a0aed7-0d95-73ae-81e8-ee1a62ef0d29","203406020","ط ا 6517","T A 6517","019c18d5-62e1-7000-8000-000000000041","019c18d5-62e1-7000-8000-000000000003","1","1","False"
"01a0aed7-0d9c-7ccd-8e63-ee5576561679","965123220","س ح د 5125","S J D 5125","019c18d5-62e1-7000-8000-000000000041","019c18d5-62e1-7000-8000-000000000003","2","2","False"
"01a0aed7-0d9a-78b4-a17a-ee7ba4054c01","798404220","س ب ن 5178","S B N 5178","019c18d5-62e1-7000-8000-000000000042","019c18d5-62e1-7000-8000-000000000003","2","2","False"
"01a0aed7-0d98-7f8e-ac13-eea9d77b9bd3","280438120","ا ص س 2333","A X S 2333","019c18d5-62e1-7000-8000-000000000042","019c18d5-62e1-7000-8000-000000000003","2","2","False"
"01a0aed7-0d91-786a-8107-eeb3b44d51cf","467229810","ا ص ه 5190","A X H 5190","019c18d5-62e1-7000-8000-000000000041","019c18d5-62e1-7000-8000-000000000003","2","6","False"
"01a0aed7-0d99-79d8-9865-ef116527959a","459123220","ا ط س 4136","A T S 4136","019c18d5-62e1-7000-8000-000000000042","019c18d5-62e1-7000-8000-000000000003","2","2","False"
"01a0aed7-0d92-776b-b524-ef38f113acd1","792194220","ق ب 5705","G B 5705","019c18d5-62e1-7000-8000-000000000041","019c18d5-62e1-7000-8000-000000000005","1","2","False"
"01a0aed7-0d91-7dd1-8e12-ef81eb7422a8","41973220","ه ا 3039","H A 3039","019c18d5-62e1-7000-8000-000000000041","019c18d5-62e1-7000-8000-000000000003","1","2","False"
"01a0aed7-0d98-7c6b-bf66-f008f4f29863","12353220","ا ط د 3413","A T D 3413","019c18d5-62e1-7000-8000-000000000042","019c18d5-62e1-7000-8000-000000000003","2","2","False"
"01a0aed7-0d9a-7bca-ba69-f0651a4e9d27","807404220","س ب ن 5160","S B N 5160","019c18d5-62e1-7000-8000-000000000042","019c18d5-62e1-7000-8000-000000000003","2","7","False"
"01a0aed7-0d96-7d3e-ae2f-f09c58173e44","571765020","ك ع 850","K E 850","019c18d5-62e1-7000-8000-000000000041","019c18d5-62e1-7000-8000-000000000003","1","1","False"
"01a0aed7-0d95-7df0-be98-f1e8756d0e60","779400120","ر ا 1610","R A 1610","019c18d5-62e1-7000-8000-000000000041","019c18d5-62e1-7000-8000-000000000003","1","2","False"
"01a0aed7-0d9b-792c-af14-f247c014a7b6","151604220","ا ط س 1088","A T S 1088","019c18d5-62e1-7000-8000-000000000042","019c18d5-62e1-7000-8000-000000000005","2","2","False"
"01a0aed7-0d9d-7261-9528-f29499cd8f27","183123220","س ح د 5114","S J D 5114","019c18d5-62e1-7000-8000-000000000040","019c18d5-62e1-7000-8000-000000000003","2","2","False"
"01a0aed7-0d93-7249-a620-f2b38cb05ebd","394110120","ر ا 1675","R A 1675","019c18d5-62e1-7000-8000-000000000041","019c18d5-62e1-7000-8000-000000000003","1","6","False"
"01a0aed7-0d92-7a75-8da6-f323a7245adb","57229810","ا ص ه 6195","A X H 6195","019c18d5-62e1-7000-8000-000000000041","019c18d5-62e1-7000-8000-000000000003","2","7","False"
"01a0aed7-0d98-72e0-8e46-f423e8466ebd","887338120","ا ص س 2317","A X S 2317","019c18d5-62e1-7000-8000-000000000042","019c18d5-62e1-7000-8000-000000000003","2","7","False"
"01a0aed7-0d93-751f-a7ae-f4542114f4f2","763727220","ق ب 6474","G B 6474","019c18d5-62e1-7000-8000-000000000041","019c18d5-62e1-7000-8000-000000000003","1","3","False"
"01a0aed7-0d93-7346-a9ae-f49206582e75","71586220","ه ا 9054","H A 9054","019c18d5-62e1-7000-8000-000000000041","019c18d5-62e1-7000-8000-000000000003","1","2","False"
"01a0aed7-0d9a-794a-ba86-f4d8b992c648","467404220","س ب ن 5166","S B N 5166","019c18d5-62e1-7000-8000-000000000042","019c18d5-62e1-7000-8000-000000000003","2","2","False"
"01a0aed7-0d96-7ffc-927a-f513ccbb2a0c","460136220","ه ا 6659","H A 6659","019c18d5-62e1-7000-8000-000000000041","019c18d5-62e1-7000-8000-000000000003","1","2","False"
"01a0aed7-0d96-71e7-9860-f595bd84cff9","950873120","ط ب 4172","T B 4172","019c18d5-62e1-7000-8000-000000000041","019c18d5-62e1-7000-8000-000000000003","1","2","False"
"01a0aed7-0d9a-7485-a001-f67261120a59","911353220","ا ط د 3366","A T D 3366","019c18d5-62e1-7000-8000-000000000042","019c18d5-62e1-7000-8000-000000000003","2","2","False"
"01a0aed7-0d96-718f-a732-f68109c74fe9","882193120","ط ب 4226","T B 4226","019c18d5-62e1-7000-8000-000000000041","019c18d5-62e1-7000-8000-000000000003","1","5","False"
"01a0aed7-0d9c-7f91-8277-f6960079e451","884223220","س ح د 5280","S J D 5280","019c18d5-62e1-7000-8000-000000000041","019c18d5-62e1-7000-8000-000000000003","2","6","False"
"01a0aed7-0d9b-7e44-b7b4-f6b65c889430","472604220","ا ط س 1098","A T S 1098","019c18d5-62e1-7000-8000-000000000042","019c18d5-62e1-7000-8000-000000000005","2","2","False"
"01a0aed7-0d9b-7bf2-95c3-f6c689706f05","380504220","س ب ن 5195","S B N 5195","019c18d5-62e1-7000-8000-000000000042","019c18d5-62e1-7000-8000-000000000003","2","4","False"
"01a0aed7-0d92-7fca-b54c-f6db8a2a7c5a","565043120","د ب 9968","D B 9968","019c18d5-62e1-7000-8000-000000000041","019c18d5-62e1-7000-8000-000000000003","1","2","False"
"01a0aed7-0d95-79a0-9360-f6ff24cbec21","292189020","ر ا 1420","R A 1420","019c18d5-62e1-7000-8000-000000000041","019c18d5-62e1-7000-8000-000000000003","1","6","False"
"01a0aed7-0d92-7435-954c-f71a5fc72c15","755933020","ح ا 8331","J A 8331","019c18d5-62e1-7000-8000-000000000041","019c18d5-62e1-7000-8000-000000000003","1","6","False"
"01a0aed7-0d9c-700e-9a0e-f7528f32e8a3","357123220","س ح د 5140","S J D 5140","019c18d5-62e1-7000-8000-000000000041","019c18d5-62e1-7000-8000-000000000003","2","2","False"
"01a0aed7-0d92-7b45-9dc7-f76819506af2","594727220","ق ب 6479","G B 6479","019c18d5-62e1-7000-8000-000000000041","019c18d5-62e1-7000-8000-000000000003","1","3","False"
"01a0aed7-0d94-7766-bf29-f7a77e0cd74d","792873120","ط ب 4167","T B 4167","019c18d5-62e1-7000-8000-000000000041","019c18d5-62e1-7000-8000-000000000003","1","2","False"
"01a0aed7-0d97-7146-8928-f917c918a2a4","382489910","ر س 863","R S 863","019c18d5-62e1-7000-8000-000000000042","019c18d5-62e1-7000-8000-000000000003","1","7","False"
"01a0aed7-0d92-7925-b473-f98ce4a59149","256931020","ح ا 4764","J A 4764","019c18d5-62e1-7000-8000-000000000041","019c18d5-62e1-7000-8000-000000000003","1","7","False"
"01a0aed7-0d96-7f9e-903c-f9c2af174018","41586220","ه ا 9052","H A 9052","019c18d5-62e1-7000-8000-000000000041","019c18d5-62e1-7000-8000-000000000003","1","2","False"
"01a0aed7-0d9c-765f-a2fb-f9e6ecca8b4e","592223220","ا ط ن 4234","A T N 4234","019c18d5-62e1-7000-8000-000000000041","019c18d5-62e1-7000-8000-000000000003","2","2","False"
"01a0aed7-0d9c-77d2-bb2d-fa9a5a78e9d2","362223220","ا ط ن 3750","A T N 3750","019c18d5-62e1-7000-8000-000000000041","019c18d5-62e1-7000-8000-000000000003","2","2","False"
"01a0aed7-0d95-7e0c-b020-fbf634f7af2d","980101120","ا ب 6089","A B 6089","019c18d5-62e1-7000-8000-000000000041","019c18d5-62e1-7000-8000-000000000003","1","1","False"
"01a0aed7-0d99-70bd-87d2-fc1c2a09f756","409404220","س ب ن 5179","S B N 5179","019c18d5-62e1-7000-8000-000000000042","019c18d5-62e1-7000-8000-000000000003","2","2","False"
"01a0aed7-0d96-7951-b53e-fc3202babff2","762189020","ر ا 1416","R A 1416","019c18d5-62e1-7000-8000-000000000041","019c18d5-62e1-7000-8000-000000000003","1","7","False"
"01a0aed7-0d9a-7e15-85bf-fc3afab12ffd","763304220","س ب ن 5144","S B N 5144","019c18d5-62e1-7000-8000-000000000042","019c18d5-62e1-7000-8000-000000000005","2","2","False"
"01a0aed7-0d9b-7ff4-af2e-fc74b20f20f9","821504220","1987 ا ع س","1987 A E S","019c18d5-62e1-7000-8000-000000000042","019c18d5-62e1-7000-8000-000000000003","2","2","False"
"01a0aed7-0d98-7c4b-83e9-fd054ff68372","220438120","ا ص س 2327","A X S 2327","019c18d5-62e1-7000-8000-000000000042","019c18d5-62e1-7000-8000-000000000005","2","2","False"
"01a0aed7-0d9a-7eef-bdf0-fd522e395982","518404220","ا ع س 2430","A E S 2430","019c18d5-62e1-7000-8000-000000000042","019c18d5-62e1-7000-8000-000000000003","2","2","False"
"01a0aed7-0d96-7b4f-b724-fe0a6be011e8","458473220","ه ا 2976","H A 2976","019c18d5-62e1-7000-8000-000000000041","019c18d5-62e1-7000-8000-000000000003","1","2","False"
"01a0aed7-0d94-7e02-971d-fe0d6971091f","737817220","ق ب 6973","G B 6973","019c18d5-62e1-7000-8000-000000000041","019c18d5-62e1-7000-8000-000000000003","1","3","False"
"01a0aed7-0d9b-7c81-b660-fee60b9bf121","711604220","ا ط س 1085","A T S 1085","019c18d5-62e1-7000-8000-000000000042","019c18d5-62e1-7000-8000-000000000003","2","1","False"
"01a0aed7-0d94-75bd-82fc-ff1d3ffd751a","882406020","ط ا 6518","T A 6518","019c18d5-62e1-7000-8000-000000000041","019c18d5-62e1-7000-8000-000000000003","1","1","False"
"01a0aed7-0d9d-7635-b3c0-ff33f5271003","244223220","س ح د 5275","S J D 5275","019c18d5-62e1-7000-8000-000000000040","019c18d5-62e1-7000-8000-000000000003","2","2","False"
"01a0aed7-0d9c-7c20-aa37-ffe8af813cdf","664123220","س ح د 5120","S J D 5120","019c18d5-62e1-7000-8000-000000000041","019c18d5-62e1-7000-8000-000000000003","2","2","False"
